<ImportExportXml version="6.0.0001.0061" SolutionPackageVersion="6.0" languagecode="1033" generatedBy="OnPremise" xmlns:xsi="http://www.w3.org/2001/XMLSchema-instance">
  <SolutionManifest>
    <UniqueName>AdxstudioForumsWorkflows</UniqueName>
    <LocalizedNames>
      <LocalizedName description="Adxstudio Forums Workflows" languagecode="1033" />
    </LocalizedNames>
    <Descriptions>
      <Description description="Workflow processes utilized by Adxstudio Forums." languagecode="1033" />
    </Descriptions>
    <Version>7.0.0005</Version>
    <Managed>1</Managed>
    <Publisher>
      <UniqueName>adxstudio</UniqueName>
      <LocalizedNames>
        <LocalizedName description="Adxstudio Inc." languagecode="1033" />
      </LocalizedNames>
      <Descriptions>
        <Description description="Adxstudio brings qualified expertise in web portal and CMS frameworks to Microsoft Dynamics CRM with xRM Portals (CfMD), an integrated bundle of web portal accelerators which add sophisticated content management, event coordination, membership, profile and self-service capabilities to Dynamics CRM." languagecode="1033" />
      </Descriptions>
      <EMailAddress>support@adxstudio.com</EMailAddress>
      <SupportingWebsiteUrl>http://www.adxstudio.com</SupportingWebsiteUrl>
      <CustomizationPrefix>adx</CustomizationPrefix>
      <CustomizationOptionValuePrefix>75615</CustomizationOptionValuePrefix>
      <Addresses>
        <Address>
          <AddressNumber>1</AddressNumber>
          <AddressTypeCode>1</AddressTypeCode>
          <City xsi:nil="true"></City>
          <County xsi:nil="true"></County>
          <Country xsi:nil="true"></Country>
          <Fax xsi:nil="true"></Fax>
          <FreightTermsCode xsi:nil="true"></FreightTermsCode>
          <ImportSequenceNumber xsi:nil="true"></ImportSequenceNumber>
          <Latitude xsi:nil="true"></Latitude>
          <Line1 xsi:nil="true"></Line1>
          <Line2 xsi:nil="true"></Line2>
          <Line3 xsi:nil="true"></Line3>
          <Longitude xsi:nil="true"></Longitude>
          <Name xsi:nil="true"></Name>
          <PostalCode xsi:nil="true"></PostalCode>
          <PostOfficeBox xsi:nil="true"></PostOfficeBox>
          <PrimaryContactName xsi:nil="true"></PrimaryContactName>
          <ShippingMethodCode>1</ShippingMethodCode>
          <StateOrProvince xsi:nil="true"></StateOrProvince>
          <Telephone1 xsi:nil="true"></Telephone1>
          <Telephone2 xsi:nil="true"></Telephone2>
          <Telephone3 xsi:nil="true"></Telephone3>
          <TimeZoneRuleVersionNumber xsi:nil="true"></TimeZoneRuleVersionNumber>
          <UPSZone xsi:nil="true"></UPSZone>
          <UTCOffset xsi:nil="true"></UTCOffset>
          <UTCConversionTimeZoneCode xsi:nil="true"></UTCConversionTimeZoneCode>
        </Address>
        <Address>
          <AddressNumber>2</AddressNumber>
          <AddressTypeCode>1</AddressTypeCode>
          <City xsi:nil="true"></City>
          <County xsi:nil="true"></County>
          <Country xsi:nil="true"></Country>
          <Fax xsi:nil="true"></Fax>
          <FreightTermsCode xsi:nil="true"></FreightTermsCode>
          <ImportSequenceNumber xsi:nil="true"></ImportSequenceNumber>
          <Latitude xsi:nil="true"></Latitude>
          <Line1 xsi:nil="true"></Line1>
          <Line2 xsi:nil="true"></Line2>
          <Line3 xsi:nil="true"></Line3>
          <Longitude xsi:nil="true"></Longitude>
          <Name xsi:nil="true"></Name>
          <PostalCode xsi:nil="true"></PostalCode>
          <PostOfficeBox xsi:nil="true"></PostOfficeBox>
          <PrimaryContactName xsi:nil="true"></PrimaryContactName>
          <ShippingMethodCode>1</ShippingMethodCode>
          <StateOrProvince xsi:nil="true"></StateOrProvince>
          <Telephone1 xsi:nil="true"></Telephone1>
          <Telephone2 xsi:nil="true"></Telephone2>
          <Telephone3 xsi:nil="true"></Telephone3>
          <TimeZoneRuleVersionNumber xsi:nil="true"></TimeZoneRuleVersionNumber>
          <UPSZone xsi:nil="true"></UPSZone>
          <UTCOffset xsi:nil="true"></UTCOffset>
          <UTCConversionTimeZoneCode xsi:nil="true"></UTCConversionTimeZoneCode>
        </Address>
      </Addresses>
    </Publisher>
    <RootComponents>
      <RootComponent type="29" id="{70d2aa98-fd83-4d60-a8d2-f52d2c7dfa42}" />
    </RootComponents>
    <MissingDependencies>
      <MissingDependency>
        <Required key="0" type="1" schemaName="adx_forumnotification" displayName="Forum Notification" solution="Active" />
        <Dependent key="1" type="29" displayName="ADX Forum Notification" id="{70d2aa98-fd83-4d60-a8d2-f52d2c7dfa42}" />
      </MissingDependency>
      <MissingDependency>
        <Required key="2" type="1" schemaName="adx_webpage" displayName="Web Page" solution="AdxstudioPortalsDependencies (1.0.0023)" />
        <Dependent key="1" type="29" displayName="ADX Forum Notification" id="{70d2aa98-fd83-4d60-a8d2-f52d2c7dfa42}" />
      </MissingDependency>
      <MissingDependency>
        <Required key="3" type="1" schemaName="adx_communityforumpost" displayName="Forum Post" solution="Active" />
        <Dependent key="1" type="29" displayName="ADX Forum Notification" id="{70d2aa98-fd83-4d60-a8d2-f52d2c7dfa42}" />
      </MissingDependency>
      <MissingDependency>
        <Required key="4" type="1" schemaName="adx_communityforum" displayName="Forum" solution="Active" />
        <Dependent key="1" type="29" displayName="ADX Forum Notification" id="{70d2aa98-fd83-4d60-a8d2-f52d2c7dfa42}" />
      </MissingDependency>
      <MissingDependency>
        <Required key="5" type="2" schemaName="adx_recipient" displayName="Recipient" parentSchemaName="adx_forumnotification" parentDisplayName="Forum Notification" solution="Active" />
        <Dependent key="1" type="29" displayName="ADX Forum Notification" id="{70d2aa98-fd83-4d60-a8d2-f52d2c7dfa42}" />
      </MissingDependency>
      <MissingDependency>
        <Required key="6" type="2" schemaName="adx_partialurl" displayName="Partial Url" parentSchemaName="adx_webpage" parentDisplayName="Web Page" solution="AdxstudioPortalsDependencies (1.0.0023)" />
        <Dependent key="1" type="29" displayName="ADX Forum Notification" id="{70d2aa98-fd83-4d60-a8d2-f52d2c7dfa42}" />
      </MissingDependency>
      <MissingDependency>
        <Required key="7" type="2" schemaName="ownerid" displayName="Owner" parentSchemaName="adx_communityforum" parentDisplayName="Forum" solution="Active" />
        <Dependent key="1" type="29" displayName="ADX Forum Notification" id="{70d2aa98-fd83-4d60-a8d2-f52d2c7dfa42}" />
      </MissingDependency>
      <MissingDependency>
        <Required key="8" type="2" schemaName="adx_name" displayName="Name" parentSchemaName="adx_communityforumpost" parentDisplayName="Forum Post" solution="Active" />
        <Dependent key="1" type="29" displayName="ADX Forum Notification" id="{70d2aa98-fd83-4d60-a8d2-f52d2c7dfa42}" />
      </MissingDependency>
      <MissingDependency>
        <Required key="9" type="2" schemaName="adx_webpageid" displayName="Web Page" parentSchemaName="adx_webpage" parentDisplayName="Web Page" solution="AdxstudioPortalsDependencies (1.0.0023)" />
        <Dependent key="1" type="29" displayName="ADX Forum Notification" id="{70d2aa98-fd83-4d60-a8d2-f52d2c7dfa42}" />
      </MissingDependency>
      <MissingDependency>
        <Required key="10" type="2" schemaName="adx_forum" displayName="Forum" parentSchemaName="adx_forumnotification" parentDisplayName="Forum Notification" solution="Active" />
        <Dependent key="1" type="29" displayName="ADX Forum Notification" id="{70d2aa98-fd83-4d60-a8d2-f52d2c7dfa42}" />
      </MissingDependency>
      <MissingDependency>
        <Required key="11" type="2" schemaName="adx_forumparentpage" displayName="Forum Parent Page" parentSchemaName="adx_forumnotification" parentDisplayName="Forum Notification" solution="Active" />
        <Dependent key="1" type="29" displayName="ADX Forum Notification" id="{70d2aa98-fd83-4d60-a8d2-f52d2c7dfa42}" />
      </MissingDependency>
      <MissingDependency>
        <Required key="12" type="2" schemaName="adx_communityforumpostid" displayName="Forum Post" parentSchemaName="adx_communityforumpost" parentDisplayName="Forum Post" solution="Active" />
        <Dependent key="1" type="29" displayName="ADX Forum Notification" id="{70d2aa98-fd83-4d60-a8d2-f52d2c7dfa42}" />
      </MissingDependency>
      <MissingDependency>
        <Required key="13" type="2" schemaName="adx_name" displayName="Name" parentSchemaName="adx_communityforum" parentDisplayName="Forum" solution="Active" />
        <Dependent key="1" type="29" displayName="ADX Forum Notification" id="{70d2aa98-fd83-4d60-a8d2-f52d2c7dfa42}" />
      </MissingDependency>
      <MissingDependency>
        <Required key="14" type="2" schemaName="adx_name" displayName="Name" parentSchemaName="adx_forumnotification" parentDisplayName="Forum Notification" solution="Active" />
        <Dependent key="1" type="29" displayName="ADX Forum Notification" id="{70d2aa98-fd83-4d60-a8d2-f52d2c7dfa42}" />
      </MissingDependency>
      <MissingDependency>
        <Required key="15" type="2" schemaName="adx_partialurl" displayName="Partial Url" parentSchemaName="adx_communityforum" parentDisplayName="Forum" solution="Active" />
        <Dependent key="1" type="29" displayName="ADX Forum Notification" id="{70d2aa98-fd83-4d60-a8d2-f52d2c7dfa42}" />
      </MissingDependency>
      <MissingDependency>
        <Required key="16" type="2" schemaName="adx_forumthreadid" displayName="Forum Thread Id" parentSchemaName="adx_forumnotification" parentDisplayName="Forum Notification" solution="Active" />
        <Dependent key="1" type="29" displayName="ADX Forum Notification" id="{70d2aa98-fd83-4d60-a8d2-f52d2c7dfa42}" />
      </MissingDependency>
      <MissingDependency>
        <Required key="17" type="2" schemaName="adx_forumthreadid" displayName="Forum Thread" parentSchemaName="adx_communityforumpost" parentDisplayName="Forum Post" solution="Active" />
        <Dependent key="1" type="29" displayName="ADX Forum Notification" id="{70d2aa98-fd83-4d60-a8d2-f52d2c7dfa42}" />
      </MissingDependency>
      <MissingDependency>
        <Required key="18" type="2" schemaName="adx_forumnotificationid" displayName="Forum Notification" parentSchemaName="adx_forumnotification" parentDisplayName="Forum Notification" solution="Active" />
        <Dependent key="1" type="29" displayName="ADX Forum Notification" id="{70d2aa98-fd83-4d60-a8d2-f52d2c7dfa42}" />
      </MissingDependency>
      <MissingDependency>
        <Required key="19" type="2" schemaName="adx_name" displayName="Name" parentSchemaName="adx_webpage" parentDisplayName="Web Page" solution="AdxstudioPortalsDependencies (1.0.0023)" />
        <Dependent key="1" type="29" displayName="ADX Forum Notification" id="{70d2aa98-fd83-4d60-a8d2-f52d2c7dfa42}" />
      </MissingDependency>
      <MissingDependency>
        <Required key="20" type="2" schemaName="adx_communityforumid" displayName="Forum" parentSchemaName="adx_communityforum" parentDisplayName="Forum" solution="Active" />
        <Dependent key="1" type="29" displayName="ADX Forum Notification" id="{70d2aa98-fd83-4d60-a8d2-f52d2c7dfa42}" />
      </MissingDependency>
      <MissingDependency>
        <Required key="21" type="2" schemaName="adx_forumpost" displayName="Forum Post" parentSchemaName="adx_forumnotification" parentDisplayName="Forum Notification" solution="Active" />
        <Dependent key="1" type="29" displayName="ADX Forum Notification" id="{70d2aa98-fd83-4d60-a8d2-f52d2c7dfa42}" />
      </MissingDependency>
      <MissingDependency>
        <Required key="22" type="2" schemaName="adx_forumpostid" displayName="Forum Post Id" parentSchemaName="adx_forumnotification" parentDisplayName="Forum Notification" solution="Active" />
        <Dependent key="1" type="29" displayName="ADX Forum Notification" id="{70d2aa98-fd83-4d60-a8d2-f52d2c7dfa42}" />
      </MissingDependency>
      <MissingDependency>
        <Required key="23" type="10" schemaName="adx_communityforum_forumnotification" solution="Active" />
        <Dependent key="1" type="29" displayName="ADX Forum Notification" id="{70d2aa98-fd83-4d60-a8d2-f52d2c7dfa42}" />
      </MissingDependency>
      <MissingDependency>
        <Required key="24" type="10" schemaName="adx_communityforumpost_forumnotification" solution="Active" />
        <Dependent key="1" type="29" displayName="ADX Forum Notification" id="{70d2aa98-fd83-4d60-a8d2-f52d2c7dfa42}" />
      </MissingDependency>
      <MissingDependency>
        <Required key="25" type="10" schemaName="adx_webpage_forumnotification" solution="Active" />
        <Dependent key="1" type="29" displayName="ADX Forum Notification" id="{70d2aa98-fd83-4d60-a8d2-f52d2c7dfa42}" />
      </MissingDependency>
    </MissingDependencies>
  </SolutionManifest>
</ImportExportXml>