<Components xmlns:xsd="http://www.w3.org/2001/XMLSchema" xmlns:xsi="http://www.w3.org/2001/XMLSchema-instance" xmlns="http://schemas.microsoft.com/crm/2009/"><Component><Id>eda26f1e-dbcc-40ad-91f2-ff2878d1d8d8</Id><Name>Entitlement Contacts</Name><ComponentType>26</ComponentType><TypeName>Saved Query</TypeName><ParentEntity>Contact</ParentEntity><Action>Remove</Action><Comments><Comment>The Saved Query Entitlement Contacts hasn't been added to the solution because it's a new Saved Query, or it contains components that won't work in earlier versions of CRM. 
    </Comment></Comments></Component><Component><Id>73980706-148d-4ca1-b203-123e568a9fa7</Id><Name>Email Sender Name</Name><ComponentType>2</ComponentType><TypeName>Attribute</TypeName><ParentEntity>Email</ParentEntity><Action>Remove</Action><Comments><Comment>The Attribute Email Sender Name hasn't been added to the solution because it's a new Attribute, or it contains components that won't work in earlier versions of CRM. 
    </Comment></Comments></Component><Component><Id>3d8e8200-d166-4873-bf70-d1e3a60a219a</Id><Name>Email Sender Type</Name><ComponentType>2</ComponentType><TypeName>Attribute</TypeName><ParentEntity>Email</ParentEntity><Action>Remove</Action><Comments><Comment>The Attribute Email Sender Type hasn't been added to the solution because it's a new Attribute, or it contains components that won't work in earlier versions of CRM. 
    </Comment></Comments></Component><Component><Id>8c2d7f13-4d1e-41cf-afbc-6ef45063ea56</Id><Name>Email Sender Account Name</Name><ComponentType>2</ComponentType><TypeName>Attribute</TypeName><ParentEntity>Email</ParentEntity><Action>Remove</Action><Comments><Comment>The Attribute Email Sender Account Name hasn't been added to the solution because it's a new Attribute, or it contains components that won't work in earlier versions of CRM. 
    </Comment></Comments></Component><Component><Id>eb698c6f-8861-4299-9bc0-ef0e1f48db58</Id><Name>Email Sender yomi Name</Name><ComponentType>2</ComponentType><TypeName>Attribute</TypeName><ParentEntity>Email</ParentEntity><Action>Remove</Action><Comments><Comment>The Attribute Email Sender yomi Name hasn't been added to the solution because it's a new Attribute, or it contains components that won't work in earlier versions of CRM. 
    </Comment></Comments></Component><Component><Id>dc89078e-bf3b-4b64-9394-96b6e2938e01</Id><Name> SendersAccount Type</Name><ComponentType>2</ComponentType><TypeName>Attribute</TypeName><ParentEntity>Email</ParentEntity><Action>Remove</Action><Comments><Comment>The Attribute  SendersAccount Type hasn't been added to the solution because it's a new Attribute, or it contains components that won't work in earlier versions of CRM. 
    </Comment></Comments></Component><Component><Id>06a100b6-696a-4f81-82b6-91618395cd6d</Id><Name>Email Sender Account yomi Name</Name><ComponentType>2</ComponentType><TypeName>Attribute</TypeName><ParentEntity>Email</ParentEntity><Action>Remove</Action><Comments><Comment>The Attribute Email Sender Account yomi Name hasn't been added to the solution because it's a new Attribute, or it contains components that won't work in earlier versions of CRM. 
    </Comment></Comments></Component><Component><Id>243fe7e4-4294-4ec3-823d-1bd9d7334d75</Id><Name>Sentiment Value</Name><ComponentType>2</ComponentType><TypeName>Attribute</TypeName><ParentEntity>Case</ParentEntity><Action>Remove</Action><Comments><Comment>The Attribute Sentiment Value hasn't been added to the solution because it's a new Attribute, or it contains components that won't work in earlier versions of CRM. 
    </Comment></Comments></Component><Component><Id>03b61028-0800-4921-8bf0-241e9694d216</Id><Name>First Response Sent</Name><ComponentType>2</ComponentType><TypeName>Attribute</TypeName><ParentEntity>Case</ParentEntity><Action>Remove</Action><Comments><Comment>The Attribute First Response Sent hasn't been added to the solution because it's a new Attribute, or it contains components that won't work in earlier versions of CRM. 
    </Comment></Comments></Component><Component><Id>f0f2e162-da67-4444-9dc6-01ec814dd7d6</Id><Name>First Response SLA Status</Name><ComponentType>2</ComponentType><TypeName>Attribute</TypeName><ParentEntity>Case</ParentEntity><Action>Remove</Action><Comments><Comment>The Attribute First Response SLA Status hasn't been added to the solution because it's a new Attribute, or it contains components that won't work in earlier versions of CRM. 
    </Comment></Comments></Component><Component><Id>cc228258-aba6-420b-a59f-b11706260393</Id><Name>Received As</Name><ComponentType>2</ComponentType><TypeName>Attribute</TypeName><ParentEntity>Case</ParentEntity><Action>Remove</Action><Comments><Comment>The Attribute Received As hasn't been added to the solution because it's a new Attribute, or it contains components that won't work in earlier versions of CRM. 
    </Comment></Comments></Component><Component><Id>2f8acd2f-ce33-436f-a8da-bb0d6252c67c</Id><Name>Internal Use Only</Name><ComponentType>2</ComponentType><TypeName>Attribute</TypeName><ParentEntity>Case</ParentEntity><Action>Remove</Action><Comments><Comment>The Attribute Internal Use Only hasn't been added to the solution because it's a new Attribute, or it contains components that won't work in earlier versions of CRM. 
    </Comment></Comments></Component><Component><Id>b04c87eb-b26c-4bb6-94fb-ae6c12b55eb6</Id><Name>Customer Contacted</Name><ComponentType>2</ComponentType><TypeName>Attribute</TypeName><ParentEntity>Case</ParentEntity><Action>Remove</Action><Comments><Comment>The Attribute Customer Contacted hasn't been added to the solution because it's a new Attribute, or it contains components that won't work in earlier versions of CRM. 
    </Comment></Comments></Component><Component><Id>a28378f8-4f52-46be-bab9-bb35f4fc4574</Id><Name>Escalated On</Name><ComponentType>2</ComponentType><TypeName>Attribute</TypeName><ParentEntity>Case</ParentEntity><Action>Remove</Action><Comments><Comment>The Attribute Escalated On hasn't been added to the solution because it's a new Attribute, or it contains components that won't work in earlier versions of CRM. 
    </Comment></Comments></Component><Component><Id>225dddf1-69b0-447f-8463-3c2c7e1e8d90</Id><Name>Resolve By</Name><ComponentType>2</ComponentType><TypeName>Attribute</TypeName><ParentEntity>Case</ParentEntity><Action>Remove</Action><Comments><Comment>The Attribute Resolve By hasn't been added to the solution because it's a new Attribute, or it contains components that won't work in earlier versions of CRM. 
    </Comment></Comments></Component><Component><Id>1ba720ac-5a93-4d2e-8127-6b1019f008a6</Id><Name>Route Case</Name><ComponentType>2</ComponentType><TypeName>Attribute</TypeName><ParentEntity>Case</ParentEntity><Action>Remove</Action><Comments><Comment>The Attribute Route Case hasn't been added to the solution because it's a new Attribute, or it contains components that won't work in earlier versions of CRM. 
    </Comment></Comments></Component><Component><Id>2e2f06f0-d96e-455d-a82b-7755081086ac</Id><Name>Influence Score</Name><ComponentType>2</ComponentType><TypeName>Attribute</TypeName><ParentEntity>Case</ParentEntity><Action>Remove</Action><Comments><Comment>The Attribute Influence Score hasn't been added to the solution because it's a new Attribute, or it contains components that won't work in earlier versions of CRM. 
    </Comment></Comments></Component><Component><Id>8db39230-2cac-437d-a61c-fedd3fe9722b</Id><Name>Blocked Profile</Name><ComponentType>2</ComponentType><TypeName>Attribute</TypeName><ParentEntity>Case</ParentEntity><Action>Remove</Action><Comments><Comment>The Attribute Blocked Profile hasn't been added to the solution because it's a new Attribute, or it contains components that won't work in earlier versions of CRM. 
    </Comment></Comments></Component><Component><Id>c579966a-6d25-478d-af30-c01f2486f251</Id><Name>IsEscalated</Name><ComponentType>2</ComponentType><TypeName>Attribute</TypeName><ParentEntity>Case</ParentEntity><Action>Remove</Action><Comments><Comment>The Attribute IsEscalated hasn't been added to the solution because it's a new Attribute, or it contains components that won't work in earlier versions of CRM. 
    </Comment></Comments></Component><Component><Id>1637a284-a8b5-4b29-93ff-0e1e0f8466fc</Id><Name>Resolve By SLA Status</Name><ComponentType>2</ComponentType><TypeName>Attribute</TypeName><ParentEntity>Case</ParentEntity><Action>Remove</Action><Comments><Comment>The Attribute Resolve By SLA Status hasn't been added to the solution because it's a new Attribute, or it contains components that won't work in earlier versions of CRM. 
    </Comment></Comments></Component><Component><Id>35e625d1-1d8d-408b-89a7-fefb24dac969</Id><Name>First Response By</Name><ComponentType>2</ComponentType><TypeName>Attribute</TypeName><ParentEntity>Case</ParentEntity><Action>Remove</Action><Comments><Comment>The Attribute First Response By hasn't been added to the solution because it's a new Attribute, or it contains components that won't work in earlier versions of CRM. 
    </Comment></Comments></Component><Component><Id>00000000-0000-0000-00aa-000010001028</Id><Name>My Active Cases</Name><ComponentType>26</ComponentType><TypeName>Saved Query</TypeName><ParentEntity>Case</ParentEntity><Action>Edit</Action><Comments><Comment>The View My Active Cases has been modified to remove the reference to Attribute First Response By because this component won’t work in earlier versions of CRM.</Comment><Comment>The View My Active Cases has been modified to remove the reference to Attribute Resolve By because this component won’t work in earlier versions of CRM.</Comment></Comments></Component><Component><Id>00000000-0000-0000-00aa-000010001029</Id><Name>My Resolved Cases</Name><ComponentType>26</ComponentType><TypeName>Saved Query</TypeName><ParentEntity>Case</ParentEntity><Action>Edit</Action><Comments><Comment>The View My Resolved Cases has been modified to remove the reference to Attribute Resolve By because this component won’t work in earlier versions of CRM.</Comment></Comments></Component><Component><Id>00000000-0000-0000-00aa-000010001032</Id><Name>Active Cases</Name><ComponentType>26</ComponentType><TypeName>Saved Query</TypeName><ParentEntity>Case</ParentEntity><Action>Edit</Action><Comments><Comment>The View Active Cases has been modified to remove the reference to Attribute First Response By because this component won’t work in earlier versions of CRM.</Comment><Comment>The View Active Cases has been modified to remove the reference to Attribute Resolve By because this component won’t work in earlier versions of CRM.</Comment></Comments></Component><Component><Id>00000000-0000-0000-00aa-000010001034</Id><Name>Resolved Cases</Name><ComponentType>26</ComponentType><TypeName>Saved Query</TypeName><ParentEntity>Case</ParentEntity><Action>Edit</Action><Comments><Comment>The View Resolved Cases has been modified to remove the reference to Attribute Resolve By because this component won’t work in earlier versions of CRM.</Comment></Comments></Component><Component><Id>2d5e1400-f86d-df11-986c-00155d2e3002</Id><Name>My Team Members' Resolved Cases</Name><ComponentType>26</ComponentType><TypeName>Saved Query</TypeName><ParentEntity>Case</ParentEntity><Action>Edit</Action><Comments><Comment>The View My Team Members' Resolved Cases has been modified to remove the reference to Attribute Resolve By because this component won’t work in earlier versions of CRM.</Comment></Comments></Component><Component><Id>429bd987-ac6f-df11-986c-00155d2e3002</Id><Name>Active Cases Opened in the Last 7 days</Name><ComponentType>26</ComponentType><TypeName>Saved Query</TypeName><ParentEntity>Case</ParentEntity><Action>Edit</Action><Comments><Comment>The View Active Cases Opened in the Last 7 days has been modified to remove the reference to Attribute Resolve By because this component won’t work in earlier versions of CRM.</Comment></Comments></Component><Component><Id>460f1fad-2673-df11-986c-00155d2e3002</Id><Name>My Active Cases Opened in the Last 7 days</Name><ComponentType>26</ComponentType><TypeName>Saved Query</TypeName><ParentEntity>Case</ParentEntity><Action>Edit</Action><Comments><Comment>The View My Active Cases Opened in the Last 7 days has been modified to remove the reference to Attribute First Response By because this component won’t work in earlier versions of CRM.</Comment><Comment>The View My Active Cases Opened in the Last 7 days has been modified to remove the reference to Attribute Resolve By because this component won’t work in earlier versions of CRM.</Comment></Comments></Component><Component><Id>bad2fbea-2673-df11-986c-00155d2e3002</Id><Name>Cases Resolved By Me in the last 7 days</Name><ComponentType>26</ComponentType><TypeName>Saved Query</TypeName><ParentEntity>Case</ParentEntity><Action>Edit</Action><Comments><Comment>The View Cases Resolved By Me in the last 7 days has been modified to remove the reference to Attribute First Response By because this component won’t work in earlier versions of CRM.</Comment><Comment>The View Cases Resolved By Me in the last 7 days has been modified to remove the reference to Attribute Resolve By because this component won’t work in earlier versions of CRM.</Comment></Comments></Component><Component><Id>1853caa4-255f-df11-ae90-00155d2e3002</Id><Name>Cases Resolved in the last 7 days</Name><ComponentType>26</ComponentType><TypeName>Saved Query</TypeName><ParentEntity>Case</ParentEntity><Action>Edit</Action><Comments><Comment>The View Cases Resolved in the last 7 days has been modified to remove the reference to Attribute Resolve By because this component won’t work in earlier versions of CRM.</Comment></Comments></Component><Component><Id>c111f612-1563-df11-ae90-00155d2e3002</Id><Name>Cases Opened in the Last 7 days</Name><ComponentType>26</ComponentType><TypeName>Saved Query</TypeName><ParentEntity>Case</ParentEntity><Action>Edit</Action><Comments><Comment>The View Cases Opened in the Last 7 days has been modified to remove the reference to Attribute First Response By because this component won’t work in earlier versions of CRM.</Comment><Comment>The View Cases Opened in the Last 7 days has been modified to remove the reference to Attribute Resolve By because this component won’t work in earlier versions of CRM.</Comment></Comments></Component><Component><Id>ebd1d24a-eea7-e211-9fb6-00155dd0ea05</Id><Name>Recent Cases</Name><ComponentType>26</ComponentType><TypeName>Saved Query</TypeName><ParentEntity>Case</ParentEntity><Action>Edit</Action><Comments><Comment>The View Recent Cases has been modified to remove the reference to Attribute First Response By because this component won’t work in earlier versions of CRM.</Comment><Comment>The View Recent Cases has been modified to remove the reference to Attribute Resolve By because this component won’t work in earlier versions of CRM.</Comment></Comments></Component><Component><Id>6dfba3a1-6df3-4140-831b-b385c7e92b64</Id><Name>My Connections</Name><ComponentType>26</ComponentType><TypeName>Saved Query</TypeName><ParentEntity>Case</ParentEntity><Action>Edit</Action><Comments><Comment>The View My Connections has been modified to remove the reference to Attribute First Response By because this component won’t work in earlier versions of CRM.</Comment><Comment>The View My Connections has been modified to remove the reference to Attribute Resolve By because this component won’t work in earlier versions of CRM.</Comment></Comments></Component><Component><Id>332b5313-8e97-4b38-8778-1a95d57e3df8</Id><Name>Parent Case</Name><ComponentType>2</ComponentType><TypeName>Attribute</TypeName><ParentEntity>Case</ParentEntity><Action>Remove</Action><Comments><Comment>The Attribute Parent Case hasn't been added to the solution because it's a new Attribute, or it contains components that won't work in earlier versions of CRM. 
    </Comment></Comments></Component><Component><Id>d1ce6029-af26-4996-ac31-677f8daca4dc</Id><Name>Child Cases</Name><ComponentType>2</ComponentType><TypeName>Attribute</TypeName><ParentEntity>Case</ParentEntity><Action>Remove</Action><Comments><Comment>The Attribute Child Cases hasn't been added to the solution because it's a new Attribute, or it contains components that won't work in earlier versions of CRM. 
    </Comment></Comments></Component><Component><Id>4d3297df-c7f0-45f9-9e09-b5b9df223645</Id><Name>My Active Cases with Parent Child Status</Name><ComponentType>26</ComponentType><TypeName>Saved Query</TypeName><ParentEntity>Case</ParentEntity><Action>Remove</Action><Comments><Comment>The Saved Query My Active Cases with Parent Child Status hasn't been added to the solution because it's a new Saved Query, or it contains components that won't work in earlier versions of CRM. 
    </Comment></Comments></Component><Component><Id>95aa1763-3800-4d3e-906f-e81b4191ac8e</Id><Name>Active Cases with Parent Child Status</Name><ComponentType>26</ComponentType><TypeName>Saved Query</TypeName><ParentEntity>Case</ParentEntity><Action>Remove</Action><Comments><Comment>The Saved Query Active Cases with Parent Child Status hasn't been added to the solution because it's a new Saved Query, or it contains components that won't work in earlier versions of CRM. 
    </Comment></Comments></Component><Component><Id>5dbd358d-6670-4138-92b3-b5810fa2a0e8</Id><Name>Associate Child Cases View</Name><ComponentType>26</ComponentType><TypeName>Saved Query</TypeName><ParentEntity>Case</ParentEntity><Action>Remove</Action><Comments><Comment>The Saved Query Associate Child Cases View hasn't been added to the solution because it's a new Saved Query, or it contains components that won't work in earlier versions of CRM. 
    </Comment></Comments></Component><Component><Id>e1d7d576-da76-4f22-8a65-cc57e23c41bb</Id><Name>Merge Incident View</Name><ComponentType>26</ComponentType><TypeName>Saved Query</TypeName><ParentEntity>Case</ParentEntity><Action>Remove</Action><Comments><Comment>The Saved Query Merge Incident View hasn't been added to the solution because it's a new Saved Query, or it contains components that won't work in earlier versions of CRM. 
    </Comment></Comments></Component><Component><Id>72210bbb-d9d5-42df-8efd-39395a3cd7a7</Id><Name>Associated Cases</Name><ComponentType>26</ComponentType><TypeName>Saved Query</TypeName><ParentEntity>Case</ParentEntity><Action>Remove</Action><Comments><Comment>The Saved Query Associated Cases hasn't been added to the solution because it's a new Saved Query, or it contains components that won't work in earlier versions of CRM. 
    </Comment></Comments></Component><Component><Id>cfb670fe-d205-450f-8edb-8f247081adb5</Id><Name>Child Cases Grid Lookup View</Name><ComponentType>26</ComponentType><TypeName>Saved Query</TypeName><ParentEntity>Case</ParentEntity><Action>Remove</Action><Comments><Comment>The Saved Query Child Cases Grid Lookup View hasn't been added to the solution because it's a new Saved Query, or it contains components that won't work in earlier versions of CRM. 
    </Comment></Comments></Component><Component><Id>9ac51863-58c7-49a0-adcc-afd9a4c3ee59</Id><Name>Case Lookup View</Name><ComponentType>26</ComponentType><TypeName>Saved Query</TypeName><ParentEntity>Case</ParentEntity><Action>Remove</Action><Comments><Comment>The Saved Query Case Lookup View hasn't been added to the solution because it contains at least one Attribute that won't work in earlier versions of CRM. 
    </Comment></Comments></Component><Component><Id>d6bc80ca-763b-4236-a599-c52c1317e482</Id><Name>Case Creation Trend</Name><ComponentType>59</ComponentType><TypeName>Saved Query Visualization</TypeName><ParentEntity>Case</ParentEntity><Action>Remove</Action><Comments><Comment>The Saved Query Visualization Case Creation Trend hasn't been added to the solution because it's a new Saved Query Visualization, or it contains components that won't work in earlier versions of CRM. 
    </Comment></Comments></Component><Component><Id>ffd9d95a-0f67-40c1-9245-c393e3e443f0</Id><Name>Case Resolution Trend</Name><ComponentType>59</ComponentType><TypeName>Saved Query Visualization</TypeName><ParentEntity>Case</ParentEntity><Action>Remove</Action><Comments><Comment>The Saved Query Visualization Case Resolution Trend hasn't been added to the solution because it's a new Saved Query Visualization, or it contains components that won't work in earlier versions of CRM. 
    </Comment></Comments></Component><Component><Id>d5666449-b4bc-4134-b5f8-bd67b130315b</Id><Name>Case Mix by Incident Type</Name><ComponentType>59</ComponentType><TypeName>Saved Query Visualization</TypeName><ParentEntity>Case</ParentEntity><Action>Remove</Action><Comments><Comment>The Saved Query Visualization Case Mix by Incident Type hasn't been added to the solution because it's a new Saved Query Visualization, or it contains components that won't work in earlier versions of CRM. 
    </Comment></Comments></Component><Component><Id>997cbf5a-1c09-4990-b174-a8ef1530092b</Id><Name>Cases by SLA Status Over Week</Name><ComponentType>59</ComponentType><TypeName>Saved Query Visualization</TypeName><ParentEntity>Case</ParentEntity><Action>Remove</Action><Comments><Comment>The Saved Query Visualization Cases by SLA Status Over Week hasn't been added to the solution because it's a new Saved Query Visualization, or it contains components that won't work in earlier versions of CRM. 
    </Comment></Comments></Component><Component><Id>4143b74e-4a07-4d01-9ffe-2cdcaa4208fd</Id><Name>Active Case by Agent</Name><ComponentType>59</ComponentType><TypeName>Saved Query Visualization</TypeName><ParentEntity>Case</ParentEntity><Action>Remove</Action><Comments><Comment>The Saved Query Visualization Active Case by Agent hasn't been added to the solution because it's a new Saved Query Visualization, or it contains components that won't work in earlier versions of CRM. 
    </Comment></Comments></Component><Component><Id>c8adc34e-b0d0-e311-9420-00155d03a508</Id><Name>c8adc34e-b0d0-e311-9420-00155d03a508</Name><ComponentType>47</ComponentType><TypeName>Attribute Map</TypeName><ParentEntity /><Action>Remove</Action><Comments><Comment>The Attribute Map c8adc34e-b0d0-e311-9420-00155d03a508 hasn't been added to the solution because it contains at least one Attribute that won't work in earlier versions of CRM. 
    </Comment></Comments></Component><Component><Id>1cb0f550-7782-476f-a4cf-fd0678499d92</Id><Name>1cb0f550-7782-476f-a4cf-fd0678499d92</Name><ComponentType>2</ComponentType><TypeName>Attribute</TypeName><ParentEntity>Case</ParentEntity><Action>Remove</Action><Comments><Comment>The Attribute 1cb0f550-7782-476f-a4cf-fd0678499d92 hasn't been added to the solution because it's a new Attribute, or it contains components that won't work in earlier versions of CRM. 
    </Comment></Comments></Component><Component><Id>c9adc34e-b0d0-e311-9420-00155d03a508</Id><Name>c9adc34e-b0d0-e311-9420-00155d03a508</Name><ComponentType>47</ComponentType><TypeName>Attribute Map</TypeName><ParentEntity /><Action>Remove</Action><Comments><Comment>The Attribute Map c9adc34e-b0d0-e311-9420-00155d03a508 hasn't been added to the solution because it contains at least one Attribute that won't work in earlier versions of CRM. 
    </Comment></Comments></Component><Component><Id>a495bf5d-1b0b-4594-86f2-102e8d32b9e8</Id><Name>Master Case</Name><ComponentType>2</ComponentType><TypeName>Attribute</TypeName><ParentEntity>Case</ParentEntity><Action>Remove</Action><Comments><Comment>The Attribute Master Case hasn't been added to the solution because it's a new Attribute, or it contains components that won't work in earlier versions of CRM. 
    </Comment></Comments></Component><Component><Id>d5adc34e-b0d0-e311-9420-00155d03a508</Id><Name>d5adc34e-b0d0-e311-9420-00155d03a508</Name><ComponentType>47</ComponentType><TypeName>Attribute Map</TypeName><ParentEntity /><Action>Remove</Action><Comments><Comment>The Attribute Map d5adc34e-b0d0-e311-9420-00155d03a508 hasn't been added to the solution because it contains at least one Attribute that won't work in earlier versions of CRM. 
    </Comment></Comments></Component><Component><Id>34ce38e3-4252-418b-98a5-c0118e0f8eaa</Id><Name>34ce38e3-4252-418b-98a5-c0118e0f8eaa</Name><ComponentType>2</ComponentType><TypeName>Attribute</TypeName><ParentEntity>Case</ParentEntity><Action>Remove</Action><Comments><Comment>The Attribute 34ce38e3-4252-418b-98a5-c0118e0f8eaa hasn't been added to the solution because it's a new Attribute, or it contains components that won't work in earlier versions of CRM. 
    </Comment></Comments></Component><Component><Id>d6adc34e-b0d0-e311-9420-00155d03a508</Id><Name>d6adc34e-b0d0-e311-9420-00155d03a508</Name><ComponentType>47</ComponentType><TypeName>Attribute Map</TypeName><ParentEntity /><Action>Remove</Action><Comments><Comment>The Attribute Map d6adc34e-b0d0-e311-9420-00155d03a508 hasn't been added to the solution because it contains at least one Attribute that won't work in earlier versions of CRM. 
    </Comment></Comments></Component><Component><Id>54cf6aed-e2bb-419f-980d-bbd7f223ae37</Id><Name>Entitlement</Name><ComponentType>2</ComponentType><TypeName>Attribute</TypeName><ParentEntity>Case</ParentEntity><Action>Remove</Action><Comments><Comment>The Attribute Entitlement hasn't been added to the solution because it's a new Attribute, or it contains components that won't work in earlier versions of CRM. 
    </Comment></Comments></Component><Component><Id>ebadc34e-b0d0-e311-9420-00155d03a508</Id><Name>ebadc34e-b0d0-e311-9420-00155d03a508</Name><ComponentType>47</ComponentType><TypeName>Attribute Map</TypeName><ParentEntity /><Action>Remove</Action><Comments><Comment>The Attribute Map ebadc34e-b0d0-e311-9420-00155d03a508 hasn't been added to the solution because it contains at least one Attribute that won't work in earlier versions of CRM. 
    </Comment></Comments></Component><Component><Id>d38b0ab8-d426-4a48-a9fa-f9f9c7f3df6c</Id><Name>d38b0ab8-d426-4a48-a9fa-f9f9c7f3df6c</Name><ComponentType>2</ComponentType><TypeName>Attribute</TypeName><ParentEntity>Case</ParentEntity><Action>Remove</Action><Comments><Comment>The Attribute d38b0ab8-d426-4a48-a9fa-f9f9c7f3df6c hasn't been added to the solution because it's a new Attribute, or it contains components that won't work in earlier versions of CRM. 
    </Comment></Comments></Component><Component><Id>ecadc34e-b0d0-e311-9420-00155d03a508</Id><Name>ecadc34e-b0d0-e311-9420-00155d03a508</Name><ComponentType>47</ComponentType><TypeName>Attribute Map</TypeName><ParentEntity /><Action>Remove</Action><Comments><Comment>The Attribute Map ecadc34e-b0d0-e311-9420-00155d03a508 hasn't been added to the solution because it contains at least one Attribute that won't work in earlier versions of CRM. 
    </Comment></Comments></Component><Component><Id>4c67cb30-f5a7-e211-90dd-00155d2c1704</Id><Name>entitlement_Appointments</Name><ComponentType>10</ComponentType><TypeName>EntityRelationship</TypeName><ParentEntity>Appointment</ParentEntity><Action>Remove</Action><Comments><Comment>The EntityRelationship entitlement_Appointments hasn't been added to the solution because it's a new EntityRelationship, or it contains components that won't work in earlier versions of CRM. 
    </Comment></Comments></Component><Component><Id>5067cb30-f5a7-e211-90dd-00155d2c1704</Id><Name>entitlement_Emails</Name><ComponentType>10</ComponentType><TypeName>EntityRelationship</TypeName><ParentEntity>Email</ParentEntity><Action>Remove</Action><Comments><Comment>The EntityRelationship entitlement_Emails hasn't been added to the solution because it's a new EntityRelationship, or it contains components that won't work in earlier versions of CRM. 
    </Comment></Comments></Component><Component><Id>5867cb30-f5a7-e211-90dd-00155d2c1704</Id><Name>entitlement_Letters</Name><ComponentType>10</ComponentType><TypeName>EntityRelationship</TypeName><ParentEntity>Letter</ParentEntity><Action>Remove</Action><Comments><Comment>The EntityRelationship entitlement_Letters hasn't been added to the solution because it's a new EntityRelationship, or it contains components that won't work in earlier versions of CRM. 
    </Comment></Comments></Component><Component><Id>6067cb30-f5a7-e211-90dd-00155d2c1704</Id><Name>entitlement_ServiceAppointments</Name><ComponentType>10</ComponentType><TypeName>EntityRelationship</TypeName><ParentEntity>Service Activity</ParentEntity><Action>Remove</Action><Comments><Comment>The EntityRelationship entitlement_ServiceAppointments hasn't been added to the solution because it's a new EntityRelationship, or it contains components that won't work in earlier versions of CRM. 
    </Comment></Comments></Component><Component><Id>6467cb30-f5a7-e211-90dd-00155d2c1704</Id><Name>entitlement_Tasks</Name><ComponentType>10</ComponentType><TypeName>EntityRelationship</TypeName><ParentEntity>Task</ParentEntity><Action>Remove</Action><Comments><Comment>The EntityRelationship entitlement_Tasks hasn't been added to the solution because it's a new EntityRelationship, or it contains components that won't work in earlier versions of CRM. 
    </Comment></Comments></Component><Component><Id>7c67cb30-f5a7-e211-90dd-00155d2c1704</Id><Name>entitlement_Annotations</Name><ComponentType>10</ComponentType><TypeName>EntityRelationship</TypeName><ParentEntity>Note</ParentEntity><Action>Remove</Action><Comments><Comment>The EntityRelationship entitlement_Annotations hasn't been added to the solution because it's a new EntityRelationship, or it contains components that won't work in earlier versions of CRM. 
    </Comment></Comments></Component><Component><Id>9368cb30-f5a7-e211-90dd-00155d2c1704</Id><Name>entitlementchannel_Annotations</Name><ComponentType>10</ComponentType><TypeName>EntityRelationship</TypeName><ParentEntity>Note</ParentEntity><Action>Remove</Action><Comments><Comment>The EntityRelationship entitlementchannel_Annotations hasn't been added to the solution because it's a new EntityRelationship, or it contains components that won't work in earlier versions of CRM. 
    </Comment></Comments></Component><Component><Id>788fdb7b-f5a7-e211-90dd-00155d2c1704</Id><Name>entitlementtemplate_Appointments</Name><ComponentType>10</ComponentType><TypeName>EntityRelationship</TypeName><ParentEntity>Appointment</ParentEntity><Action>Remove</Action><Comments><Comment>The EntityRelationship entitlementtemplate_Appointments hasn't been added to the solution because it's a new EntityRelationship, or it contains components that won't work in earlier versions of CRM. 
    </Comment></Comments></Component><Component><Id>7c8fdb7b-f5a7-e211-90dd-00155d2c1704</Id><Name>entitlementtemplate_Emails</Name><ComponentType>10</ComponentType><TypeName>EntityRelationship</TypeName><ParentEntity>Email</ParentEntity><Action>Remove</Action><Comments><Comment>The EntityRelationship entitlementtemplate_Emails hasn't been added to the solution because it's a new EntityRelationship, or it contains components that won't work in earlier versions of CRM. 
    </Comment></Comments></Component><Component><Id>848fdb7b-f5a7-e211-90dd-00155d2c1704</Id><Name>entitlementtemplate_Letters</Name><ComponentType>10</ComponentType><TypeName>EntityRelationship</TypeName><ParentEntity>Letter</ParentEntity><Action>Remove</Action><Comments><Comment>The EntityRelationship entitlementtemplate_Letters hasn't been added to the solution because it's a new EntityRelationship, or it contains components that won't work in earlier versions of CRM. 
    </Comment></Comments></Component><Component><Id>8c8fdb7b-f5a7-e211-90dd-00155d2c1704</Id><Name>entitlementtemplate_ServiceAppointments</Name><ComponentType>10</ComponentType><TypeName>EntityRelationship</TypeName><ParentEntity>Service Activity</ParentEntity><Action>Remove</Action><Comments><Comment>The EntityRelationship entitlementtemplate_ServiceAppointments hasn't been added to the solution because it's a new EntityRelationship, or it contains components that won't work in earlier versions of CRM. 
    </Comment></Comments></Component><Component><Id>908fdb7b-f5a7-e211-90dd-00155d2c1704</Id><Name>entitlementtemplate_Tasks</Name><ComponentType>10</ComponentType><TypeName>EntityRelationship</TypeName><ParentEntity>Task</ParentEntity><Action>Remove</Action><Comments><Comment>The EntityRelationship entitlementtemplate_Tasks hasn't been added to the solution because it's a new EntityRelationship, or it contains components that won't work in earlier versions of CRM. 
    </Comment></Comments></Component><Component><Id>a88fdb7b-f5a7-e211-90dd-00155d2c1704</Id><Name>entitlementtemplate_Annotations</Name><ComponentType>10</ComponentType><TypeName>EntityRelationship</TypeName><ParentEntity>Note</ParentEntity><Action>Remove</Action><Comments><Comment>The EntityRelationship entitlementtemplate_Annotations hasn't been added to the solution because it's a new EntityRelationship, or it contains components that won't work in earlier versions of CRM. 
    </Comment></Comments></Component><Component><Id>91f70a66-e3b0-e211-a5fe-00155d2c1704</Id><Name>account_entitlement_Account</Name><ComponentType>10</ComponentType><TypeName>EntityRelationship</TypeName><ParentEntity>Entitlement</ParentEntity><Action>Remove</Action><Comments><Comment>The EntityRelationship account_entitlement_Account hasn't been added to the solution because it's a new EntityRelationship, or it contains components that won't work in earlier versions of CRM. 
    </Comment></Comments></Component><Component><Id>346e649e-e3b0-e211-a5fe-00155d2c1704</Id><Name>contact_entitlement_ContactId</Name><ComponentType>10</ComponentType><TypeName>EntityRelationship</TypeName><ParentEntity>Entitlement</ParentEntity><Action>Remove</Action><Comments><Comment>The EntityRelationship contact_entitlement_ContactId hasn't been added to the solution because it's a new EntityRelationship, or it contains components that won't work in earlier versions of CRM. 
    </Comment></Comments></Component><Component><Id>ad634653-9d42-450a-8b16-0c035113b4c3</Id><Name>Account_Email_SendersAccount</Name><ComponentType>10</ComponentType><TypeName>EntityRelationship</TypeName><ParentEntity>Email</ParentEntity><Action>Remove</Action><Comments><Comment>The EntityRelationship Account_Email_SendersAccount hasn't been added to the solution because it's a new EntityRelationship, or it contains components that won't work in earlier versions of CRM. 
    </Comment></Comments></Component><Component><Id>a5508e2d-4089-4a54-bf6e-0c093fc76c88</Id><Name>Account_Email_EmailSender</Name><ComponentType>10</ComponentType><TypeName>EntityRelationship</TypeName><ParentEntity>Email</ParentEntity><Action>Remove</Action><Comments><Comment>The EntityRelationship Account_Email_EmailSender hasn't been added to the solution because it's a new EntityRelationship, or it contains components that won't work in earlier versions of CRM. 
    </Comment></Comments></Component><Component><Id>433fc341-07d2-4fcc-a764-12f3537a5f5f</Id><Name>sla_cases</Name><ComponentType>10</ComponentType><TypeName>EntityRelationship</TypeName><ParentEntity>SLA</ParentEntity><Action>Remove</Action><Comments><Comment>The EntityRelationship sla_cases hasn't been added to the solution because it's a new EntityRelationship, or it contains components that won't work in earlier versions of CRM. 
    </Comment></Comments></Component><Component><Id>6df817cc-dae0-4ae4-909d-1a123f2b09c8</Id><Name>Incident_SocialActivities</Name><ComponentType>10</ComponentType><TypeName>EntityRelationship</TypeName><ParentEntity>Social Activity</ParentEntity><Action>Remove</Action><Comments><Comment>The EntityRelationship Incident_SocialActivities hasn't been added to the solution because it's a new EntityRelationship, or it contains components that won't work in earlier versions of CRM. 
    </Comment></Comments></Component><Component><Id>3564f0b1-4f79-434f-b801-1ac5b22a8bd4</Id><Name>Contact_SocialActivities</Name><ComponentType>10</ComponentType><TypeName>EntityRelationship</TypeName><ParentEntity>Contact</ParentEntity><Action>Remove</Action><Comments><Comment>The EntityRelationship Contact_SocialActivities hasn't been added to the solution because it's a new EntityRelationship, or it contains components that won't work in earlier versions of CRM. 
    </Comment></Comments></Component><Component><Id>6013d1d7-52bb-4b65-8c5b-1f57bfca694f</Id><Name>socialactivity_postauthor_contacts</Name><ComponentType>10</ComponentType><TypeName>EntityRelationship</TypeName><ParentEntity>Social Activity</ParentEntity><Action>Remove</Action><Comments><Comment>The EntityRelationship socialactivity_postauthor_contacts hasn't been added to the solution because it's a new EntityRelationship, or it contains components that won't work in earlier versions of CRM. 
    </Comment></Comments></Component><Component><Id>1228b162-ccc8-4f1d-99ba-1fda16549bfd</Id><Name>Opportunity_SharepointDocument</Name><ComponentType>10</ComponentType><TypeName>EntityRelationship</TypeName><ParentEntity>Sharepoint Document</ParentEntity><Action>Remove</Action><Comments><Comment>The EntityRelationship Opportunity_SharepointDocument hasn't been added to the solution because it's a new EntityRelationship, or it contains components that won't work in earlier versions of CRM. 
    </Comment></Comments></Component><Component><Id>8c4ca5b9-56b9-478c-a7db-27032cc045dd</Id><Name>routingrule_Annotation</Name><ComponentType>10</ComponentType><TypeName>EntityRelationship</TypeName><ParentEntity>Routing Rule Set</ParentEntity><Action>Remove</Action><Comments><Comment>The EntityRelationship routingrule_Annotation hasn't been added to the solution because it's a new EntityRelationship, or it contains components that won't work in earlier versions of CRM. 
    </Comment></Comments></Component><Component><Id>84cb617a-e14f-43ec-9ef5-2934ec49ded3</Id><Name>Lead_Email_EmailSender</Name><ComponentType>10</ComponentType><TypeName>EntityRelationship</TypeName><ParentEntity>Email</ParentEntity><Action>Remove</Action><Comments><Comment>The EntityRelationship Lead_Email_EmailSender hasn't been added to the solution because it's a new EntityRelationship, or it contains components that won't work in earlier versions of CRM. 
    </Comment></Comments></Component><Component><Id>c371d0be-4382-4f4d-b005-33e51475b9f5</Id><Name>sla_Annotation</Name><ComponentType>10</ComponentType><TypeName>EntityRelationship</TypeName><ParentEntity>SLA</ParentEntity><Action>Remove</Action><Comments><Comment>The EntityRelationship sla_Annotation hasn't been added to the solution because it's a new EntityRelationship, or it contains components that won't work in earlier versions of CRM. 
    </Comment></Comments></Component><Component><Id>d4c64960-3de6-407b-b451-3d262c370d30</Id><Name>lk_incident_ChildIncidentCount</Name><ComponentType>10</ComponentType><TypeName>EntityRelationship</TypeName><ParentEntity>Case</ParentEntity><Action>Remove</Action><Comments><Comment>The EntityRelationship lk_incident_ChildIncidentCount hasn't been added to the solution because it's a new EntityRelationship, or it contains components that won't work in earlier versions of CRM. 
    </Comment></Comments></Component><Component><Id>f71db7c7-3d2c-4815-839a-401ca551901e</Id><Name>entitlementcontacts_association</Name><ComponentType>10</ComponentType><TypeName>EntityRelationship</TypeName><ParentEntity>Contact</ParentEntity><Action>Remove</Action><Comments><Comment>The EntityRelationship entitlementcontacts_association hasn't been added to the solution because it's a new EntityRelationship, or it contains components that won't work in earlier versions of CRM. 
    </Comment></Comments></Component><Component><Id>00ed57ad-1f2b-405d-9142-65d2f4298447</Id><Name>Contact_Email_EmailSender</Name><ComponentType>10</ComponentType><TypeName>EntityRelationship</TypeName><ParentEntity>Contact</ParentEntity><Action>Remove</Action><Comments><Comment>The EntityRelationship Contact_Email_EmailSender hasn't been added to the solution because it's a new EntityRelationship, or it contains components that won't work in earlier versions of CRM. 
    </Comment></Comments></Component><Component><Id>801678d1-2853-4a06-9607-66d7462fe4a7</Id><Name>Account_SocialActivities</Name><ComponentType>10</ComponentType><TypeName>EntityRelationship</TypeName><ParentEntity>Social Activity</ParentEntity><Action>Remove</Action><Comments><Comment>The EntityRelationship Account_SocialActivities hasn't been added to the solution because it's a new EntityRelationship, or it contains components that won't work in earlier versions of CRM. 
    </Comment></Comments></Component><Component><Id>b77b8ae0-9f22-4b3c-af7a-6e2fdcdfa4c3</Id><Name>SocialActivity_PostAuthorAccount_accounts</Name><ComponentType>10</ComponentType><TypeName>EntityRelationship</TypeName><ParentEntity>Account</ParentEntity><Action>Remove</Action><Comments><Comment>The EntityRelationship SocialActivity_PostAuthorAccount_accounts hasn't been added to the solution because it's a new EntityRelationship, or it contains components that won't work in earlier versions of CRM. 
    </Comment></Comments></Component><Component><Id>1ab88cd1-9c71-471b-955f-704697c80f3d</Id><Name>Account_SharepointDocument</Name><ComponentType>10</ComponentType><TypeName>EntityRelationship</TypeName><ParentEntity>Account</ParentEntity><Action>Remove</Action><Comments><Comment>The EntityRelationship Account_SharepointDocument hasn't been added to the solution because it's a new EntityRelationship, or it contains components that won't work in earlier versions of CRM. 
    </Comment></Comments></Component><Component><Id>e53c8121-62f1-474f-a5b3-71373ba1079d</Id><Name>service_socialactivities</Name><ComponentType>10</ComponentType><TypeName>EntityRelationship</TypeName><ParentEntity>Social Activity</ParentEntity><Action>Remove</Action><Comments><Comment>The EntityRelationship service_socialactivities hasn't been added to the solution because it's a new EntityRelationship, or it contains components that won't work in earlier versions of CRM. 
    </Comment></Comments></Component><Component><Id>348cbaca-f065-451f-961e-76b387d907aa</Id><Name>SharePointDocument_Annotation</Name><ComponentType>10</ComponentType><TypeName>EntityRelationship</TypeName><ParentEntity>Sharepoint Document</ParentEntity><Action>Remove</Action><Comments><Comment>The EntityRelationship SharePointDocument_Annotation hasn't been added to the solution because it's a new EntityRelationship, or it contains components that won't work in earlier versions of CRM. 
    </Comment></Comments></Component><Component><Id>566d4cb1-7aa4-400a-847c-7a6f34a9073a</Id><Name>socialactivity_postauthoraccount_contacts</Name><ComponentType>10</ComponentType><TypeName>EntityRelationship</TypeName><ParentEntity>Social Activity</ParentEntity><Action>Remove</Action><Comments><Comment>The EntityRelationship socialactivity_postauthoraccount_contacts hasn't been added to the solution because it's a new EntityRelationship, or it contains components that won't work in earlier versions of CRM. 
    </Comment></Comments></Component><Component><Id>384b7720-bfb0-4347-91c8-7ba9f81392c2</Id><Name>Socialprofile_customer_contacts</Name><ComponentType>10</ComponentType><TypeName>EntityRelationship</TypeName><ParentEntity>Contact</ParentEntity><Action>Remove</Action><Comments><Comment>The EntityRelationship Socialprofile_customer_contacts hasn't been added to the solution because it's a new EntityRelationship, or it contains components that won't work in earlier versions of CRM. 
    </Comment></Comments></Component><Component><Id>c57d0ba1-3255-4efc-b3a8-7e5886b6cb31</Id><Name>Queue_Email_EmailSender</Name><ComponentType>10</ComponentType><TypeName>EntityRelationship</TypeName><ParentEntity>Email</ParentEntity><Action>Remove</Action><Comments><Comment>The EntityRelationship Queue_Email_EmailSender hasn't been added to the solution because it's a new EntityRelationship, or it contains components that won't work in earlier versions of CRM. 
    </Comment></Comments></Component><Component><Id>c8b0f425-97d8-4f39-bde9-99b1a036b600</Id><Name>SocialActivity_PostAuthor_accounts</Name><ComponentType>10</ComponentType><TypeName>EntityRelationship</TypeName><ParentEntity>Account</ParentEntity><Action>Remove</Action><Comments><Comment>The EntityRelationship SocialActivity_PostAuthor_accounts hasn't been added to the solution because it's a new EntityRelationship, or it contains components that won't work in earlier versions of CRM. 
    </Comment></Comments></Component><Component><Id>a801edcc-4608-4c45-8bc1-9f6cf366e9ec</Id><Name>Lead_SocialActivities</Name><ComponentType>10</ComponentType><TypeName>EntityRelationship</TypeName><ParentEntity>Lead</ParentEntity><Action>Remove</Action><Comments><Comment>The EntityRelationship Lead_SocialActivities hasn't been added to the solution because it's a new EntityRelationship, or it contains components that won't work in earlier versions of CRM. 
    </Comment></Comments></Component><Component><Id>82db2bf7-7df8-4da0-8f05-aeebce9f76aa</Id><Name>Equipment_Email_EmailSender</Name><ComponentType>10</ComponentType><TypeName>EntityRelationship</TypeName><ParentEntity>Email</ParentEntity><Action>Remove</Action><Comments><Comment>The EntityRelationship Equipment_Email_EmailSender hasn't been added to the solution because it's a new EntityRelationship, or it contains components that won't work in earlier versions of CRM. 
    </Comment></Comments></Component><Component><Id>0be4470e-07bc-48c5-80d8-b65bbb9939a4</Id><Name>routingruleitem_Annotation</Name><ComponentType>10</ComponentType><TypeName>EntityRelationship</TypeName><ParentEntity>Rule Item</ParentEntity><Action>Remove</Action><Comments><Comment>The EntityRelationship routingruleitem_Annotation hasn't been added to the solution because it's a new EntityRelationship, or it contains components that won't work in earlier versions of CRM. 
    </Comment></Comments></Component><Component><Id>2cb6f7c2-2613-4f1f-bc19-bbeddc44d34e</Id><Name>ConvertRule_Annotation</Name><ComponentType>10</ComponentType><TypeName>EntityRelationship</TypeName><ParentEntity>Note</ParentEntity><Action>Remove</Action><Comments><Comment>The EntityRelationship ConvertRule_Annotation hasn't been added to the solution because it's a new EntityRelationship, or it contains components that won't work in earlier versions of CRM. 
    </Comment></Comments></Component><Component><Id>5096e38f-ec05-48fe-92f1-bc480934335d</Id><Name>SocialActivity_Annotation</Name><ComponentType>10</ComponentType><TypeName>EntityRelationship</TypeName><ParentEntity>Note</ParentEntity><Action>Remove</Action><Comments><Comment>The EntityRelationship SocialActivity_Annotation hasn't been added to the solution because it's a new EntityRelationship, or it contains components that won't work in earlier versions of CRM. 
    </Comment></Comments></Component><Component><Id>22d659fa-031c-4e9f-837a-c29745e09cbe</Id><Name>KbArticle_SharepointDocument</Name><ComponentType>10</ComponentType><TypeName>EntityRelationship</TypeName><ParentEntity>Sharepoint Document</ParentEntity><Action>Remove</Action><Comments><Comment>The EntityRelationship KbArticle_SharepointDocument hasn't been added to the solution because it's a new EntityRelationship, or it contains components that won't work in earlier versions of CRM. 
    </Comment></Comments></Component><Component><Id>bc9ebc45-2470-441a-b333-d3083f9fb9e4</Id><Name>Socialprofile_customer_accounts</Name><ComponentType>10</ComponentType><TypeName>EntityRelationship</TypeName><ParentEntity>Account</ParentEntity><Action>Remove</Action><Comments><Comment>The EntityRelationship Socialprofile_customer_accounts hasn't been added to the solution because it's a new EntityRelationship, or it contains components that won't work in earlier versions of CRM. 
    </Comment></Comments></Component><Component><Id>5214cc1e-0253-4c4a-941b-d35e463d57cb</Id><Name>Invoice_SocialActivities</Name><ComponentType>10</ComponentType><TypeName>EntityRelationship</TypeName><ParentEntity>Social Activity</ParentEntity><Action>Remove</Action><Comments><Comment>The EntityRelationship Invoice_SocialActivities hasn't been added to the solution because it's a new EntityRelationship, or it contains components that won't work in earlier versions of CRM. 
    </Comment></Comments></Component><Component><Id>fcc02623-5161-4044-9d12-dc6e0589fc31</Id><Name>SystemUser_Email_EmailSender</Name><ComponentType>10</ComponentType><TypeName>EntityRelationship</TypeName><ParentEntity>User</ParentEntity><Action>Remove</Action><Comments><Comment>The EntityRelationship SystemUser_Email_EmailSender hasn't been added to the solution because it's a new EntityRelationship, or it contains components that won't work in earlier versions of CRM. 
    </Comment></Comments></Component><Component><Id>df303dda-a0b7-4cc1-aebd-dd1faa7ef972</Id><Name>SalesLiterature_SharepointDocument</Name><ComponentType>10</ComponentType><TypeName>EntityRelationship</TypeName><ParentEntity>Sales Literature</ParentEntity><Action>Remove</Action><Comments><Comment>The EntityRelationship SalesLiterature_SharepointDocument hasn't been added to the solution because it's a new EntityRelationship, or it contains components that won't work in earlier versions of CRM. 
    </Comment></Comments></Component><Component><Id>e4075824-37c2-4ec8-8cbf-f21aa28b7672</Id><Name>Lead_SharepointDocument</Name><ComponentType>10</ComponentType><TypeName>EntityRelationship</TypeName><ParentEntity>Sharepoint Document</ParentEntity><Action>Remove</Action><Comments><Comment>The EntityRelationship Lead_SharepointDocument hasn't been added to the solution because it's a new EntityRelationship, or it contains components that won't work in earlier versions of CRM. 
    </Comment></Comments></Component><Component><Id>89c95f17-9eee-426a-825f-f3a4e6b48d24</Id><Name>Opportunity_SocialActivities</Name><ComponentType>10</ComponentType><TypeName>EntityRelationship</TypeName><ParentEntity>Opportunity</ParentEntity><Action>Remove</Action><Comments><Comment>The EntityRelationship Opportunity_SocialActivities hasn't been added to the solution because it's a new EntityRelationship, or it contains components that won't work in earlier versions of CRM. 
    </Comment></Comments></Component></Components>