﻿<?xml version="1.0" encoding="utf-8"?>
<ImportExportXml version="6.1.0001.0132" SolutionPackageVersion="6.0" languagecode="1033" generatedBy="OnPremise" xmlns:xsi="http://www.w3.org/2001/XMLSchema-instance">
  <SolutionManifest>
    <UniqueName>AdxstudioSearch</UniqueName>
    <LocalizedNames>
      <LocalizedName description="Adxstudio Search" languagecode="1033" />
    </LocalizedNames>
    <Descriptions />
    <Version>1.0.0004</Version>
    <Managed>1</Managed>
    <ConfigurationPage>adx_search/configuration.html</ConfigurationPage>
    <Publisher>
      <UniqueName>adxstudio</UniqueName>
      <LocalizedNames>
        <LocalizedName description="Adxstudio Inc." languagecode="1033" />
      </LocalizedNames>
      <Descriptions />
      <EMailAddress>support@adxstudio.com</EMailAddress>
      <SupportingWebsiteUrl>http://www.adxstudio.com</SupportingWebsiteUrl>
      <CustomizationPrefix>adx</CustomizationPrefix>
      <CustomizationOptionValuePrefix>10000</CustomizationOptionValuePrefix>
      <Addresses>
        <Address>
          <AddressNumber>1</AddressNumber>
          <AddressTypeCode>1</AddressTypeCode>
          <City>Regina</City>
          <County xsi:nil="true"></County>
          <Country>Canada</Country>
          <Fax xsi:nil="true"></Fax>
          <FreightTermsCode xsi:nil="true"></FreightTermsCode>
          <ImportSequenceNumber xsi:nil="true"></ImportSequenceNumber>
          <Latitude xsi:nil="true"></Latitude>
          <Line1>200 - 1445 Park Street</Line1>
          <Line2 xsi:nil="true"></Line2>
          <Line3 xsi:nil="true"></Line3>
          <Longitude xsi:nil="true"></Longitude>
          <Name xsi:nil="true"></Name>
          <PostalCode>S4N 4C5</PostalCode>
          <PostOfficeBox xsi:nil="true"></PostOfficeBox>
          <PrimaryContactName xsi:nil="true"></PrimaryContactName>
          <ShippingMethodCode>1</ShippingMethodCode>
          <StateOrProvince>SK</StateOrProvince>
          <Telephone1>306-569-6500</Telephone1>
          <Telephone2 xsi:nil="true"></Telephone2>
          <Telephone3 xsi:nil="true"></Telephone3>
          <TimeZoneRuleVersionNumber xsi:nil="true"></TimeZoneRuleVersionNumber>
          <UPSZone xsi:nil="true"></UPSZone>
          <UTCOffset xsi:nil="true"></UTCOffset>
          <UTCConversionTimeZoneCode xsi:nil="true"></UTCConversionTimeZoneCode>
        </Address>
        <Address>
          <AddressNumber>2</AddressNumber>
          <AddressTypeCode>1</AddressTypeCode>
          <City xsi:nil="true"></City>
          <County xsi:nil="true"></County>
          <Country xsi:nil="true"></Country>
          <Fax xsi:nil="true"></Fax>
          <FreightTermsCode xsi:nil="true"></FreightTermsCode>
          <ImportSequenceNumber xsi:nil="true"></ImportSequenceNumber>
          <Latitude xsi:nil="true"></Latitude>
          <Line1 xsi:nil="true"></Line1>
          <Line2 xsi:nil="true"></Line2>
          <Line3 xsi:nil="true"></Line3>
          <Longitude xsi:nil="true"></Longitude>
          <Name xsi:nil="true"></Name>
          <PostalCode xsi:nil="true"></PostalCode>
          <PostOfficeBox xsi:nil="true"></PostOfficeBox>
          <PrimaryContactName xsi:nil="true"></PrimaryContactName>
          <ShippingMethodCode>1</ShippingMethodCode>
          <StateOrProvince xsi:nil="true"></StateOrProvince>
          <Telephone1 xsi:nil="true"></Telephone1>
          <Telephone2 xsi:nil="true"></Telephone2>
          <Telephone3 xsi:nil="true"></Telephone3>
          <TimeZoneRuleVersionNumber xsi:nil="true"></TimeZoneRuleVersionNumber>
          <UPSZone xsi:nil="true"></UPSZone>
          <UTCOffset xsi:nil="true"></UTCOffset>
          <UTCConversionTimeZoneCode xsi:nil="true"></UTCConversionTimeZoneCode>
        </Address>
      </Addresses>
    </Publisher>
    <RootComponents>
      <RootComponent type="1" schemaName="account" />
      <RootComponent type="1" schemaName="adx_search_request" />
      <RootComponent type="1" schemaName="adx_search_setting" />
      <RootComponent type="1" schemaName="annotation" />
      <RootComponent type="1" schemaName="appointment" />
      <RootComponent type="1" schemaName="campaign" />
      <RootComponent type="1" schemaName="contact" />
      <RootComponent type="1" schemaName="email" />
      <RootComponent type="1" schemaName="incident" />
      <RootComponent type="1" schemaName="invoice" />
      <RootComponent type="1" schemaName="kbarticle" />
      <RootComponent type="1" schemaName="lead" />
      <RootComponent type="1" schemaName="letter" />
      <RootComponent type="1" schemaName="list" />
      <RootComponent type="1" schemaName="opportunity" />
      <RootComponent type="1" schemaName="salesliterature" />
      <RootComponent type="1" schemaName="service" />
      <RootComponent type="1" schemaName="serviceappointment" />
      <RootComponent type="1" schemaName="task" />
      <RootComponent type="20" id="{32b93b46-cb5f-e011-990e-00155d035a27}" />
      <RootComponent type="20" id="{43a5731f-cb5f-e011-990e-00155d035a27}" />
      <RootComponent type="50" schemaName=":RibbonDiffXml" />
      <RootComponent type="61" schemaName="adx_search/adx.search.css" />
      <RootComponent type="61" schemaName="adx_search/adx.search.js" />
      <RootComponent type="61" schemaName="adx_search/configuration.html" />
      <RootComponent type="61" schemaName="adx_search/icon16x16.png" />
      <RootComponent type="61" schemaName="adx_search/icon32x32.png" />
      <RootComponent type="61" schemaName="adx_search/images/loader.gif" />
      <RootComponent type="61" schemaName="adx_search/images/notif_icn_critical.png" />
      <RootComponent type="61" schemaName="adx_search/images/progress.gif" />
      <RootComponent type="61" schemaName="adx_search/images/search.gif" />
      <RootComponent type="61" schemaName="adx_search/images/searchdown.gif" />
      <RootComponent type="61" schemaName="adx_search/images/searchhover.gif" />
      <RootComponent type="61" schemaName="adx_search/index.html" />
      <RootComponent type="61" schemaName="adx_search/jquery.layout1.3.0rc29.14.min.js" />
      <RootComponent type="61" schemaName="adx_search/jquery.pager.js" />
      <RootComponent type="61" schemaName="adx_search/jquery1.5.2.min.js" />
      <RootComponent type="61" schemaName="adx_search/json2.js" />
      <RootComponent type="91" schemaName="Adxstudio.Xrm.GlobalSearch, Version=1.0.6.0, Culture=neutral, PublicKeyToken=f5ff6e179ea244a7" />
      <RootComponent type="92" id="{0508b8fa-3f4f-e011-9fff-00155d035a27}" />
      <RootComponent type="92" id="{1f071603-404f-e011-9fff-00155d035a27}" />
      <RootComponent type="92" id="{54a4550c-404f-e011-9fff-00155d035a27}" />
      <RootComponent type="92" id="{be4ebbaf-ad4e-e011-9fff-00155d035a27}" />
    </RootComponents>
    <MissingDependencies>
      <MissingDependency>
        <Required key="0" type="26" schemaName="Open Activities" displayName="Open Activities" parentSchemaName="activitypointer" parentDisplayName="Activity" solution="System" id="{00000000-0000-0000-00aa-000010001900}" />
        <Dependent key="1" type="60" displayName="Information" parentDisplayName="Account" id="{b053a39a-041a-4356-acef-ddf00182762b}" />
      </MissingDependency>
      <MissingDependency>
        <Required key="2" type="26" schemaName="Quote Associated View" displayName="Quote Associated View" parentSchemaName="quote" parentDisplayName="Quote" solution="System" id="{642095db-91dd-4813-bb31-665a3a2bae61}" />
        <Dependent key="3" type="60" displayName="Information" parentDisplayName="Opportunity" id="{a2a56263-ec37-4991-a3b0-e7b37a71d818}" />
      </MissingDependency>
      <MissingDependency>
        <Required key="4" type="26" schemaName="Opportunity Product Inline Edit View" displayName="Opportunity Product Inline Edit View" parentSchemaName="opportunityproduct" parentDisplayName="Opportunity Product" solution="System" id="{01010de7-749e-4fe6-8037-aca560a4fcbe}" />
        <Dependent key="3" type="60" displayName="Information" parentDisplayName="Opportunity" id="{a2a56263-ec37-4991-a3b0-e7b37a71d818}" />
      </MissingDependency>
      <MissingDependency>
        <Required key="5" type="26" schemaName="All Article Comments" displayName="All Article Comments" parentSchemaName="kbarticlecomment" parentDisplayName="Article Comment" solution="System" id="{e3292575-bf8d-47ea-ab5a-056e62898a29}" />
        <Dependent key="6" type="60" displayName="Information" parentDisplayName="Article" id="{fdd6d28a-6a67-4bf3-802c-37eb1a472ae2}" />
      </MissingDependency>
      <MissingDependency>
        <Required key="0" type="26" schemaName="Open Activities" displayName="Open Activities" parentSchemaName="activitypointer" parentDisplayName="Activity" solution="System" id="{00000000-0000-0000-00aa-000010001900}" />
        <Dependent key="7" type="60" displayName="Information" parentDisplayName="Lead" id="{9886ead0-4fcc-4747-9a18-08e7a9a6de71}" />
      </MissingDependency>
      <MissingDependency>
        <Required key="0" type="26" schemaName="Open Activities" displayName="Open Activities" parentSchemaName="activitypointer" parentDisplayName="Activity" solution="System" id="{00000000-0000-0000-00aa-000010001900}" />
        <Dependent key="8" type="60" displayName="Information" parentDisplayName="Contact" id="{894cc46a-b0cb-4ab0-8bf6-200544e46a2d}" />
      </MissingDependency>
      <MissingDependency>
        <Required key="0" type="26" schemaName="Open Activities" displayName="Open Activities" parentSchemaName="activitypointer" parentDisplayName="Activity" solution="System" id="{00000000-0000-0000-00aa-000010001900}" />
        <Dependent key="3" type="60" displayName="Information" parentDisplayName="Opportunity" id="{a2a56263-ec37-4991-a3b0-e7b37a71d818}" />
      </MissingDependency>
      <MissingDependency>
        <Required key="9" type="61" schemaName="msdyn_/RecordWall.htm" displayName="msdyn_/RecordWall.htm" solution="ActivityFeedsCore (6.1.1.132)" />
        <Dependent key="8" type="60" displayName="Information" parentDisplayName="Contact" id="{894cc46a-b0cb-4ab0-8bf6-200544e46a2d}" />
      </MissingDependency>
      <MissingDependency>
        <Required key="10" type="61" schemaName="msdyn_/ActivityFeeds.Form.js" displayName="msdyn_/ActivityFeeds.Form.js" solution="ActivityFeedsCore (6.1.1.132)" />
        <Dependent key="7" type="60" displayName="Information" parentDisplayName="Lead" id="{9886ead0-4fcc-4747-9a18-08e7a9a6de71}" />
      </MissingDependency>
      <MissingDependency>
        <Required key="9" type="61" schemaName="msdyn_/RecordWall.htm" displayName="msdyn_/RecordWall.htm" solution="ActivityFeedsCore (6.1.1.132)" />
        <Dependent key="7" type="60" displayName="Information" parentDisplayName="Lead" id="{9886ead0-4fcc-4747-9a18-08e7a9a6de71}" />
      </MissingDependency>
      <MissingDependency>
        <Required key="10" type="61" schemaName="msdyn_/ActivityFeeds.Form.js" displayName="msdyn_/ActivityFeeds.Form.js" solution="ActivityFeedsCore (6.1.1.132)" />
        <Dependent key="8" type="60" displayName="Information" parentDisplayName="Contact" id="{894cc46a-b0cb-4ab0-8bf6-200544e46a2d}" />
      </MissingDependency>
      <MissingDependency>
        <Required key="10" type="61" schemaName="msdyn_/ActivityFeeds.Form.js" displayName="msdyn_/ActivityFeeds.Form.js" solution="ActivityFeedsCore (6.1.1.132)" />
        <Dependent key="3" type="60" displayName="Information" parentDisplayName="Opportunity" id="{a2a56263-ec37-4991-a3b0-e7b37a71d818}" />
      </MissingDependency>
      <MissingDependency>
        <Required key="9" type="61" schemaName="msdyn_/RecordWall.htm" displayName="msdyn_/RecordWall.htm" solution="ActivityFeedsCore (6.1.1.132)" />
        <Dependent key="3" type="60" displayName="Information" parentDisplayName="Opportunity" id="{a2a56263-ec37-4991-a3b0-e7b37a71d818}" />
      </MissingDependency>
      <MissingDependency>
        <Required key="10" type="61" schemaName="msdyn_/ActivityFeeds.Form.js" displayName="msdyn_/ActivityFeeds.Form.js" solution="ActivityFeedsCore (6.1.1.132)" />
        <Dependent key="1" type="60" displayName="Information" parentDisplayName="Account" id="{b053a39a-041a-4356-acef-ddf00182762b}" />
      </MissingDependency>
      <MissingDependency>
        <Required key="9" type="61" schemaName="msdyn_/RecordWall.htm" displayName="msdyn_/RecordWall.htm" solution="ActivityFeedsCore (6.1.1.132)" />
        <Dependent key="1" type="60" displayName="Information" parentDisplayName="Account" id="{b053a39a-041a-4356-acef-ddf00182762b}" />
      </MissingDependency>
    </MissingDependencies>
  </SolutionManifest>
</ImportExportXml>