﻿<?xml version="1.0" encoding="utf-8"?>
<ImportExportXml xmlns:xsi="http://www.w3.org/2001/XMLSchema-instance">
  <Entities></Entities>
  <Roles></Roles>
  <Workflows>
    <Workflow WorkflowId="{cc28f20d-009a-437e-9b4d-ff48eb3c8a8a}" Name="Change Password">
      <XamlFileName>/Workflows/ChangePassword-CC28F20D-009A-437E-9B4D-FF48EB3C8A8A.xaml</XamlFileName>
      <Type>1</Type>
      <Subprocess>0</Subprocess>
      <Category>1</Category>
      <Mode>0</Mode>
      <LanguageCode>1033</LanguageCode>
      <Scope>1</Scope>
      <OnDemand>1</OnDemand>
      <TriggerOnCreate>0</TriggerOnCreate>
      <TriggerOnDelete>0</TriggerOnDelete>
      <AsyncAutodelete>0</AsyncAutodelete>
      <SyncWorkflowLogOnFailure>0</SyncWorkflowLogOnFailure>
      <StateCode>1</StateCode>
      <StatusCode>2</StatusCode>
      <RunAs>1</RunAs>
      <IsTransacted>1</IsTransacted>
      <IntroducedVersion>1.0.0005</IntroducedVersion>
      <IsCustomizable>1</IsCustomizable>
      <PrimaryEntity>Contact</PrimaryEntity>
    </Workflow>
    <Workflow WorkflowId="{da70a700-2cba-4fa9-b685-f703e2ecd0fa}" Name="Send Email Confirmation To Contact">
      <XamlFileName>/Workflows/SendEmailConfirmationToContact-DA70A700-2CBA-4FA9-B685-F703E2ECD0FA.xaml</XamlFileName>
      <Type>1</Type>
      <Subprocess>0</Subprocess>
      <Category>3</Category>
      <Mode>0</Mode>
      <Scope>4</Scope>
      <OnDemand>1</OnDemand>
      <TriggerOnCreate>0</TriggerOnCreate>
      <TriggerOnDelete>0</TriggerOnDelete>
      <AsyncAutodelete>0</AsyncAutodelete>
      <SyncWorkflowLogOnFailure>1</SyncWorkflowLogOnFailure>
      <StateCode>1</StateCode>
      <StatusCode>2</StatusCode>
      <CreateStage>40</CreateStage>
      <RunAs>1</RunAs>
      <SdkMessageId>{95cadac5-7c6b-e411-9433-00155d035b03}</SdkMessageId>
      <UniqueName>SendEmailConfirmationToContact</UniqueName>
      <IsTransacted>1</IsTransacted>
      <IntroducedVersion>1.0.0001</IntroducedVersion>
      <IsCustomizable>1</IsCustomizable>
      <PrimaryEntity>Contact</PrimaryEntity>
    </Workflow>
    <Workflow WorkflowId="{f5ccd248-6d34-41be-b0ef-d01c890f8b0d}" Name="Send Email Two Factor Code To Contact">
      <XamlFileName>/Workflows/SendEmailTwoFactorCodeToContact-F5CCD248-6D34-41BE-B0EF-D01C890F8B0D.xaml</XamlFileName>
      <Type>1</Type>
      <Subprocess>0</Subprocess>
      <Category>3</Category>
      <Mode>0</Mode>
      <Scope>4</Scope>
      <OnDemand>1</OnDemand>
      <TriggerOnCreate>0</TriggerOnCreate>
      <TriggerOnDelete>0</TriggerOnDelete>
      <AsyncAutodelete>0</AsyncAutodelete>
      <SyncWorkflowLogOnFailure>1</SyncWorkflowLogOnFailure>
      <StateCode>1</StateCode>
      <StatusCode>2</StatusCode>
      <CreateStage>40</CreateStage>
      <RunAs>1</RunAs>
      <SdkMessageId>{cd2ddfb1-4270-e411-9433-00155d035b03}</SdkMessageId>
      <UniqueName>SendEmailTwoFactorCodeToContact</UniqueName>
      <IsTransacted>1</IsTransacted>
      <IntroducedVersion>1.0.0001</IntroducedVersion>
      <IsCustomizable>1</IsCustomizable>
      <PrimaryEntity>Contact</PrimaryEntity>
    </Workflow>
    <Workflow WorkflowId="{64d6844a-4133-43d8-90c4-a5b4e56c11d6}" Name="Send Password Reset To Contact">
      <XamlFileName>/Workflows/SendPasswordResetToContact-64D6844A-4133-43D8-90C4-A5B4E56C11D6.xaml</XamlFileName>
      <Type>1</Type>
      <Subprocess>0</Subprocess>
      <Category>3</Category>
      <Mode>0</Mode>
      <Scope>4</Scope>
      <OnDemand>1</OnDemand>
      <TriggerOnCreate>0</TriggerOnCreate>
      <TriggerOnDelete>0</TriggerOnDelete>
      <AsyncAutodelete>0</AsyncAutodelete>
      <SyncWorkflowLogOnFailure>1</SyncWorkflowLogOnFailure>
      <StateCode>1</StateCode>
      <StatusCode>2</StatusCode>
      <CreateStage>40</CreateStage>
      <RunAs>1</RunAs>
      <SdkMessageId>{20d10e65-806b-e411-9433-00155d035b03}</SdkMessageId>
      <UniqueName>SendPasswordResetToContact</UniqueName>
      <IsTransacted>1</IsTransacted>
      <IntroducedVersion>1.0.0001</IntroducedVersion>
      <IsCustomizable>1</IsCustomizable>
      <PrimaryEntity>Contact</PrimaryEntity>
    </Workflow>
  </Workflows>
  <FieldSecurityProfiles></FieldSecurityProfiles>
  <Templates />
  <EntityMaps />
  <EntityRelationships />
  <OrganizationSettings />
  <optionsets />
  <Languages>
    <Language>1033</Language>
  </Languages>
</ImportExportXml>