﻿<?xml version="1.0" encoding="utf-8"?>
<ImportExportXml version="6.1.0003.0119" SolutionPackageVersion="6.0" languagecode="1033" generatedBy="OnPremise" xmlns:xsi="http://www.w3.org/2001/XMLSchema-instance">
  <SolutionManifest>
    <UniqueName>AdxstudioIdentityWorkflows</UniqueName>
    <LocalizedNames>
      <LocalizedName description="Adxstudio Identity Workflows" languagecode="1033" />
    </LocalizedNames>
    <Descriptions />
    <Version>7.0.0002</Version>
    <Managed>1</Managed>
    <Publisher>
      <UniqueName>adxstudio</UniqueName>
      <LocalizedNames>
        <LocalizedName description="Adxstudio Inc." languagecode="1033" />
      </LocalizedNames>
      <Descriptions>
        <Description description="Adxstudio brings qualified expertise in web portal and CMS frameworks to Microsoft Dynamics CRM with xRM Portals (CfMD), an integrated bundle of web portal accelerators which add sophisticated content management, event coordination, membership, profile and self-service capabilities to Dynamics CRM." languagecode="1033" />
      </Descriptions>
      <EMailAddress>support@adxstudio.com</EMailAddress>
      <SupportingWebsiteUrl>http://www.adxstudio.com</SupportingWebsiteUrl>
      <CustomizationPrefix>adx</CustomizationPrefix>
      <CustomizationOptionValuePrefix>10000</CustomizationOptionValuePrefix>
      <Addresses>
        <Address>
          <AddressNumber>1</AddressNumber>
          <AddressTypeCode>1</AddressTypeCode>
          <City>Regina</City>
          <County xsi:nil="true"></County>
          <Country>Canada</Country>
          <Fax xsi:nil="true"></Fax>
          <FreightTermsCode xsi:nil="true"></FreightTermsCode>
          <ImportSequenceNumber xsi:nil="true"></ImportSequenceNumber>
          <Latitude xsi:nil="true"></Latitude>
          <Line1>200 - 1445 Park Street</Line1>
          <Line2 xsi:nil="true"></Line2>
          <Line3 xsi:nil="true"></Line3>
          <Longitude xsi:nil="true"></Longitude>
          <Name xsi:nil="true"></Name>
          <PostalCode>S4N 4C5</PostalCode>
          <PostOfficeBox xsi:nil="true"></PostOfficeBox>
          <PrimaryContactName xsi:nil="true"></PrimaryContactName>
          <ShippingMethodCode>1</ShippingMethodCode>
          <StateOrProvince>SK</StateOrProvince>
          <Telephone1>306-569-6500</Telephone1>
          <Telephone2 xsi:nil="true"></Telephone2>
          <Telephone3 xsi:nil="true"></Telephone3>
          <TimeZoneRuleVersionNumber xsi:nil="true"></TimeZoneRuleVersionNumber>
          <UPSZone xsi:nil="true"></UPSZone>
          <UTCOffset xsi:nil="true"></UTCOffset>
          <UTCConversionTimeZoneCode xsi:nil="true"></UTCConversionTimeZoneCode>
        </Address>
        <Address>
          <AddressNumber>2</AddressNumber>
          <AddressTypeCode>1</AddressTypeCode>
          <City xsi:nil="true"></City>
          <County xsi:nil="true"></County>
          <Country xsi:nil="true"></Country>
          <Fax xsi:nil="true"></Fax>
          <FreightTermsCode xsi:nil="true"></FreightTermsCode>
          <ImportSequenceNumber xsi:nil="true"></ImportSequenceNumber>
          <Latitude xsi:nil="true"></Latitude>
          <Line1 xsi:nil="true"></Line1>
          <Line2 xsi:nil="true"></Line2>
          <Line3 xsi:nil="true"></Line3>
          <Longitude xsi:nil="true"></Longitude>
          <Name xsi:nil="true"></Name>
          <PostalCode xsi:nil="true"></PostalCode>
          <PostOfficeBox xsi:nil="true"></PostOfficeBox>
          <PrimaryContactName xsi:nil="true"></PrimaryContactName>
          <ShippingMethodCode>1</ShippingMethodCode>
          <StateOrProvince xsi:nil="true"></StateOrProvince>
          <Telephone1 xsi:nil="true"></Telephone1>
          <Telephone2 xsi:nil="true"></Telephone2>
          <Telephone3 xsi:nil="true"></Telephone3>
          <TimeZoneRuleVersionNumber xsi:nil="true"></TimeZoneRuleVersionNumber>
          <UPSZone xsi:nil="true"></UPSZone>
          <UTCOffset xsi:nil="true"></UTCOffset>
          <UTCConversionTimeZoneCode xsi:nil="true"></UTCConversionTimeZoneCode>
        </Address>
      </Addresses>
    </Publisher>
    <RootComponents>
      <RootComponent type="29" id="{64d6844a-4133-43d8-90c4-a5b4e56c11d6}" />
      <RootComponent type="29" id="{cc28f20d-009a-437e-9b4d-ff48eb3c8a8a}" />
      <RootComponent type="29" id="{da70a700-2cba-4fa9-b685-f703e2ecd0fa}" />
      <RootComponent type="29" id="{f5ccd248-6d34-41be-b0ef-d01c890f8b0d}" />
    </RootComponents>
    <MissingDependencies>
      <MissingDependency>
        <Required key="0" type="2" schemaName="adx_identity_logonenabled" displayName="Login Enabled" parentSchemaName="contact" parentDisplayName="Contact" solution="Active" />
        <Dependent key="1" type="29" displayName="Change Password" id="{cc28f20d-009a-437e-9b4d-ff48eb3c8a8a}" />
      </MissingDependency>
      <MissingDependency>
        <Required key="2" type="2" schemaName="adx_identity_securitystamp" displayName="Security Stamp" parentSchemaName="contact" parentDisplayName="Contact" solution="Active" />
        <Dependent key="1" type="29" displayName="Change Password" id="{cc28f20d-009a-437e-9b4d-ff48eb3c8a8a}" />
      </MissingDependency>
      <MissingDependency>
        <Required key="3" type="2" schemaName="adx_identity_lockoutenabled" displayName="Lockout Enabled" parentSchemaName="contact" parentDisplayName="Contact" solution="Active" />
        <Dependent key="1" type="29" displayName="Change Password" id="{cc28f20d-009a-437e-9b4d-ff48eb3c8a8a}" />
      </MissingDependency>
      <MissingDependency>
        <Required key="4" type="90" schemaName="Adxstudio.Xrm.Workflow.Identity.ChangePassword, Adxstudio.Xrm.Workflow.Identity, Version=1.0.0.1, Culture=neutral, PublicKeyToken=fa79bd0b74a539cd" displayName="Adxstudio.Xrm.Workflow.Identity.ChangePassword" solution="Active" />
        <Dependent key="1" type="29" displayName="Change Password" id="{cc28f20d-009a-437e-9b4d-ff48eb3c8a8a}" />
      </MissingDependency>
      <MissingDependency>
        <Required key="5" type="90" schemaName="Adxstudio.Xrm.Workflow.Identity.SetSecurityStamp, Adxstudio.Xrm.Workflow.Identity, Version=1.0.0.1, Culture=neutral, PublicKeyToken=fa79bd0b74a539cd" displayName="Adxstudio.Xrm.Workflow.Identity.SetSecurityStamp" solution="Active" />
        <Dependent key="1" type="29" displayName="Change Password" id="{cc28f20d-009a-437e-9b4d-ff48eb3c8a8a}" />
      </MissingDependency>
    </MissingDependencies>
  </SolutionManifest>
</ImportExportXml>