﻿<?xml version="1.0" encoding="utf-8"?>
<ImportExportXml xmlns:xsi="http://www.w3.org/2001/XMLSchema-instance">
  <Entities></Entities>
  <Roles></Roles>
  <Workflows>
    <Workflow WorkflowId="{225853ab-8f04-43cf-a44d-a1f0be41777a}" Name="ADX Page Notification">
      <XamlFileName>/Workflows/ADXPageNotification-225853AB-8F04-43CF-A44D-A1F0BE41777A.xaml</XamlFileName>
      <Type>1</Type>
      <Subprocess>0</Subprocess>
      <Category>0</Category>
      <Mode>0</Mode>
      <Scope>4</Scope>
      <OnDemand>0</OnDemand>
      <TriggerOnCreate>1</TriggerOnCreate>
      <TriggerOnDelete>0</TriggerOnDelete>
      <AsyncAutodelete>0</AsyncAutodelete>
      <SyncWorkflowLogOnFailure>0</SyncWorkflowLogOnFailure>
      <StateCode>1</StateCode>
      <StatusCode>2</StatusCode>
      <IsTransacted>0</IsTransacted>
      <IntroducedVersion>7.0.0003</IntroducedVersion>
      <IsCustomizable>1</IsCustomizable>
      <PrimaryEntity>adx_pagenotification</PrimaryEntity>
    </Workflow>
    <Workflow WorkflowId="{526907a9-e518-4f6f-9760-07ce7444f5b5}" Name="ADX Sign In Password Recovery">
      <XamlFileName>/Workflows/ADXSignInPasswordRecovery-526907A9-E518-4F6F-9760-07CE7444F5B5.xaml</XamlFileName>
      <Type>1</Type>
      <Subprocess>0</Subprocess>
      <Category>0</Category>
      <Mode>0</Mode>
      <Scope>4</Scope>
      <OnDemand>1</OnDemand>
      <TriggerOnCreate>0</TriggerOnCreate>
      <TriggerOnDelete>0</TriggerOnDelete>
      <AsyncAutodelete>0</AsyncAutodelete>
      <SyncWorkflowLogOnFailure>0</SyncWorkflowLogOnFailure>
      <StateCode>1</StateCode>
      <StatusCode>2</StatusCode>
      <IsTransacted>0</IsTransacted>
      <IntroducedVersion>7.0.0003</IntroducedVersion>
      <IsCustomizable>1</IsCustomizable>
      <PrimaryEntity>Contact</PrimaryEntity>
    </Workflow>
    <Workflow WorkflowId="{5de74dca-ccf3-4179-8c9d-bd7a1bf4c825}" Name="ADX Sign Up Email">
      <XamlFileName>/Workflows/ADXSignUpEmail-5DE74DCA-CCF3-4179-8C9D-BD7A1BF4C825.xaml</XamlFileName>
      <Type>1</Type>
      <Subprocess>0</Subprocess>
      <Category>0</Category>
      <Mode>0</Mode>
      <Scope>4</Scope>
      <OnDemand>1</OnDemand>
      <TriggerOnCreate>0</TriggerOnCreate>
      <TriggerOnDelete>0</TriggerOnDelete>
      <AsyncAutodelete>1</AsyncAutodelete>
      <SyncWorkflowLogOnFailure>0</SyncWorkflowLogOnFailure>
      <StateCode>1</StateCode>
      <StatusCode>2</StatusCode>
      <RunAs>1</RunAs>
      <IsTransacted>1</IsTransacted>
      <IntroducedVersion>7.0.0009</IntroducedVersion>
      <IsCustomizable>1</IsCustomizable>
      <PrimaryEntity>adx_invitation</PrimaryEntity>
    </Workflow>
    <Workflow WorkflowId="{2c707ab7-76e7-4df7-9a3b-ff4a4e50ba1e}" Name="Invite Redemption">
      <XamlFileName>/Workflows/InviteRedemption-2C707AB7-76E7-4DF7-9A3B-FF4A4E50BA1E.xaml</XamlFileName>
      <Type>1</Type>
      <Subprocess>0</Subprocess>
      <Category>0</Category>
      <Mode>1</Mode>
      <Scope>1</Scope>
      <OnDemand>0</OnDemand>
      <TriggerOnCreate>1</TriggerOnCreate>
      <TriggerOnDelete>0</TriggerOnDelete>
      <AsyncAutodelete>0</AsyncAutodelete>
      <SyncWorkflowLogOnFailure>1</SyncWorkflowLogOnFailure>
      <StateCode>1</StateCode>
      <StatusCode>2</StatusCode>
      <CreateStage>40</CreateStage>
      <RunAs>1</RunAs>
      <IsTransacted>1</IsTransacted>
      <IntroducedVersion>1.0</IntroducedVersion>
      <IsCustomizable>1</IsCustomizable>
      <PrimaryEntity>adx_inviteredemption</PrimaryEntity>
    </Workflow>
    <Workflow WorkflowId="{551026f4-906d-411d-97d2-743ddca7c19a}" Name="Send Email to Subscribers of Alert">
      <XamlFileName>/Workflows/SendEmailtoSubscribersofAlert-551026F4-906D-411D-97D2-743DDCA7C19A.xaml</XamlFileName>
      <Type>1</Type>
      <Subprocess>1</Subprocess>
      <Category>0</Category>
      <Mode>0</Mode>
      <Scope>1</Scope>
      <OnDemand>1</OnDemand>
      <TriggerOnCreate>0</TriggerOnCreate>
      <TriggerOnDelete>0</TriggerOnDelete>
      <AsyncAutodelete>0</AsyncAutodelete>
      <SyncWorkflowLogOnFailure>0</SyncWorkflowLogOnFailure>
      <StateCode>1</StateCode>
      <StatusCode>2</StatusCode>
      <RunAs>1</RunAs>
      <IsTransacted>1</IsTransacted>
      <IntroducedVersion>1.0.0.0</IntroducedVersion>
      <IsCustomizable>1</IsCustomizable>
      <PrimaryEntity>adx_alertsubscription</PrimaryEntity>
    </Workflow>
    <Workflow WorkflowId="{15c03c8d-754f-4386-a62c-cf7e91337ebd}" Name="Send Invitation">
      <XamlFileName>/Workflows/SendInvitation-15C03C8D-754F-4386-A62C-CF7E91337EBD.xaml</XamlFileName>
      <Type>1</Type>
      <Subprocess>0</Subprocess>
      <Category>0</Category>
      <Mode>0</Mode>
      <Scope>1</Scope>
      <OnDemand>1</OnDemand>
      <TriggerOnCreate>0</TriggerOnCreate>
      <TriggerOnDelete>0</TriggerOnDelete>
      <AsyncAutodelete>1</AsyncAutodelete>
      <SyncWorkflowLogOnFailure>0</SyncWorkflowLogOnFailure>
      <StateCode>1</StateCode>
      <StatusCode>2</StatusCode>
      <RunAs>1</RunAs>
      <IsTransacted>1</IsTransacted>
      <IntroducedVersion>1.0</IntroducedVersion>
      <IsCustomizable>1</IsCustomizable>
      <PrimaryEntity>adx_invitation</PrimaryEntity>
    </Workflow>
    <Workflow WorkflowId="{db9e89d7-6e04-4c3d-88c3-2e512d4cd37b}" Name="Upgrade Contact Invitation">
      <XamlFileName>/Workflows/UpgradeContactInvitation-DB9E89D7-6E04-4C3D-88C3-2E512D4CD37B.xaml</XamlFileName>
      <Type>1</Type>
      <Subprocess>0</Subprocess>
      <Category>0</Category>
      <Mode>0</Mode>
      <Scope>4</Scope>
      <OnDemand>1</OnDemand>
      <TriggerOnCreate>0</TriggerOnCreate>
      <TriggerOnDelete>0</TriggerOnDelete>
      <AsyncAutodelete>1</AsyncAutodelete>
      <SyncWorkflowLogOnFailure>0</SyncWorkflowLogOnFailure>
      <StateCode>1</StateCode>
      <StatusCode>2</StatusCode>
      <RunAs>1</RunAs>
      <IsTransacted>1</IsTransacted>
      <IntroducedVersion>7.0.0012</IntroducedVersion>
      <IsCustomizable>1</IsCustomizable>
      <PrimaryEntity>Contact</PrimaryEntity>
    </Workflow>
  </Workflows>
  <FieldSecurityProfiles></FieldSecurityProfiles>
  <Templates />
  <EntityMaps />
  <EntityRelationships />
  <OrganizationSettings />
  <optionsets />
  <SolutionPluginAssemblies>
    <PluginAssembly FullName="Adxstudio.Xrm.Workflow.Invitation, Version=1.1.6.0, Culture=neutral, PublicKeyToken=3f8f3abf0a9e40bb" CustomizationLevel="1">
      <IsolationMode>2</IsolationMode>
      <SourceType>0</SourceType>
      <IntroducedVersion>1.0</IntroducedVersion>
      <FileName>/PluginAssemblies/AdxstudioXrmWorkflowInvitation-3FA28857-2D64-4C70-9DC3-94453394EC2D/AdxstudioXrmWorkflowInvitation.dll</FileName>
      <PluginTypes>
        <PluginType AssemblyQualifiedName="Adxstudio.Xrm.Workflow.Invitation.AssignInvitationAssignments, Adxstudio.Xrm.Workflow.Invitation, Version=1.1.6.0, Culture=neutral, PublicKeyToken=3f8f3abf0a9e40bb" Name="Assign Invitation Assignments">
          <Description>Assigns parent account and web roles based on invitation settings</Description>
          <FriendlyName>7c338883-d119-4370-970e-a7f1eef345fc</FriendlyName>
          <WorkflowActivityGroupName>Adxstudio Portals</WorkflowActivityGroupName>
        </PluginType>
        <PluginType AssemblyQualifiedName="Adxstudio.Xrm.Workflow.Invitation.SendInvitation, Adxstudio.Xrm.Workflow.Invitation, Version=1.1.6.0, Culture=neutral, PublicKeyToken=3f8f3abf0a9e40bb" Name="Send Invitation">
          <Description>Will send email activities to all invitees of an invitation</Description>
          <FriendlyName>4545c319-6025-4efb-b442-a25fe23cec23</FriendlyName>
          <WorkflowActivityGroupName>Adxstudio Portals</WorkflowActivityGroupName>
        </PluginType>
      </PluginTypes>
    </PluginAssembly>
  </SolutionPluginAssemblies>
  <Languages>
    <Language>1033</Language>
  </Languages>
</ImportExportXml>