﻿<?xml version="1.0" encoding="utf-8"?>
<ImportExportXml version="6.1.0001.0132" SolutionPackageVersion="6.0" languagecode="1033" generatedBy="OnPremise" xmlns:xsi="http://www.w3.org/2001/XMLSchema-instance">
  <SolutionManifest>
    <UniqueName>AdxstudioPortalsWorkflows</UniqueName>
    <LocalizedNames>
      <LocalizedName description="Adxstudio Portals Base Workflows" languagecode="1033" />
    </LocalizedNames>
    <Descriptions>
      <Description description="Workflow processes utilized by Adxstudio Portals." languagecode="1033" />
    </Descriptions>
    <Version>7.0.0013</Version>
    <Managed>1</Managed>
    <Publisher>
      <UniqueName>adxstudio</UniqueName>
      <LocalizedNames>
        <LocalizedName description="Adxstudio Inc." languagecode="1033" />
      </LocalizedNames>
      <Descriptions>
        <Description description="Adxstudio brings qualified expertise in web portal and CMS frameworks to Microsoft Dynamics CRM with xRM Portals (CfMD), an integrated bundle of web portal accelerators which add sophisticated content management, event coordination, membership, profile and self-service capabilities to Dynamics CRM." languagecode="1033" />
      </Descriptions>
      <EMailAddress>support@adxstudio.com</EMailAddress>
      <SupportingWebsiteUrl>http://www.adxstudio.com</SupportingWebsiteUrl>
      <CustomizationPrefix>adx</CustomizationPrefix>
      <CustomizationOptionValuePrefix>75615</CustomizationOptionValuePrefix>
      <Addresses>
        <Address>
          <AddressNumber>1</AddressNumber>
          <AddressTypeCode>1</AddressTypeCode>
          <City xsi:nil="true"></City>
          <County xsi:nil="true"></County>
          <Country xsi:nil="true"></Country>
          <Fax xsi:nil="true"></Fax>
          <FreightTermsCode xsi:nil="true"></FreightTermsCode>
          <ImportSequenceNumber xsi:nil="true"></ImportSequenceNumber>
          <Latitude xsi:nil="true"></Latitude>
          <Line1 xsi:nil="true"></Line1>
          <Line2 xsi:nil="true"></Line2>
          <Line3 xsi:nil="true"></Line3>
          <Longitude xsi:nil="true"></Longitude>
          <Name xsi:nil="true"></Name>
          <PostalCode xsi:nil="true"></PostalCode>
          <PostOfficeBox xsi:nil="true"></PostOfficeBox>
          <PrimaryContactName xsi:nil="true"></PrimaryContactName>
          <ShippingMethodCode>1</ShippingMethodCode>
          <StateOrProvince xsi:nil="true"></StateOrProvince>
          <Telephone1 xsi:nil="true"></Telephone1>
          <Telephone2 xsi:nil="true"></Telephone2>
          <Telephone3 xsi:nil="true"></Telephone3>
          <TimeZoneRuleVersionNumber xsi:nil="true"></TimeZoneRuleVersionNumber>
          <UPSZone xsi:nil="true"></UPSZone>
          <UTCOffset xsi:nil="true"></UTCOffset>
          <UTCConversionTimeZoneCode xsi:nil="true"></UTCConversionTimeZoneCode>
        </Address>
        <Address>
          <AddressNumber>2</AddressNumber>
          <AddressTypeCode>1</AddressTypeCode>
          <City xsi:nil="true"></City>
          <County xsi:nil="true"></County>
          <Country xsi:nil="true"></Country>
          <Fax xsi:nil="true"></Fax>
          <FreightTermsCode xsi:nil="true"></FreightTermsCode>
          <ImportSequenceNumber xsi:nil="true"></ImportSequenceNumber>
          <Latitude xsi:nil="true"></Latitude>
          <Line1 xsi:nil="true"></Line1>
          <Line2 xsi:nil="true"></Line2>
          <Line3 xsi:nil="true"></Line3>
          <Longitude xsi:nil="true"></Longitude>
          <Name xsi:nil="true"></Name>
          <PostalCode xsi:nil="true"></PostalCode>
          <PostOfficeBox xsi:nil="true"></PostOfficeBox>
          <PrimaryContactName xsi:nil="true"></PrimaryContactName>
          <ShippingMethodCode>1</ShippingMethodCode>
          <StateOrProvince xsi:nil="true"></StateOrProvince>
          <Telephone1 xsi:nil="true"></Telephone1>
          <Telephone2 xsi:nil="true"></Telephone2>
          <Telephone3 xsi:nil="true"></Telephone3>
          <TimeZoneRuleVersionNumber xsi:nil="true"></TimeZoneRuleVersionNumber>
          <UPSZone xsi:nil="true"></UPSZone>
          <UTCOffset xsi:nil="true"></UTCOffset>
          <UTCConversionTimeZoneCode xsi:nil="true"></UTCConversionTimeZoneCode>
        </Address>
      </Addresses>
    </Publisher>
    <RootComponents>
      <RootComponent type="29" id="{15c03c8d-754f-4386-a62c-cf7e91337ebd}" />
      <RootComponent type="29" id="{225853ab-8f04-43cf-a44d-a1f0be41777a}" />
      <RootComponent type="29" id="{2c707ab7-76e7-4df7-9a3b-ff4a4e50ba1e}" />
      <RootComponent type="29" id="{526907a9-e518-4f6f-9760-07ce7444f5b5}" />
      <RootComponent type="29" id="{551026f4-906d-411d-97d2-743ddca7c19a}" />
      <RootComponent type="29" id="{5de74dca-ccf3-4179-8c9d-bd7a1bf4c825}" />
      <RootComponent type="29" id="{db9e89d7-6e04-4c3d-88c3-2e512d4cd37b}" />
      <RootComponent type="91" schemaName="Adxstudio.Xrm.Workflow.Invitation, Version=1.1.6.0, Culture=neutral, PublicKeyToken=3f8f3abf0a9e40bb" />
    </RootComponents>
    <MissingDependencies>
      <MissingDependency>
        <Required key="0" type="1" schemaName="adx_invitation" displayName="Invitation" solution="Active" />
        <Dependent key="1" type="29" displayName="Upgrade Contact Invitation" id="{db9e89d7-6e04-4c3d-88c3-2e512d4cd37b}" />
      </MissingDependency>
      <MissingDependency>
        <Required key="2" type="1" schemaName="adx_inviteredemption" displayName="Invite Redemption" solution="Active" />
        <Dependent key="3" type="29" displayName="Invite Redemption" id="{2c707ab7-76e7-4df7-9a3b-ff4a4e50ba1e}" />
      </MissingDependency>
      <MissingDependency>
        <Required key="4" type="1" schemaName="adx_alertsubscription" displayName="Alert Subscription" solution="Active" />
        <Dependent key="5" type="29" displayName="Send Email to Subscribers of Alert" id="{551026f4-906d-411d-97d2-743ddca7c19a}" />
      </MissingDependency>
      <MissingDependency>
        <Required key="0" type="1" schemaName="adx_invitation" displayName="Invitation" solution="Active" />
        <Dependent key="6" type="29" displayName="ADX Sign Up Email" id="{5de74dca-ccf3-4179-8c9d-bd7a1bf4c825}" />
      </MissingDependency>
      <MissingDependency>
        <Required key="0" type="1" schemaName="adx_invitation" displayName="Invitation" solution="Active" />
        <Dependent key="7" type="29" displayName="Send Invitation" id="{15c03c8d-754f-4386-a62c-cf7e91337ebd}" />
      </MissingDependency>
      <MissingDependency>
        <Required key="8" type="1" schemaName="adx_webpage" displayName="Web Page" solution="AdxstudioPortalsDependencies (1.0.0030)" />
        <Dependent key="9" type="29" displayName="ADX Page Notification" id="{225853ab-8f04-43cf-a44d-a1f0be41777a}" />
      </MissingDependency>
      <MissingDependency>
        <Required key="10" type="1" schemaName="adx_pagenotification" displayName="Page Notification" solution="Active" />
        <Dependent key="9" type="29" displayName="ADX Page Notification" id="{225853ab-8f04-43cf-a44d-a1f0be41777a}" />
      </MissingDependency>
      <MissingDependency>
        <Required key="11" type="2" schemaName="adx_webpage" displayName="Web Page" parentSchemaName="adx_pagenotification" parentDisplayName="Page Notification" solution="Active" />
        <Dependent key="9" type="29" displayName="ADX Page Notification" id="{225853ab-8f04-43cf-a44d-a1f0be41777a}" />
      </MissingDependency>
      <MissingDependency>
        <Required key="12" type="2" schemaName="adx_webpageid" displayName="Web Page" parentSchemaName="adx_webpage" parentDisplayName="Web Page" solution="AdxstudioPortalsDependencies (1.0.0030)" />
        <Dependent key="9" type="29" displayName="ADX Page Notification" id="{225853ab-8f04-43cf-a44d-a1f0be41777a}" />
      </MissingDependency>
      <MissingDependency>
        <Required key="13" type="2" schemaName="ownerid" displayName="Owner" parentSchemaName="adx_webpage" parentDisplayName="Web Page" solution="Active" />
        <Dependent key="9" type="29" displayName="ADX Page Notification" id="{225853ab-8f04-43cf-a44d-a1f0be41777a}" />
      </MissingDependency>
      <MissingDependency>
        <Required key="14" type="2" schemaName="adx_recipient" displayName="Recipient" parentSchemaName="adx_pagenotification" parentDisplayName="Page Notification" solution="Active" />
        <Dependent key="9" type="29" displayName="ADX Page Notification" id="{225853ab-8f04-43cf-a44d-a1f0be41777a}" />
      </MissingDependency>
      <MissingDependency>
        <Required key="15" type="2" schemaName="adx_name" displayName="Name" parentSchemaName="adx_pagenotification" parentDisplayName="Page Notification" solution="Active" />
        <Dependent key="9" type="29" displayName="ADX Page Notification" id="{225853ab-8f04-43cf-a44d-a1f0be41777a}" />
      </MissingDependency>
      <MissingDependency>
        <Required key="16" type="2" schemaName="adx_pagenotificationid" displayName="Page Notification" parentSchemaName="adx_pagenotification" parentDisplayName="Page Notification" solution="Active" />
        <Dependent key="9" type="29" displayName="ADX Page Notification" id="{225853ab-8f04-43cf-a44d-a1f0be41777a}" />
      </MissingDependency>
      <MissingDependency>
        <Required key="17" type="2" schemaName="adx_invitationcode" displayName="Invitation Code" parentSchemaName="adx_invitation" parentDisplayName="Invitation" solution="Active" />
        <Dependent key="7" type="29" displayName="Send Invitation" id="{15c03c8d-754f-4386-a62c-cf7e91337ebd}" />
      </MissingDependency>
      <MissingDependency>
        <Required key="18" type="2" schemaName="adx_name" displayName="Name" parentSchemaName="adx_invitation" parentDisplayName="Invitation" solution="Active" />
        <Dependent key="7" type="29" displayName="Send Invitation" id="{15c03c8d-754f-4386-a62c-cf7e91337ebd}" />
      </MissingDependency>
      <MissingDependency>
        <Required key="19" type="2" schemaName="adx_name" displayName="Name" parentSchemaName="adx_webpage" parentDisplayName="Web Page" solution="AdxstudioPortalsDependencies (1.0.0030)" />
        <Dependent key="9" type="29" displayName="ADX Page Notification" id="{225853ab-8f04-43cf-a44d-a1f0be41777a}" />
      </MissingDependency>
      <MissingDependency>
        <Required key="20" type="2" schemaName="adx_invitationid" displayName="Invitation" parentSchemaName="adx_invitation" parentDisplayName="Invitation" solution="Active" />
        <Dependent key="7" type="29" displayName="Send Invitation" id="{15c03c8d-754f-4386-a62c-cf7e91337ebd}" />
      </MissingDependency>
      <MissingDependency>
        <Required key="21" type="2" schemaName="adx_invitecontact" displayName="Invite Contact" parentSchemaName="adx_invitation" parentDisplayName="Invitation" solution="Active" />
        <Dependent key="6" type="29" displayName="ADX Sign Up Email" id="{5de74dca-ccf3-4179-8c9d-bd7a1bf4c825}" />
      </MissingDependency>
      <MissingDependency>
        <Required key="20" type="2" schemaName="adx_invitationid" displayName="Invitation" parentSchemaName="adx_invitation" parentDisplayName="Invitation" solution="Active" />
        <Dependent key="6" type="29" displayName="ADX Sign Up Email" id="{5de74dca-ccf3-4179-8c9d-bd7a1bf4c825}" />
      </MissingDependency>
      <MissingDependency>
        <Required key="22" type="2" schemaName="customers" displayName="Customers" parentSchemaName="adx_alertsubscription" parentDisplayName="Alert Subscription" solution="Active" />
        <Dependent key="5" type="29" displayName="Send Email to Subscribers of Alert" id="{551026f4-906d-411d-97d2-743ddca7c19a}" />
      </MissingDependency>
      <MissingDependency>
        <Required key="18" type="2" schemaName="adx_name" displayName="Name" parentSchemaName="adx_invitation" parentDisplayName="Invitation" solution="Active" />
        <Dependent key="6" type="29" displayName="ADX Sign Up Email" id="{5de74dca-ccf3-4179-8c9d-bd7a1bf4c825}" />
      </MissingDependency>
      <MissingDependency>
        <Required key="17" type="2" schemaName="adx_invitationcode" displayName="Invitation Code" parentSchemaName="adx_invitation" parentDisplayName="Invitation" solution="Active" />
        <Dependent key="6" type="29" displayName="ADX Sign Up Email" id="{5de74dca-ccf3-4179-8c9d-bd7a1bf4c825}" />
      </MissingDependency>
      <MissingDependency>
        <Required key="23" type="2" schemaName="adx_expirydate" displayName="Expiry Date" parentSchemaName="adx_invitation" parentDisplayName="Invitation" solution="Active" />
        <Dependent key="6" type="29" displayName="ADX Sign Up Email" id="{5de74dca-ccf3-4179-8c9d-bd7a1bf4c825}" />
      </MissingDependency>
      <MissingDependency>
        <Required key="24" type="2" schemaName="adx_regardingid" displayName="regardingid" parentSchemaName="adx_alertsubscription" parentDisplayName="Alert Subscription" solution="Active" />
        <Dependent key="5" type="29" displayName="Send Email to Subscribers of Alert" id="{551026f4-906d-411d-97d2-743ddca7c19a}" />
      </MissingDependency>
      <MissingDependency>
        <Required key="25" type="2" schemaName="adx_resetpassword" displayName="Reset Password" parentSchemaName="contact" parentDisplayName="Contact" solution="AdxstudioPortalsDependencies (1.0.0030)" />
        <Dependent key="26" type="29" displayName="ADX Sign In Password Recovery" id="{526907a9-e518-4f6f-9760-07ce7444f5b5}" />
      </MissingDependency>
      <MissingDependency>
        <Required key="27" type="2" schemaName="adx_username" displayName="Username" parentSchemaName="contact" parentDisplayName="Contact" solution="AdxstudioPortalsDependencies (1.0.0030)" />
        <Dependent key="26" type="29" displayName="ADX Sign In Password Recovery" id="{526907a9-e518-4f6f-9760-07ce7444f5b5}" />
      </MissingDependency>
      <MissingDependency>
        <Required key="28" type="2" schemaName="adx_regardingurl" displayName="regardingurl" parentSchemaName="adx_alertsubscription" parentDisplayName="Alert Subscription" solution="Active" />
        <Dependent key="5" type="29" displayName="Send Email to Subscribers of Alert" id="{551026f4-906d-411d-97d2-743ddca7c19a}" />
      </MissingDependency>
      <MissingDependency>
        <Required key="29" type="2" schemaName="ownerid" displayName="Owner" parentSchemaName="adx_alertsubscription" parentDisplayName="Alert Subscription" solution="Active" />
        <Dependent key="5" type="29" displayName="Send Email to Subscribers of Alert" id="{551026f4-906d-411d-97d2-743ddca7c19a}" />
      </MissingDependency>
      <MissingDependency>
        <Required key="30" type="2" schemaName="subject" displayName="Subject" parentSchemaName="adx_alertsubscription" parentDisplayName="Alert Subscription" solution="Active" />
        <Dependent key="5" type="29" displayName="Send Email to Subscribers of Alert" id="{551026f4-906d-411d-97d2-743ddca7c19a}" />
      </MissingDependency>
      <MissingDependency>
        <Required key="31" type="2" schemaName="adx_fullname" displayName="Full Name" parentSchemaName="adx_alertsubscription" parentDisplayName="Alert Subscription" solution="Active" />
        <Dependent key="5" type="29" displayName="Send Email to Subscribers of Alert" id="{551026f4-906d-411d-97d2-743ddca7c19a}" />
      </MissingDependency>
      <MissingDependency>
        <Required key="32" type="2" schemaName="activityid" displayName="Activity" parentSchemaName="adx_alertsubscription" parentDisplayName="Alert Subscription" solution="Active" />
        <Dependent key="5" type="29" displayName="Send Email to Subscribers of Alert" id="{551026f4-906d-411d-97d2-743ddca7c19a}" />
      </MissingDependency>
      <MissingDependency>
        <Required key="33" type="2" schemaName="regardingobjectid" displayName="Regarding" parentSchemaName="adx_alertsubscription" parentDisplayName="Alert Subscription" solution="Active" />
        <Dependent key="5" type="29" displayName="Send Email to Subscribers of Alert" id="{551026f4-906d-411d-97d2-743ddca7c19a}" />
      </MissingDependency>
      <MissingDependency>
        <Required key="34" type="2" schemaName="adx_invitationcode" displayName="Invitation Code" parentSchemaName="contact" parentDisplayName="Contact" solution="AdxstudioPortalsDependencies (1.0.0030)" />
        <Dependent key="1" type="29" displayName="Upgrade Contact Invitation" id="{db9e89d7-6e04-4c3d-88c3-2e512d4cd37b}" />
      </MissingDependency>
      <MissingDependency>
        <Required key="20" type="2" schemaName="adx_invitationid" displayName="Invitation" parentSchemaName="adx_invitation" parentDisplayName="Invitation" solution="Active" />
        <Dependent key="1" type="29" displayName="Upgrade Contact Invitation" id="{db9e89d7-6e04-4c3d-88c3-2e512d4cd37b}" />
      </MissingDependency>
      <MissingDependency>
        <Required key="35" type="2" schemaName="adx_type" displayName="Type" parentSchemaName="adx_invitation" parentDisplayName="Invitation" solution="Active" />
        <Dependent key="1" type="29" displayName="Upgrade Contact Invitation" id="{db9e89d7-6e04-4c3d-88c3-2e512d4cd37b}" />
      </MissingDependency>
      <MissingDependency>
        <Required key="18" type="2" schemaName="adx_name" displayName="Name" parentSchemaName="adx_invitation" parentDisplayName="Invitation" solution="Active" />
        <Dependent key="1" type="29" displayName="Upgrade Contact Invitation" id="{db9e89d7-6e04-4c3d-88c3-2e512d4cd37b}" />
      </MissingDependency>
      <MissingDependency>
        <Required key="23" type="2" schemaName="adx_expirydate" displayName="Expiry Date" parentSchemaName="adx_invitation" parentDisplayName="Invitation" solution="Active" />
        <Dependent key="1" type="29" displayName="Upgrade Contact Invitation" id="{db9e89d7-6e04-4c3d-88c3-2e512d4cd37b}" />
      </MissingDependency>
      <MissingDependency>
        <Required key="36" type="2" schemaName="adx_invitationcodeexpirydate" displayName="Invitation Code Expiry" parentSchemaName="contact" parentDisplayName="Contact" solution="AdxstudioPortalsDependencies (1.0.0030)" />
        <Dependent key="1" type="29" displayName="Upgrade Contact Invitation" id="{db9e89d7-6e04-4c3d-88c3-2e512d4cd37b}" />
      </MissingDependency>
      <MissingDependency>
        <Required key="21" type="2" schemaName="adx_invitecontact" displayName="Invite Contact" parentSchemaName="adx_invitation" parentDisplayName="Invitation" solution="Active" />
        <Dependent key="1" type="29" displayName="Upgrade Contact Invitation" id="{db9e89d7-6e04-4c3d-88c3-2e512d4cd37b}" />
      </MissingDependency>
      <MissingDependency>
        <Required key="17" type="2" schemaName="adx_invitationcode" displayName="Invitation Code" parentSchemaName="adx_invitation" parentDisplayName="Invitation" solution="Active" />
        <Dependent key="1" type="29" displayName="Upgrade Contact Invitation" id="{db9e89d7-6e04-4c3d-88c3-2e512d4cd37b}" />
      </MissingDependency>
      <MissingDependency>
        <Required key="37" type="2" schemaName="adx_maximumredemptions" displayName="Maximum Redemptions" parentSchemaName="adx_invitation" parentDisplayName="Invitation" solution="Active" />
        <Dependent key="1" type="29" displayName="Upgrade Contact Invitation" id="{db9e89d7-6e04-4c3d-88c3-2e512d4cd37b}" />
      </MissingDependency>
      <MissingDependency>
        <Required key="38" type="2" schemaName="subject" displayName="Subject" parentSchemaName="adx_inviteredemption" parentDisplayName="Invite Redemption" solution="Active" />
        <Dependent key="3" type="29" displayName="Invite Redemption" id="{2c707ab7-76e7-4df7-9a3b-ff4a4e50ba1e}" />
      </MissingDependency>
      <MissingDependency>
        <Required key="39" type="2" schemaName="activityid" displayName="Activity" parentSchemaName="adx_inviteredemption" parentDisplayName="Invite Redemption" solution="Active" />
        <Dependent key="3" type="29" displayName="Invite Redemption" id="{2c707ab7-76e7-4df7-9a3b-ff4a4e50ba1e}" />
      </MissingDependency>
      <MissingDependency>
        <Required key="40" type="10" schemaName="adx_invitation_invitecontact" displayName="adx_invitation_invitecontact" parentSchemaName="adx_invitation" parentDisplayName="Invitation" solution="Active" />
        <Dependent key="6" type="29" displayName="ADX Sign Up Email" id="{5de74dca-ccf3-4179-8c9d-bd7a1bf4c825}" />
      </MissingDependency>
      <MissingDependency>
        <Required key="41" type="10" schemaName="adx_webpage_pagenotification" displayName="adx_webpage_pagenotification" parentSchemaName="adx_pagenotification" parentDisplayName="Page Notification" solution="Active" />
        <Dependent key="9" type="29" displayName="ADX Page Notification" id="{225853ab-8f04-43cf-a44d-a1f0be41777a}" />
      </MissingDependency>
    </MissingDependencies>
  </SolutionManifest>
</ImportExportXml>