<Components xmlns:xsd="http://www.w3.org/2001/XMLSchema" xmlns:xsi="http://www.w3.org/2001/XMLSchema-instance" xmlns="http://schemas.microsoft.com/crm/2009/"><Component><Id>90227c78-1f5a-e411-943c-00155d038c01</Id><Name>Social Channel</Name><ComponentType>2</ComponentType><TypeName>Attribute</TypeName><Action>Remove</Action><Comments><Comment>The Attribute Social Channel hasn't been added to the solution because it contains at least one OptionSet that won't work in earlier versions of CRM. 
    </Comment></Comments></Component></Components>