<ImportExportXml xmlns:xsi="http://www.w3.org/2001/XMLSchema-instance">
  <Entities></Entities>
  <Roles></Roles>
  <Workflows>
    <Workflow WorkflowId="{64c31e0f-bdae-4d2b-931c-af8ff9789b64}" Name="IssueCommentUpdateAuthor">
      <XamlFileName>/Workflows/IssueCommentUpdateAuthor-64C31E0F-BDAE-4D2B-931C-AF8FF9789B64.xaml</XamlFileName>
      <Type>1</Type>
      <Subprocess>0</Subprocess>
      <Category>0</Category>
      <Mode>0</Mode>
      <Scope>4</Scope>
      <OnDemand>0</OnDemand>
      <TriggerOnUpdateAttributeList>adx_authorid</TriggerOnUpdateAttributeList>
      <TriggerOnCreate>1</TriggerOnCreate>
      <TriggerOnDelete>0</TriggerOnDelete>
      <AsyncAutodelete>0</AsyncAutodelete>
      <SyncWorkflowLogOnFailure>0</SyncWorkflowLogOnFailure>
      <StateCode>1</StateCode>
      <StatusCode>2</StatusCode>
      <IsTransacted>0</IsTransacted>
      <IntroducedVersion>7.0.0003</IntroducedVersion>
      <IsCustomizable>1</IsCustomizable>
      <PrimaryEntity>adx_issuecomment</PrimaryEntity>
    </Workflow>
    <Workflow WorkflowId="{08134978-ba35-4f90-800c-9dc093b3e2ab}" Name="IssueUpdateAuthor">
      <XamlFileName>/Workflows/IssueUpdateAuthor-08134978-BA35-4F90-800C-9DC093B3E2AB.xaml</XamlFileName>
      <Type>1</Type>
      <Subprocess>0</Subprocess>
      <Category>0</Category>
      <Mode>0</Mode>
      <Scope>4</Scope>
      <OnDemand>0</OnDemand>
      <TriggerOnUpdateAttributeList>adx_authorid</TriggerOnUpdateAttributeList>
      <TriggerOnCreate>1</TriggerOnCreate>
      <TriggerOnDelete>0</TriggerOnDelete>
      <AsyncAutodelete>0</AsyncAutodelete>
      <SyncWorkflowLogOnFailure>0</SyncWorkflowLogOnFailure>
      <StateCode>1</StateCode>
      <StatusCode>2</StatusCode>
      <IsTransacted>0</IsTransacted>
      <IntroducedVersion>7.0.0003</IntroducedVersion>
      <IsCustomizable>1</IsCustomizable>
      <PrimaryEntity>adx_issue</PrimaryEntity>
    </Workflow>
  </Workflows>
  <FieldSecurityProfiles></FieldSecurityProfiles>
  <Templates />
  <EntityMaps />
  <EntityRelationships />
  <OrganizationSettings />
  <optionsets />
  <Languages>
    <Language>1033</Language>
  </Languages>
</ImportExportXml>