<ImportExportXml version="6.0.0000.0809" SolutionPackageVersion="6.0" languagecode="1033" generatedBy="OnPremise" xmlns:xsi="http://www.w3.org/2001/XMLSchema-instance">
  <SolutionManifest>
    <UniqueName>AdxstudioIssuesWorkflows</UniqueName>
    <LocalizedNames>
      <LocalizedName description="Adxstudio Issues Workflows" languagecode="1033" />
    </LocalizedNames>
    <Descriptions>
      <Description description="Workflow processes utilized by Adxstudio Issues." languagecode="1033" />
    </Descriptions>
    <Version>7.0.0005</Version>
    <Managed>1</Managed>
    <Publisher>
      <UniqueName>adxstudio</UniqueName>
      <LocalizedNames>
        <LocalizedName description="Adxstudio Inc." languagecode="1033" />
      </LocalizedNames>
      <Descriptions>
        <Description description="Adxstudio brings qualified expertise in web portal and CMS frameworks to Microsoft Dynamics CRM with xRM Portals (CfMD), an integrated bundle of web portal accelerators which add sophisticated content management, event coordination, membership, profile and self-service capabilities to Dynamics CRM." languagecode="1033" />
      </Descriptions>
      <EMailAddress>support@adxstudio.com</EMailAddress>
      <SupportingWebsiteUrl>http://www.adxstudio.com</SupportingWebsiteUrl>
      <CustomizationPrefix>adx</CustomizationPrefix>
      <CustomizationOptionValuePrefix>75615</CustomizationOptionValuePrefix>
      <Addresses>
        <Address>
          <AddressNumber>1</AddressNumber>
          <AddressTypeCode>1</AddressTypeCode>
          <City xsi:nil="true"></City>
          <County xsi:nil="true"></County>
          <Country xsi:nil="true"></Country>
          <Fax xsi:nil="true"></Fax>
          <FreightTermsCode xsi:nil="true"></FreightTermsCode>
          <ImportSequenceNumber xsi:nil="true"></ImportSequenceNumber>
          <Latitude xsi:nil="true"></Latitude>
          <Line1 xsi:nil="true"></Line1>
          <Line2 xsi:nil="true"></Line2>
          <Line3 xsi:nil="true"></Line3>
          <Longitude xsi:nil="true"></Longitude>
          <Name xsi:nil="true"></Name>
          <PostalCode xsi:nil="true"></PostalCode>
          <PostOfficeBox xsi:nil="true"></PostOfficeBox>
          <PrimaryContactName xsi:nil="true"></PrimaryContactName>
          <ShippingMethodCode>1</ShippingMethodCode>
          <StateOrProvince xsi:nil="true"></StateOrProvince>
          <Telephone1 xsi:nil="true"></Telephone1>
          <Telephone2 xsi:nil="true"></Telephone2>
          <Telephone3 xsi:nil="true"></Telephone3>
          <TimeZoneRuleVersionNumber xsi:nil="true"></TimeZoneRuleVersionNumber>
          <UPSZone xsi:nil="true"></UPSZone>
          <UTCOffset xsi:nil="true"></UTCOffset>
          <UTCConversionTimeZoneCode xsi:nil="true"></UTCConversionTimeZoneCode>
        </Address>
        <Address>
          <AddressNumber>2</AddressNumber>
          <AddressTypeCode>1</AddressTypeCode>
          <City xsi:nil="true"></City>
          <County xsi:nil="true"></County>
          <Country xsi:nil="true"></Country>
          <Fax xsi:nil="true"></Fax>
          <FreightTermsCode xsi:nil="true"></FreightTermsCode>
          <ImportSequenceNumber xsi:nil="true"></ImportSequenceNumber>
          <Latitude xsi:nil="true"></Latitude>
          <Line1 xsi:nil="true"></Line1>
          <Line2 xsi:nil="true"></Line2>
          <Line3 xsi:nil="true"></Line3>
          <Longitude xsi:nil="true"></Longitude>
          <Name xsi:nil="true"></Name>
          <PostalCode xsi:nil="true"></PostalCode>
          <PostOfficeBox xsi:nil="true"></PostOfficeBox>
          <PrimaryContactName xsi:nil="true"></PrimaryContactName>
          <ShippingMethodCode>1</ShippingMethodCode>
          <StateOrProvince xsi:nil="true"></StateOrProvince>
          <Telephone1 xsi:nil="true"></Telephone1>
          <Telephone2 xsi:nil="true"></Telephone2>
          <Telephone3 xsi:nil="true"></Telephone3>
          <TimeZoneRuleVersionNumber xsi:nil="true"></TimeZoneRuleVersionNumber>
          <UPSZone xsi:nil="true"></UPSZone>
          <UTCOffset xsi:nil="true"></UTCOffset>
          <UTCConversionTimeZoneCode xsi:nil="true"></UTCConversionTimeZoneCode>
        </Address>
      </Addresses>
    </Publisher>
    <RootComponents>
      <RootComponent type="29" id="{08134978-ba35-4f90-800c-9dc093b3e2ab}" />
      <RootComponent type="29" id="{64c31e0f-bdae-4d2b-931c-af8ff9789b64}" />
    </RootComponents>
    <MissingDependencies>
      <MissingDependency>
        <Required key="0" type="1" schemaName="adx_issue" displayName="Issue" solution="Active" />
        <Dependent key="1" type="29" displayName="IssueUpdateAuthor" id="{08134978-ba35-4f90-800c-9dc093b3e2ab}" />
      </MissingDependency>
      <MissingDependency>
        <Required key="2" type="1" schemaName="adx_issuecomment" displayName="Issue Comment" solution="Active" />
        <Dependent key="3" type="29" displayName="IssueCommentUpdateAuthor" id="{64c31e0f-bdae-4d2b-931c-af8ff9789b64}" />
      </MissingDependency>
      <MissingDependency>
        <Required key="4" type="2" schemaName="adx_issuecommentid" displayName="Issue Comment" parentSchemaName="adx_issuecomment" parentDisplayName="Issue Comment" solution="Active" />
        <Dependent key="3" type="29" displayName="IssueCommentUpdateAuthor" id="{64c31e0f-bdae-4d2b-931c-af8ff9789b64}" />
      </MissingDependency>
      <MissingDependency>
        <Required key="5" type="2" schemaName="adx_authoremail" displayName="Author E-mail" parentSchemaName="adx_issue" parentDisplayName="Issue" solution="Active" />
        <Dependent key="1" type="29" displayName="IssueUpdateAuthor" id="{08134978-ba35-4f90-800c-9dc093b3e2ab}" />
      </MissingDependency>
      <MissingDependency>
        <Required key="6" type="2" schemaName="adx_issueid" displayName="Issue" parentSchemaName="adx_issue" parentDisplayName="Issue" solution="Active" />
        <Dependent key="1" type="29" displayName="IssueUpdateAuthor" id="{08134978-ba35-4f90-800c-9dc093b3e2ab}" />
      </MissingDependency>
      <MissingDependency>
        <Required key="7" type="2" schemaName="adx_authoremail" displayName="Author E-mail" parentSchemaName="adx_issuecomment" parentDisplayName="Issue Comment" solution="Active" />
        <Dependent key="3" type="29" displayName="IssueCommentUpdateAuthor" id="{64c31e0f-bdae-4d2b-931c-af8ff9789b64}" />
      </MissingDependency>
      <MissingDependency>
        <Required key="8" type="2" schemaName="adx_name" displayName="Name" parentSchemaName="adx_issuecomment" parentDisplayName="Issue Comment" solution="Active" />
        <Dependent key="3" type="29" displayName="IssueCommentUpdateAuthor" id="{64c31e0f-bdae-4d2b-931c-af8ff9789b64}" />
      </MissingDependency>
      <MissingDependency>
        <Required key="9" type="2" schemaName="adx_authorid" displayName="Author" parentSchemaName="adx_issuecomment" parentDisplayName="Issue Comment" solution="Active" />
        <Dependent key="3" type="29" displayName="IssueCommentUpdateAuthor" id="{64c31e0f-bdae-4d2b-931c-af8ff9789b64}" />
      </MissingDependency>
      <MissingDependency>
        <Required key="10" type="2" schemaName="adx_authorname" displayName="Author Name" parentSchemaName="adx_issue" parentDisplayName="Issue" solution="Active" />
        <Dependent key="1" type="29" displayName="IssueUpdateAuthor" id="{08134978-ba35-4f90-800c-9dc093b3e2ab}" />
      </MissingDependency>
      <MissingDependency>
        <Required key="11" type="2" schemaName="adx_name" displayName="Title" parentSchemaName="adx_issue" parentDisplayName="Issue" solution="Active" />
        <Dependent key="1" type="29" displayName="IssueUpdateAuthor" id="{08134978-ba35-4f90-800c-9dc093b3e2ab}" />
      </MissingDependency>
      <MissingDependency>
        <Required key="12" type="2" schemaName="adx_authorid" displayName="Author" parentSchemaName="adx_issue" parentDisplayName="Issue" solution="Active" />
        <Dependent key="1" type="29" displayName="IssueUpdateAuthor" id="{08134978-ba35-4f90-800c-9dc093b3e2ab}" />
      </MissingDependency>
      <MissingDependency>
        <Required key="13" type="2" schemaName="adx_authorname" displayName="Author Name" parentSchemaName="adx_issuecomment" parentDisplayName="Issue Comment" solution="Active" />
        <Dependent key="3" type="29" displayName="IssueCommentUpdateAuthor" id="{64c31e0f-bdae-4d2b-931c-af8ff9789b64}" />
      </MissingDependency>
      <MissingDependency>
        <Required key="14" type="10" schemaName="adx_contact_issue" solution="Active" />
        <Dependent key="1" type="29" displayName="IssueUpdateAuthor" id="{08134978-ba35-4f90-800c-9dc093b3e2ab}" />
      </MissingDependency>
      <MissingDependency>
        <Required key="15" type="10" schemaName="adx_contact_issuecomment" solution="Active" />
        <Dependent key="3" type="29" displayName="IssueCommentUpdateAuthor" id="{64c31e0f-bdae-4d2b-931c-af8ff9789b64}" />
      </MissingDependency>
    </MissingDependencies>
  </SolutionManifest>
</ImportExportXml>