﻿<?xml version="1.0" encoding="utf-8"?>
<ImportExportXml version="6.1.0002.0112" SolutionPackageVersion="6.0" languagecode="1033" generatedBy="OnPremise" xmlns:xsi="http://www.w3.org/2001/XMLSchema-instance">
  <SolutionManifest>
    <UniqueName>AdxstudioCareers</UniqueName>
    <LocalizedNames>
      <LocalizedName description="Adxstudio Careers" languagecode="1033" />
    </LocalizedNames>
    <Descriptions>
      <Description description="Careers extend Adxstudio Portals with online job postings and application forms." languagecode="1033" />
    </Descriptions>
    <Version>7.0.0007</Version>
    <Managed>1</Managed>
    <Publisher>
      <UniqueName>adxstudio</UniqueName>
      <LocalizedNames>
        <LocalizedName description="Adxstudio Inc." languagecode="1033" />
      </LocalizedNames>
      <Descriptions>
        <Description description="Adxstudio brings qualified expertise in web portal and CMS frameworks to Microsoft Dynamics CRM with xRM Portals (CfMD), an integrated bundle of web portal accelerators which add sophisticated content management, event coordination, membership, profile and self-service capabilities to Dynamics CRM." languagecode="1033" />
      </Descriptions>
      <EMailAddress>support@adxstudio.com</EMailAddress>
      <SupportingWebsiteUrl>http://www.adxstudio.com</SupportingWebsiteUrl>
      <CustomizationPrefix>adx</CustomizationPrefix>
      <CustomizationOptionValuePrefix>75615</CustomizationOptionValuePrefix>
      <Addresses>
        <Address>
          <AddressNumber>1</AddressNumber>
          <AddressTypeCode>1</AddressTypeCode>
          <City xsi:nil="true"></City>
          <County xsi:nil="true"></County>
          <Country xsi:nil="true"></Country>
          <Fax xsi:nil="true"></Fax>
          <FreightTermsCode xsi:nil="true"></FreightTermsCode>
          <ImportSequenceNumber xsi:nil="true"></ImportSequenceNumber>
          <Latitude xsi:nil="true"></Latitude>
          <Line1 xsi:nil="true"></Line1>
          <Line2 xsi:nil="true"></Line2>
          <Line3 xsi:nil="true"></Line3>
          <Longitude xsi:nil="true"></Longitude>
          <Name xsi:nil="true"></Name>
          <PostalCode xsi:nil="true"></PostalCode>
          <PostOfficeBox xsi:nil="true"></PostOfficeBox>
          <PrimaryContactName xsi:nil="true"></PrimaryContactName>
          <ShippingMethodCode>1</ShippingMethodCode>
          <StateOrProvince xsi:nil="true"></StateOrProvince>
          <Telephone1 xsi:nil="true"></Telephone1>
          <Telephone2 xsi:nil="true"></Telephone2>
          <Telephone3 xsi:nil="true"></Telephone3>
          <TimeZoneRuleVersionNumber xsi:nil="true"></TimeZoneRuleVersionNumber>
          <UPSZone xsi:nil="true"></UPSZone>
          <UTCOffset xsi:nil="true"></UTCOffset>
          <UTCConversionTimeZoneCode xsi:nil="true"></UTCConversionTimeZoneCode>
        </Address>
        <Address>
          <AddressNumber>2</AddressNumber>
          <AddressTypeCode>1</AddressTypeCode>
          <City xsi:nil="true"></City>
          <County xsi:nil="true"></County>
          <Country xsi:nil="true"></Country>
          <Fax xsi:nil="true"></Fax>
          <FreightTermsCode xsi:nil="true"></FreightTermsCode>
          <ImportSequenceNumber xsi:nil="true"></ImportSequenceNumber>
          <Latitude xsi:nil="true"></Latitude>
          <Line1 xsi:nil="true"></Line1>
          <Line2 xsi:nil="true"></Line2>
          <Line3 xsi:nil="true"></Line3>
          <Longitude xsi:nil="true"></Longitude>
          <Name xsi:nil="true"></Name>
          <PostalCode xsi:nil="true"></PostalCode>
          <PostOfficeBox xsi:nil="true"></PostOfficeBox>
          <PrimaryContactName xsi:nil="true"></PrimaryContactName>
          <ShippingMethodCode>1</ShippingMethodCode>
          <StateOrProvince xsi:nil="true"></StateOrProvince>
          <Telephone1 xsi:nil="true"></Telephone1>
          <Telephone2 xsi:nil="true"></Telephone2>
          <Telephone3 xsi:nil="true"></Telephone3>
          <TimeZoneRuleVersionNumber xsi:nil="true"></TimeZoneRuleVersionNumber>
          <UPSZone xsi:nil="true"></UPSZone>
          <UTCOffset xsi:nil="true"></UTCOffset>
          <UTCConversionTimeZoneCode xsi:nil="true"></UTCConversionTimeZoneCode>
        </Address>
      </Addresses>
    </Publisher>
    <RootComponents>
      <RootComponent type="1" schemaName="adx_jobapplication" />
      <RootComponent type="1" schemaName="adx_jobposting" />
      <RootComponent type="1" schemaName="adx_professionaldevelopment" />
      <RootComponent type="61" schemaName="adx_Icon_jobapplication_medium" />
      <RootComponent type="61" schemaName="adx_Icon_jobapplication_small" />
      <RootComponent type="61" schemaName="adx_icon_jobposting_medium" />
      <RootComponent type="61" schemaName="adx_Icon_jobposting_small" />
      <RootComponent type="61" schemaName="adx_icon_nav_careers_32.png" />
      <RootComponent type="61" schemaName="adx_icon_nav_careers_small" />
      <RootComponent type="61" schemaName="adx_icon_professionaldev_medium" />
      <RootComponent type="61" schemaName="adx_icon_professionaldev_small" />
      <RootComponent type="62" />
    </RootComponents>
    <MissingDependencies>
      <MissingDependency>
        <Required key="0" type="1" schemaName="adx_webpage" displayName="Web Page" solution="AdxstudioPortalsDependencies (1.0.0031)" />
        <Dependent key="1" type="62" id="{17a3a638-e33c-e311-93f9-00155d03a503}" />
      </MissingDependency>
      <MissingDependency>
        <Required key="2" type="1" schemaName="adx_redirect" displayName="Redirect" solution="AdxstudioPortals (7.0.0060)" />
        <Dependent key="1" type="62" id="{17a3a638-e33c-e311-93f9-00155d03a503}" />
      </MissingDependency>
      <MissingDependency>
        <Required key="3" type="1" schemaName="adx_publishingstatetransitionrule" displayName="Publishing State Transition Rule" solution="AdxstudioPortals (7.0.0060)" />
        <Dependent key="1" type="62" id="{17a3a638-e33c-e311-93f9-00155d03a503}" />
      </MissingDependency>
      <MissingDependency>
        <Required key="4" type="1" schemaName="adx_websiteaccess" displayName="Website Access" solution="AdxstudioPortals (7.0.0060)" />
        <Dependent key="1" type="62" id="{17a3a638-e33c-e311-93f9-00155d03a503}" />
      </MissingDependency>
      <MissingDependency>
        <Required key="5" type="1" schemaName="adx_webpageaccesscontrolrule" displayName="Web Page Access Control Rule" solution="AdxstudioPortals (7.0.0060)" />
        <Dependent key="1" type="62" id="{17a3a638-e33c-e311-93f9-00155d03a503}" />
      </MissingDependency>
      <MissingDependency>
        <Required key="6" type="1" schemaName="adx_webfile" displayName="Web File" solution="AdxstudioPortalsDependencies (1.0.0031)" />
        <Dependent key="1" type="62" id="{17a3a638-e33c-e311-93f9-00155d03a503}" />
      </MissingDependency>
      <MissingDependency>
        <Required key="7" type="1" schemaName="adx_pagetemplate" displayName="Page Template" solution="AdxstudioPortalsDependencies (1.0.0031)" />
        <Dependent key="1" type="62" id="{17a3a638-e33c-e311-93f9-00155d03a503}" />
      </MissingDependency>
      <MissingDependency>
        <Required key="8" type="1" schemaName="adx_caseaccess" displayName="Case Access" solution="AdxstudioPortalsDependencies (1.0.0031)" />
        <Dependent key="1" type="62" id="{17a3a638-e33c-e311-93f9-00155d03a503}" />
      </MissingDependency>
      <MissingDependency>
        <Required key="9" type="1" schemaName="adx_ad" displayName="Ad" solution="AdxstudioPortals (7.0.0060)" />
        <Dependent key="1" type="62" id="{17a3a638-e33c-e311-93f9-00155d03a503}" />
      </MissingDependency>
      <MissingDependency>
        <Required key="10" type="1" schemaName="adx_licensekey" displayName="Adxstudio License Key" solution="AdxstudioPortals (7.0.0060)" />
        <Dependent key="1" type="62" id="{17a3a638-e33c-e311-93f9-00155d03a503}" />
      </MissingDependency>
      <MissingDependency>
        <Required key="11" type="1" schemaName="adx_sitemarker" displayName="Site Marker" solution="AdxstudioPortalsDependencies (1.0.0031)" />
        <Dependent key="1" type="62" id="{17a3a638-e33c-e311-93f9-00155d03a503}" />
      </MissingDependency>
      <MissingDependency>
        <Required key="12" type="1" schemaName="adx_poll" displayName="Poll" solution="AdxstudioPortals (7.0.0060)" />
        <Dependent key="1" type="62" id="{17a3a638-e33c-e311-93f9-00155d03a503}" />
      </MissingDependency>
      <MissingDependency>
        <Required key="13" type="1" schemaName="adx_websitebinding" displayName="Website Binding" solution="AdxstudioPortals (7.0.0060)" />
        <Dependent key="1" type="62" id="{17a3a638-e33c-e311-93f9-00155d03a503}" />
      </MissingDependency>
      <MissingDependency>
        <Required key="14" type="1" schemaName="adx_contactaccess" displayName="Contact Access" solution="AdxstudioPortalsDependencies (1.0.0031)" />
        <Dependent key="1" type="62" id="{17a3a638-e33c-e311-93f9-00155d03a503}" />
      </MissingDependency>
      <MissingDependency>
        <Required key="15" type="1" schemaName="adx_website" displayName="Website" solution="AdxstudioPortalsDependencies (1.0.0031)" />
        <Dependent key="1" type="62" id="{17a3a638-e33c-e311-93f9-00155d03a503}" />
      </MissingDependency>
      <MissingDependency>
        <Required key="16" type="1" schemaName="adx_webnotificationurl" displayName="Web Notification URL" solution="AdxstudioPortalsDependencies (1.0.0031)" />
        <Dependent key="1" type="62" id="{17a3a638-e33c-e311-93f9-00155d03a503}" />
      </MissingDependency>
      <MissingDependency>
        <Required key="17" type="1" schemaName="adx_contentsnippet" displayName="Content Snippet" solution="AdxstudioPortalsDependencies (1.0.0031)" />
        <Dependent key="1" type="62" id="{17a3a638-e33c-e311-93f9-00155d03a503}" />
      </MissingDependency>
      <MissingDependency>
        <Required key="18" type="1" schemaName="adx_accountaccess" displayName="Account Access" solution="AdxstudioPortalsDependencies (1.0.0031)" />
        <Dependent key="1" type="62" id="{17a3a638-e33c-e311-93f9-00155d03a503}" />
      </MissingDependency>
      <MissingDependency>
        <Required key="19" type="1" schemaName="adx_shortcut" displayName="Shortcut" solution="AdxstudioPortals (7.0.0060)" />
        <Dependent key="1" type="62" id="{17a3a638-e33c-e311-93f9-00155d03a503}" />
      </MissingDependency>
      <MissingDependency>
        <Required key="20" type="1" schemaName="adx_adplacement" displayName="Ad Placement" solution="AdxstudioPortals (7.0.0060)" />
        <Dependent key="1" type="62" id="{17a3a638-e33c-e311-93f9-00155d03a503}" />
      </MissingDependency>
      <MissingDependency>
        <Required key="21" type="1" schemaName="adx_sitesetting" displayName="Site Setting" solution="AdxstudioPortalsDependencies (1.0.0031)" />
        <Dependent key="1" type="62" id="{17a3a638-e33c-e311-93f9-00155d03a503}" />
      </MissingDependency>
      <MissingDependency>
        <Required key="22" type="1" schemaName="adx_pollplacement" displayName="Poll Placement" solution="AdxstudioPortals (7.0.0060)" />
        <Dependent key="1" type="62" id="{17a3a638-e33c-e311-93f9-00155d03a503}" />
      </MissingDependency>
      <MissingDependency>
        <Required key="23" type="1" schemaName="adx_webrole" displayName="Web Role" solution="AdxstudioPortalsDependencies (1.0.0031)" />
        <Dependent key="1" type="62" id="{17a3a638-e33c-e311-93f9-00155d03a503}" />
      </MissingDependency>
      <MissingDependency>
        <Required key="24" type="1" schemaName="adx_weblinkset" displayName="Web Link Set" solution="AdxstudioPortalsDependencies (1.0.0031)" />
        <Dependent key="1" type="62" id="{17a3a638-e33c-e311-93f9-00155d03a503}" />
      </MissingDependency>
      <MissingDependency>
        <Required key="15" type="1" schemaName="adx_website" displayName="Website" solution="AdxstudioPortalsDependencies (1.0.0031)" />
        <Dependent key="25" type="10" schemaName="adx_website_jobposting" displayName="adx_website_jobposting" parentSchemaName="adx_jobposting" parentDisplayName="Job Posting" />
      </MissingDependency>
      <MissingDependency>
        <Required key="26" type="2" schemaName="adx_name" displayName="Name" parentSchemaName="adx_website" parentDisplayName="Website" solution="AdxstudioPortalsDependencies (1.0.0031)" />
        <Dependent key="25" type="10" schemaName="adx_website_jobposting" displayName="adx_website_jobposting" parentSchemaName="adx_jobposting" parentDisplayName="Job Posting" />
      </MissingDependency>
      <MissingDependency>
        <Required key="27" type="2" schemaName="adx_websiteid" displayName="Website" parentSchemaName="adx_website" parentDisplayName="Website" solution="AdxstudioPortalsDependencies (1.0.0031)" />
        <Dependent key="25" type="10" schemaName="adx_website_jobposting" displayName="adx_website_jobposting" parentSchemaName="adx_jobposting" parentDisplayName="Job Posting" />
      </MissingDependency>
      <MissingDependency>
        <Required key="26" type="2" schemaName="adx_name" displayName="Name" parentSchemaName="adx_website" parentDisplayName="Website" solution="AdxstudioPortalsDependencies (1.0.0031)" />
        <Dependent key="25" type="10" schemaName="adx_website_jobposting" displayName="adx_website_jobposting" parentSchemaName="adx_jobposting" parentDisplayName="Job Posting" />
      </MissingDependency>
      <MissingDependency>
        <Required key="28" type="1" schemaName="contact" displayName="Contact" solution="System" />
        <Dependent key="29" type="10" schemaName="adx_contact_professionaldevelopment" displayName="adx_contact_professionaldevelopment" parentSchemaName="adx_professionaldevelopment" parentDisplayName="Professional Development" />
      </MissingDependency>
      <MissingDependency>
        <Required key="28" type="1" schemaName="contact" displayName="Contact" solution="System" />
        <Dependent key="30" type="10" schemaName="adx_contact_jobposting" displayName="adx_contact_jobposting" parentSchemaName="adx_jobposting" parentDisplayName="Job Posting" />
      </MissingDependency>
      <MissingDependency>
        <Required key="31" type="1" schemaName="account" displayName="Account" solution="System" />
        <Dependent key="32" type="10" schemaName="adx_account_jobposting" displayName="adx_account_jobposting" parentSchemaName="adx_jobposting" parentDisplayName="Job Posting" />
      </MissingDependency>
      <MissingDependency>
        <Required key="15" type="1" schemaName="adx_website" displayName="Website" solution="AdxstudioPortalsDependencies (1.0.0031)" />
        <Dependent key="25" type="10" schemaName="adx_website_jobposting" displayName="adx_website_jobposting" parentSchemaName="adx_jobposting" parentDisplayName="Job Posting" />
      </MissingDependency>
      <MissingDependency>
        <Required key="28" type="1" schemaName="contact" displayName="Contact" solution="System" />
        <Dependent key="33" type="10" schemaName="adx_contact_adx_jobapplication" displayName="adx_contact_adx_jobapplication" parentSchemaName="adx_jobapplication" parentDisplayName="Job Application" />
      </MissingDependency>
      <MissingDependency>
        <Required key="34" type="20" displayName="System Customizer" solution="System" id="{6de33915-e33c-e311-93f9-00155d03a503}" parentId="{119f245c-3cc8-4b62-b31c-d1a046ced15d}" />
        <Dependent key="35" type="60" displayName="Web Form" parentDisplayName="Job Application" id="{7aa6104e-cdb7-416c-84df-c7fb7eb418ba}" />
      </MissingDependency>
      <MissingDependency>
        <Required key="34" type="20" displayName="System Customizer" solution="System" id="{6de33915-e33c-e311-93f9-00155d03a503}" parentId="{119f245c-3cc8-4b62-b31c-d1a046ced15d}" />
        <Dependent key="36" type="60" displayName="ReadOnly Web Form" parentDisplayName="Job Posting" id="{e7c1b12f-2b38-47f2-a802-a627247428af}" />
      </MissingDependency>
      <MissingDependency>
        <Required key="37" type="26" schemaName="Contacts Lookup View" displayName="Contacts Lookup View" parentSchemaName="contact" parentDisplayName="Contact" solution="System" id="{a2d479c5-53e3-4c69-addd-802327e67a0d}" />
        <Dependent key="35" type="60" displayName="Web Form" parentDisplayName="Job Application" id="{7aa6104e-cdb7-416c-84df-c7fb7eb418ba}" />
      </MissingDependency>
      <MissingDependency>
        <Required key="38" type="61" schemaName="adx_icon_nav_cms_small" displayName="adx_icon_nav_cms_small" solution="AdxstudioPortals (7.0.0060)" />
        <Dependent key="1" type="62" id="{17a3a638-e33c-e311-93f9-00155d03a503}" />
      </MissingDependency>
    </MissingDependencies>
  </SolutionManifest>
</ImportExportXml>