<Components xmlns:xsd="http://www.w3.org/2001/XMLSchema" xmlns:xsi="http://www.w3.org/2001/XMLSchema-instance" xmlns="http://schemas.microsoft.com/crm/2009/"><Component><Id>9084dda0-1101-4339-8f19-aea4d5b6b474</Id><Name>Entitlement Products</Name><ComponentType>26</ComponentType><TypeName>Saved Query</TypeName><ParentEntity>Product</ParentEntity><Action>Remove</Action><Comments><Comment>The Saved Query Entitlement Products hasn't been added to the solution because it's a new Saved Query, or it contains components that won't work in earlier versions of CRM. 
    </Comment></Comments></Component><Component><Id>2f6bde36-f5a7-e211-90dd-00155d2c1704</Id><Name>product_entitlement_association</Name><ComponentType>10</ComponentType><TypeName>EntityRelationship</TypeName><ParentEntity>Entitlement</ParentEntity><Action>Remove</Action><Comments><Comment>The EntityRelationship product_entitlement_association hasn't been added to the solution because it's a new EntityRelationship, or it contains components that won't work in earlier versions of CRM. 
    </Comment></Comments></Component><Component><Id>d2c08a02-c791-478f-8786-34fc65382193</Id><Name>product_entitlementtemplate_association</Name><ComponentType>10</ComponentType><TypeName>EntityRelationship</TypeName><ParentEntity>Entitlement Template</ParentEntity><Action>Remove</Action><Comments><Comment>The EntityRelationship product_entitlementtemplate_association hasn't been added to the solution because it's a new EntityRelationship, or it contains components that won't work in earlier versions of CRM. 
    </Comment></Comments></Component><Component><Id>6d691325-0198-4f45-b6b4-9508de2b1f45</Id><Name>Product_SharepointDocument</Name><ComponentType>10</ComponentType><TypeName>EntityRelationship</TypeName><ParentEntity>Product</ParentEntity><Action>Remove</Action><Comments><Comment>The EntityRelationship Product_SharepointDocument hasn't been added to the solution because it's a new EntityRelationship, or it contains components that won't work in earlier versions of CRM. 
    </Comment></Comments></Component><Component><Id>df303dda-a0b7-4cc1-aebd-dd1faa7ef972</Id><Name>SalesLiterature_SharepointDocument</Name><ComponentType>10</ComponentType><TypeName>EntityRelationship</TypeName><ParentEntity>Sales Literature</ParentEntity><Action>Remove</Action><Comments><Comment>The EntityRelationship SalesLiterature_SharepointDocument hasn't been added to the solution because it's a new EntityRelationship, or it contains components that won't work in earlier versions of CRM. 
    </Comment></Comments></Component></Components>