﻿<?xml version="1.0" encoding="utf-8"?>
<ImportExportXml version="6.1.0002.0112" SolutionPackageVersion="6.0" languagecode="1033" generatedBy="OnPremise" xmlns:xsi="http://www.w3.org/2001/XMLSchema-instance">
  <SolutionManifest>
    <UniqueName>AdxstudioRetail</UniqueName>
    <LocalizedNames>
      <LocalizedName description="Adxstudio Retail" languagecode="1033" />
    </LocalizedNames>
    <Descriptions>
      <Description description="Extends Adxstudio Portals with retail features such as store, store locator, product catalog, product reviews." languagecode="1033" />
    </Descriptions>
    <Version>7.0.0008</Version>
    <Managed>1</Managed>
    <Publisher>
      <UniqueName>adxstudio</UniqueName>
      <LocalizedNames>
        <LocalizedName description="Adxstudio Inc." languagecode="1033" />
      </LocalizedNames>
      <Descriptions>
        <Description description="Adxstudio brings qualified expertise in web portal and CMS frameworks to Microsoft Dynamics CRM with xRM Portals (CfMD), an integrated bundle of web portal accelerators which add sophisticated content management, event coordination, membership, profile and self-service capabilities to Dynamics CRM." languagecode="1033" />
      </Descriptions>
      <EMailAddress>support@adxstudio.com</EMailAddress>
      <SupportingWebsiteUrl>http://www.adxstudio.com</SupportingWebsiteUrl>
      <CustomizationPrefix>adx</CustomizationPrefix>
      <CustomizationOptionValuePrefix>75615</CustomizationOptionValuePrefix>
      <Addresses>
        <Address>
          <AddressNumber>1</AddressNumber>
          <AddressTypeCode>1</AddressTypeCode>
          <City xsi:nil="true"></City>
          <County xsi:nil="true"></County>
          <Country xsi:nil="true"></Country>
          <Fax xsi:nil="true"></Fax>
          <FreightTermsCode xsi:nil="true"></FreightTermsCode>
          <ImportSequenceNumber xsi:nil="true"></ImportSequenceNumber>
          <Latitude xsi:nil="true"></Latitude>
          <Line1 xsi:nil="true"></Line1>
          <Line2 xsi:nil="true"></Line2>
          <Line3 xsi:nil="true"></Line3>
          <Longitude xsi:nil="true"></Longitude>
          <Name xsi:nil="true"></Name>
          <PostalCode xsi:nil="true"></PostalCode>
          <PostOfficeBox xsi:nil="true"></PostOfficeBox>
          <PrimaryContactName xsi:nil="true"></PrimaryContactName>
          <ShippingMethodCode>1</ShippingMethodCode>
          <StateOrProvince xsi:nil="true"></StateOrProvince>
          <Telephone1 xsi:nil="true"></Telephone1>
          <Telephone2 xsi:nil="true"></Telephone2>
          <Telephone3 xsi:nil="true"></Telephone3>
          <TimeZoneRuleVersionNumber xsi:nil="true"></TimeZoneRuleVersionNumber>
          <UPSZone xsi:nil="true"></UPSZone>
          <UTCOffset xsi:nil="true"></UTCOffset>
          <UTCConversionTimeZoneCode xsi:nil="true"></UTCConversionTimeZoneCode>
        </Address>
        <Address>
          <AddressNumber>2</AddressNumber>
          <AddressTypeCode>1</AddressTypeCode>
          <City xsi:nil="true"></City>
          <County xsi:nil="true"></County>
          <Country xsi:nil="true"></Country>
          <Fax xsi:nil="true"></Fax>
          <FreightTermsCode xsi:nil="true"></FreightTermsCode>
          <ImportSequenceNumber xsi:nil="true"></ImportSequenceNumber>
          <Latitude xsi:nil="true"></Latitude>
          <Line1 xsi:nil="true"></Line1>
          <Line2 xsi:nil="true"></Line2>
          <Line3 xsi:nil="true"></Line3>
          <Longitude xsi:nil="true"></Longitude>
          <Name xsi:nil="true"></Name>
          <PostalCode xsi:nil="true"></PostalCode>
          <PostOfficeBox xsi:nil="true"></PostOfficeBox>
          <PrimaryContactName xsi:nil="true"></PrimaryContactName>
          <ShippingMethodCode>1</ShippingMethodCode>
          <StateOrProvince xsi:nil="true"></StateOrProvince>
          <Telephone1 xsi:nil="true"></Telephone1>
          <Telephone2 xsi:nil="true"></Telephone2>
          <Telephone3 xsi:nil="true"></Telephone3>
          <TimeZoneRuleVersionNumber xsi:nil="true"></TimeZoneRuleVersionNumber>
          <UPSZone xsi:nil="true"></UPSZone>
          <UTCOffset xsi:nil="true"></UTCOffset>
          <UTCConversionTimeZoneCode xsi:nil="true"></UTCConversionTimeZoneCode>
        </Address>
      </Addresses>
    </Publisher>
    <RootComponents>
      <RootComponent type="1" schemaName="adx_brand" />
      <RootComponent type="1" schemaName="adx_recall" />
      <RootComponent type="1" schemaName="adx_recallproduct" />
      <RootComponent type="1" schemaName="adx_review" />
      <RootComponent type="1" schemaName="adx_store" />
      <RootComponent type="1" schemaName="product" />
      <RootComponent type="1" schemaName="salesliterature" />
      <RootComponent type="61" schemaName="adx_brand_icon_16x16.png" />
      <RootComponent type="61" schemaName="adx_brand_icon_32x32.png" />
      <RootComponent type="61" schemaName="adx_recallproduct_icon_16x16.png" />
      <RootComponent type="61" schemaName="adx_recallproduct_icon_32x32.png" />
      <RootComponent type="61" schemaName="adx_recall_icon_16x16.png" />
      <RootComponent type="61" schemaName="adx_recall_icon_32x32.png" />
      <RootComponent type="61" schemaName="adx_review_icon_16x16.png" />
      <RootComponent type="61" schemaName="adx_review_icon_32x32.png" />
      <RootComponent type="61" schemaName="adx_store_icon_16x16.png" />
      <RootComponent type="61" schemaName="adx_store_icon_32x32.png" />
      <RootComponent type="62" />
      <RootComponent type="91" schemaName="Adxstudio.Xrm.Plugins.Products, Version=6.0.0.0, Culture=neutral, PublicKeyToken=b7191ff16e41d602" />
      <RootComponent type="92" id="{ec475215-1fad-e211-9b24-00155d036906}" />
      <RootComponent type="92" id="{f08d49e3-1ead-e211-9b24-00155d036906}" />
      <RootComponent type="92" id="{f8651407-1fad-e211-9b24-00155d036906}" />
    </RootComponents>
    <MissingDependencies>
      <MissingDependency>
        <Required key="0" type="1" schemaName="adx_licensekey" displayName="Adxstudio License Key" solution="AdxstudioPortals (7.0.0060)" />
        <Dependent key="1" type="62" id="{17a3a638-e33c-e311-93f9-00155d03a503}" />
      </MissingDependency>
      <MissingDependency>
        <Required key="2" type="1" schemaName="adx_sitemarker" displayName="Site Marker" solution="AdxstudioPortalsDependencies (1.0.0031)" />
        <Dependent key="1" type="62" id="{17a3a638-e33c-e311-93f9-00155d03a503}" />
      </MissingDependency>
      <MissingDependency>
        <Required key="3" type="1" schemaName="adx_sitesetting" displayName="Site Setting" solution="AdxstudioPortalsDependencies (1.0.0031)" />
        <Dependent key="1" type="62" id="{17a3a638-e33c-e311-93f9-00155d03a503}" />
      </MissingDependency>
      <MissingDependency>
        <Required key="4" type="1" schemaName="adx_redirect" displayName="Redirect" solution="AdxstudioPortals (7.0.0060)" />
        <Dependent key="1" type="62" id="{17a3a638-e33c-e311-93f9-00155d03a503}" />
      </MissingDependency>
      <MissingDependency>
        <Required key="5" type="1" schemaName="adx_contentsnippet" displayName="Content Snippet" solution="AdxstudioPortalsDependencies (1.0.0031)" />
        <Dependent key="1" type="62" id="{17a3a638-e33c-e311-93f9-00155d03a503}" />
      </MissingDependency>
      <MissingDependency>
        <Required key="6" type="1" schemaName="adx_accountaccess" displayName="Account Access" solution="AdxstudioPortalsDependencies (1.0.0031)" />
        <Dependent key="1" type="62" id="{17a3a638-e33c-e311-93f9-00155d03a503}" />
      </MissingDependency>
      <MissingDependency>
        <Required key="7" type="1" schemaName="adx_webfile" displayName="Web File" solution="AdxstudioPortalsDependencies (1.0.0031)" />
        <Dependent key="1" type="62" id="{17a3a638-e33c-e311-93f9-00155d03a503}" />
      </MissingDependency>
      <MissingDependency>
        <Required key="8" type="1" schemaName="adx_webpageaccesscontrolrule" displayName="Web Page Access Control Rule" solution="AdxstudioPortals (7.0.0060)" />
        <Dependent key="1" type="62" id="{17a3a638-e33c-e311-93f9-00155d03a503}" />
      </MissingDependency>
      <MissingDependency>
        <Required key="9" type="1" schemaName="adx_publishingstatetransitionrule" displayName="Publishing State Transition Rule" solution="AdxstudioPortals (7.0.0060)" />
        <Dependent key="1" type="62" id="{17a3a638-e33c-e311-93f9-00155d03a503}" />
      </MissingDependency>
      <MissingDependency>
        <Required key="10" type="1" schemaName="adx_weblinkset" displayName="Web Link Set" solution="AdxstudioPortalsDependencies (1.0.0031)" />
        <Dependent key="1" type="62" id="{17a3a638-e33c-e311-93f9-00155d03a503}" />
      </MissingDependency>
      <MissingDependency>
        <Required key="11" type="1" schemaName="adx_caseaccess" displayName="Case Access" solution="AdxstudioPortalsDependencies (1.0.0031)" />
        <Dependent key="1" type="62" id="{17a3a638-e33c-e311-93f9-00155d03a503}" />
      </MissingDependency>
      <MissingDependency>
        <Required key="12" type="1" schemaName="adx_webnotificationurl" displayName="Web Notification URL" solution="AdxstudioPortalsDependencies (1.0.0031)" />
        <Dependent key="1" type="62" id="{17a3a638-e33c-e311-93f9-00155d03a503}" />
      </MissingDependency>
      <MissingDependency>
        <Required key="13" type="1" schemaName="adx_webrole" displayName="Web Role" solution="AdxstudioPortalsDependencies (1.0.0031)" />
        <Dependent key="1" type="62" id="{17a3a638-e33c-e311-93f9-00155d03a503}" />
      </MissingDependency>
      <MissingDependency>
        <Required key="14" type="1" schemaName="adx_contactaccess" displayName="Contact Access" solution="AdxstudioPortalsDependencies (1.0.0031)" />
        <Dependent key="1" type="62" id="{17a3a638-e33c-e311-93f9-00155d03a503}" />
      </MissingDependency>
      <MissingDependency>
        <Required key="15" type="1" schemaName="adx_websiteaccess" displayName="Website Access" solution="AdxstudioPortals (7.0.0060)" />
        <Dependent key="1" type="62" id="{17a3a638-e33c-e311-93f9-00155d03a503}" />
      </MissingDependency>
      <MissingDependency>
        <Required key="16" type="1" schemaName="adx_shortcut" displayName="Shortcut" solution="AdxstudioPortals (7.0.0060)" />
        <Dependent key="1" type="62" id="{17a3a638-e33c-e311-93f9-00155d03a503}" />
      </MissingDependency>
      <MissingDependency>
        <Required key="17" type="1" schemaName="adx_pollplacement" displayName="Poll Placement" solution="AdxstudioPortals (7.0.0060)" />
        <Dependent key="1" type="62" id="{17a3a638-e33c-e311-93f9-00155d03a503}" />
      </MissingDependency>
      <MissingDependency>
        <Required key="18" type="1" schemaName="adx_ad" displayName="Ad" solution="AdxstudioPortals (7.0.0060)" />
        <Dependent key="1" type="62" id="{17a3a638-e33c-e311-93f9-00155d03a503}" />
      </MissingDependency>
      <MissingDependency>
        <Required key="19" type="1" schemaName="adx_webpage" displayName="Web Page" solution="AdxstudioPortalsDependencies (1.0.0031)" />
        <Dependent key="1" type="62" id="{17a3a638-e33c-e311-93f9-00155d03a503}" />
      </MissingDependency>
      <MissingDependency>
        <Required key="20" type="1" schemaName="adx_websitebinding" displayName="Website Binding" solution="AdxstudioPortals (7.0.0060)" />
        <Dependent key="1" type="62" id="{17a3a638-e33c-e311-93f9-00155d03a503}" />
      </MissingDependency>
      <MissingDependency>
        <Required key="21" type="1" schemaName="adx_website" displayName="Website" solution="AdxstudioPortalsDependencies (1.0.0031)" />
        <Dependent key="1" type="62" id="{17a3a638-e33c-e311-93f9-00155d03a503}" />
      </MissingDependency>
      <MissingDependency>
        <Required key="22" type="1" schemaName="adx_pagetemplate" displayName="Page Template" solution="AdxstudioPortalsDependencies (1.0.0031)" />
        <Dependent key="1" type="62" id="{17a3a638-e33c-e311-93f9-00155d03a503}" />
      </MissingDependency>
      <MissingDependency>
        <Required key="23" type="1" schemaName="adx_poll" displayName="Poll" solution="AdxstudioPortals (7.0.0060)" />
        <Dependent key="1" type="62" id="{17a3a638-e33c-e311-93f9-00155d03a503}" />
      </MissingDependency>
      <MissingDependency>
        <Required key="24" type="1" schemaName="adx_adplacement" displayName="Ad Placement" solution="AdxstudioPortals (7.0.0060)" />
        <Dependent key="1" type="62" id="{17a3a638-e33c-e311-93f9-00155d03a503}" />
      </MissingDependency>
      <MissingDependency>
        <Required key="25" type="1" schemaName="contact" displayName="Contact" solution="System" />
        <Dependent key="26" type="10" schemaName="adx_review_reviewercontact" displayName="adx_review_reviewercontact" parentSchemaName="adx_review" parentDisplayName="Review" />
      </MissingDependency>
      <MissingDependency>
        <Required key="27" type="20" displayName="System Customizer" solution="System" id="{6de33915-e33c-e311-93f9-00155d03a503}" parentId="{119f245c-3cc8-4b62-b31c-d1a046ced15d}" />
        <Dependent key="28" type="60" displayName="Literature Details" parentDisplayName="Sales Literature" id="{039f5f75-5d5f-4c75-948a-4d7e54429165}" />
      </MissingDependency>
      <MissingDependency>
        <Required key="27" type="20" displayName="System Customizer" solution="System" id="{6de33915-e33c-e311-93f9-00155d03a503}" parentId="{119f245c-3cc8-4b62-b31c-d1a046ced15d}" />
        <Dependent key="29" type="60" displayName="Recall Details" parentDisplayName="Recall" id="{fd505e41-2816-4358-86a5-9516c82c19b7}" />
      </MissingDependency>
      <MissingDependency>
        <Required key="27" type="20" displayName="System Customizer" solution="System" id="{6de33915-e33c-e311-93f9-00155d03a503}" parentId="{119f245c-3cc8-4b62-b31c-d1a046ced15d}" />
        <Dependent key="30" type="60" displayName="Product Details" parentDisplayName="Product" id="{d7934228-75d5-442b-ad0f-1634cf40449c}" />
      </MissingDependency>
      <MissingDependency>
        <Required key="31" type="26" schemaName="Price List By Product" displayName="Price List By Product" parentSchemaName="pricelevel" parentDisplayName="Price List" solution="System" id="{e2ad69c0-f7f1-4513-88cc-e255c188ceff}" />
        <Dependent key="30" type="60" displayName="Product Details" parentDisplayName="Product" id="{d7934228-75d5-442b-ad0f-1634cf40449c}" />
      </MissingDependency>
      <MissingDependency>
        <Required key="32" type="26" schemaName="Sales Literature Item Associated Subgrid" displayName="Sales Literature Item Associated Subgrid" parentSchemaName="salesliteratureitem" parentDisplayName="Sales Attachment" solution="System" id="{9e92b0b3-1585-e211-b227-00155d882402}" />
        <Dependent key="33" type="60" displayName="Sales Literature" parentDisplayName="Sales Literature" id="{5a95c8b2-6af1-4332-83ae-ea8ddf9c9c9c}" />
      </MissingDependency>
      <MissingDependency>
        <Required key="34" type="26" schemaName="All Competitors (summary)" displayName="All Competitors (summary)" parentSchemaName="competitor" parentDisplayName="Competitor" solution="System" id="{57bca9ac-87a0-4c28-adc8-2d0a4645f29e}" />
        <Dependent key="33" type="60" displayName="Sales Literature" parentDisplayName="Sales Literature" id="{5a95c8b2-6af1-4332-83ae-ea8ddf9c9c9c}" />
      </MissingDependency>
      <MissingDependency>
        <Required key="34" type="26" schemaName="All Competitors (summary)" displayName="All Competitors (summary)" parentSchemaName="competitor" parentDisplayName="Competitor" solution="System" id="{57bca9ac-87a0-4c28-adc8-2d0a4645f29e}" />
        <Dependent key="28" type="60" displayName="Literature Details" parentDisplayName="Sales Literature" id="{039f5f75-5d5f-4c75-948a-4d7e54429165}" />
      </MissingDependency>
      <MissingDependency>
        <Required key="32" type="26" schemaName="Sales Literature Item Associated Subgrid" displayName="Sales Literature Item Associated Subgrid" parentSchemaName="salesliteratureitem" parentDisplayName="Sales Attachment" solution="System" id="{9e92b0b3-1585-e211-b227-00155d882402}" />
        <Dependent key="28" type="60" displayName="Literature Details" parentDisplayName="Sales Literature" id="{039f5f75-5d5f-4c75-948a-4d7e54429165}" />
      </MissingDependency>
      <MissingDependency>
        <Required key="35" type="61" schemaName="adx_/tinymce/tinymce.html" displayName="adx_/tinymce/tinymce.html" solution="AdxstudioCRM2011ProductivityPack (1.0.0032)" />
        <Dependent key="36" type="60" displayName="Information" parentDisplayName="Store" id="{f3ac6364-cb97-4a4a-b7cd-1995d51c23ae}" />
      </MissingDependency>
      <MissingDependency>
        <Required key="37" type="61" schemaName="SalesLiterature_main_system_library.js" displayName="SalesLiterature_main_system_library.js" solution="System" />
        <Dependent key="33" type="60" displayName="Sales Literature" parentDisplayName="Sales Literature" id="{5a95c8b2-6af1-4332-83ae-ea8ddf9c9c9c}" />
      </MissingDependency>
      <MissingDependency>
        <Required key="38" type="61" schemaName="adx_icon_nav_cms_small" displayName="adx_icon_nav_cms_small" solution="AdxstudioPortals (7.0.0060)" />
        <Dependent key="1" type="62" id="{17a3a638-e33c-e311-93f9-00155d03a503}" />
      </MissingDependency>
      <MissingDependency>
        <Required key="35" type="61" schemaName="adx_/tinymce/tinymce.html" displayName="adx_/tinymce/tinymce.html" solution="AdxstudioCRM2011ProductivityPack (1.0.0032)" />
        <Dependent key="30" type="60" displayName="Product Details" parentDisplayName="Product" id="{d7934228-75d5-442b-ad0f-1634cf40449c}" />
      </MissingDependency>
      <MissingDependency>
        <Required key="35" type="61" schemaName="adx_/tinymce/tinymce.html" displayName="adx_/tinymce/tinymce.html" solution="AdxstudioCRM2011ProductivityPack (1.0.0032)" />
        <Dependent key="39" type="60" displayName="Information" parentDisplayName="Brand" id="{fa188d39-ea81-4d04-9fb2-070d9ecc5cc8}" />
      </MissingDependency>
    </MissingDependencies>
  </SolutionManifest>
</ImportExportXml>