<Components xmlns:xsd="http://www.w3.org/2001/XMLSchema" xmlns:xsi="http://www.w3.org/2001/XMLSchema-instance" xmlns="http://schemas.microsoft.com/crm/2009/"><Component><Id>9084dda0-1101-4339-8f19-aea4d5b6b474</Id><Name>Entitlement Products</Name><ComponentType>26</ComponentType><TypeName>Saved Query</TypeName><ParentEntity>Product</ParentEntity><Action>Remove</Action><Comments><Comment>The Saved Query Entitlement Products hasn't been added to the solution because it's a new Saved Query, or it contains components that won't work in earlier versions of CRM. 
    </Comment></Comments></Component><Component><Id>2f6bde36-f5a7-e211-90dd-00155d2c1704</Id><Name>product_entitlement_association</Name><ComponentType>10</ComponentType><TypeName>EntityRelationship</TypeName><ParentEntity>Entitlement</ParentEntity><Action>Remove</Action><Comments><Comment>The EntityRelationship product_entitlement_association hasn't been added to the solution because it's a new EntityRelationship, or it contains components that won't work in earlier versions of CRM. 
    </Comment></Comments></Component><Component><Id>d2c08a02-c791-478f-8786-34fc65382193</Id><Name>product_entitlementtemplate_association</Name><ComponentType>10</ComponentType><TypeName>EntityRelationship</TypeName><ParentEntity>Entitlement Template</ParentEntity><Action>Remove</Action><Comments><Comment>The EntityRelationship product_entitlementtemplate_association hasn't been added to the solution because it's a new EntityRelationship, or it contains components that won't work in earlier versions of CRM. 
    </Comment></Comments></Component><Component><Id>cfbc80bb-3c62-4b91-a905-45d2d055444f</Id><Name>SalesOrder_SocialActivities</Name><ComponentType>10</ComponentType><TypeName>EntityRelationship</TypeName><ParentEntity>Order</ParentEntity><Action>Remove</Action><Comments><Comment>The EntityRelationship SalesOrder_SocialActivities hasn't been added to the solution because it's a new EntityRelationship, or it contains components that won't work in earlier versions of CRM. 
    </Comment></Comments></Component><Component><Id>d86367f3-ad70-4b17-b7dd-512721d2fca4</Id><Name>Quote_SocialActivities</Name><ComponentType>10</ComponentType><TypeName>EntityRelationship</TypeName><ParentEntity>Social Activity</ParentEntity><Action>Remove</Action><Comments><Comment>The EntityRelationship Quote_SocialActivities hasn't been added to the solution because it's a new EntityRelationship, or it contains components that won't work in earlier versions of CRM. 
    </Comment></Comments></Component><Component><Id>25708bec-f143-4a90-89e1-8f9866a30559</Id><Name>Quote_SharepointDocument</Name><ComponentType>10</ComponentType><TypeName>EntityRelationship</TypeName><ParentEntity>Quote</ParentEntity><Action>Remove</Action><Comments><Comment>The EntityRelationship Quote_SharepointDocument hasn't been added to the solution because it's a new EntityRelationship, or it contains components that won't work in earlier versions of CRM. 
    </Comment></Comments></Component><Component><Id>6d691325-0198-4f45-b6b4-9508de2b1f45</Id><Name>Product_SharepointDocument</Name><ComponentType>10</ComponentType><TypeName>EntityRelationship</TypeName><ParentEntity>Product</ParentEntity><Action>Remove</Action><Comments><Comment>The EntityRelationship Product_SharepointDocument hasn't been added to the solution because it's a new EntityRelationship, or it contains components that won't work in earlier versions of CRM. 
    </Comment></Comments></Component><Component><Id>5214cc1e-0253-4c4a-941b-d35e463d57cb</Id><Name>Invoice_SocialActivities</Name><ComponentType>10</ComponentType><TypeName>EntityRelationship</TypeName><ParentEntity>Social Activity</ParentEntity><Action>Remove</Action><Comments><Comment>The EntityRelationship Invoice_SocialActivities hasn't been added to the solution because it's a new EntityRelationship, or it contains components that won't work in earlier versions of CRM. 
    </Comment></Comments></Component></Components>