﻿<?xml version="1.0" encoding="utf-8"?>
<ImportExportXml version="6.1.0002.0112" SolutionPackageVersion="6.0" languagecode="1033" generatedBy="OnPremise" xmlns:xsi="http://www.w3.org/2001/XMLSchema-instance">
  <SolutionManifest>
    <UniqueName>AdxstudioCommerce</UniqueName>
    <LocalizedNames>
      <LocalizedName description="Adxstudio Commerce" languagecode="1033" />
    </LocalizedNames>
    <Descriptions>
      <Description description="Commerce extends Adxstudio Portals with features enabling businesses to seamlessly integrate a shopping cart and payment processing into the their portal application." languagecode="1033" />
    </Descriptions>
    <Version>7.0.0009</Version>
    <Managed>1</Managed>
    <Publisher>
      <UniqueName>adxstudio</UniqueName>
      <LocalizedNames>
        <LocalizedName description="Adxstudio Inc." languagecode="1033" />
      </LocalizedNames>
      <Descriptions>
        <Description description="Adxstudio brings qualified expertise in web portal and CMS frameworks to Microsoft Dynamics CRM with xRM Portals (CfMD), an integrated bundle of web portal accelerators which add sophisticated content management, event coordination, membership, profile and self-service capabilities to Dynamics CRM." languagecode="1033" />
      </Descriptions>
      <EMailAddress>support@adxstudio.com</EMailAddress>
      <SupportingWebsiteUrl>http://www.adxstudio.com</SupportingWebsiteUrl>
      <CustomizationPrefix>adx</CustomizationPrefix>
      <CustomizationOptionValuePrefix>75615</CustomizationOptionValuePrefix>
      <Addresses>
        <Address>
          <AddressNumber>1</AddressNumber>
          <AddressTypeCode>1</AddressTypeCode>
          <City xsi:nil="true"></City>
          <County xsi:nil="true"></County>
          <Country xsi:nil="true"></Country>
          <Fax xsi:nil="true"></Fax>
          <FreightTermsCode xsi:nil="true"></FreightTermsCode>
          <ImportSequenceNumber xsi:nil="true"></ImportSequenceNumber>
          <Latitude xsi:nil="true"></Latitude>
          <Line1 xsi:nil="true"></Line1>
          <Line2 xsi:nil="true"></Line2>
          <Line3 xsi:nil="true"></Line3>
          <Longitude xsi:nil="true"></Longitude>
          <Name xsi:nil="true"></Name>
          <PostalCode xsi:nil="true"></PostalCode>
          <PostOfficeBox xsi:nil="true"></PostOfficeBox>
          <PrimaryContactName xsi:nil="true"></PrimaryContactName>
          <ShippingMethodCode>1</ShippingMethodCode>
          <StateOrProvince xsi:nil="true"></StateOrProvince>
          <Telephone1 xsi:nil="true"></Telephone1>
          <Telephone2 xsi:nil="true"></Telephone2>
          <Telephone3 xsi:nil="true"></Telephone3>
          <TimeZoneRuleVersionNumber xsi:nil="true"></TimeZoneRuleVersionNumber>
          <UPSZone xsi:nil="true"></UPSZone>
          <UTCOffset xsi:nil="true"></UTCOffset>
          <UTCConversionTimeZoneCode xsi:nil="true"></UTCConversionTimeZoneCode>
        </Address>
        <Address>
          <AddressNumber>2</AddressNumber>
          <AddressTypeCode>1</AddressTypeCode>
          <City xsi:nil="true"></City>
          <County xsi:nil="true"></County>
          <Country xsi:nil="true"></Country>
          <Fax xsi:nil="true"></Fax>
          <FreightTermsCode xsi:nil="true"></FreightTermsCode>
          <ImportSequenceNumber xsi:nil="true"></ImportSequenceNumber>
          <Latitude xsi:nil="true"></Latitude>
          <Line1 xsi:nil="true"></Line1>
          <Line2 xsi:nil="true"></Line2>
          <Line3 xsi:nil="true"></Line3>
          <Longitude xsi:nil="true"></Longitude>
          <Name xsi:nil="true"></Name>
          <PostalCode xsi:nil="true"></PostalCode>
          <PostOfficeBox xsi:nil="true"></PostOfficeBox>
          <PrimaryContactName xsi:nil="true"></PrimaryContactName>
          <ShippingMethodCode>1</ShippingMethodCode>
          <StateOrProvince xsi:nil="true"></StateOrProvince>
          <Telephone1 xsi:nil="true"></Telephone1>
          <Telephone2 xsi:nil="true"></Telephone2>
          <Telephone3 xsi:nil="true"></Telephone3>
          <TimeZoneRuleVersionNumber xsi:nil="true"></TimeZoneRuleVersionNumber>
          <UPSZone xsi:nil="true"></UPSZone>
          <UTCOffset xsi:nil="true"></UTCOffset>
          <UTCConversionTimeZoneCode xsi:nil="true"></UTCConversionTimeZoneCode>
        </Address>
      </Addresses>
    </Publisher>
    <RootComponents>
      <RootComponent type="1" schemaName="adx_discount" />
      <RootComponent type="1" schemaName="adx_shoppingcart" />
      <RootComponent type="1" schemaName="adx_shoppingcartitem" />
      <RootComponent type="1" schemaName="invoice" />
      <RootComponent type="1" schemaName="invoicedetail" />
      <RootComponent type="1" schemaName="product" />
      <RootComponent type="1" schemaName="quote" />
      <RootComponent type="1" schemaName="quotedetail" />
      <RootComponent type="1" schemaName="salesorder" />
      <RootComponent type="1" schemaName="salesorderdetail" />
      <RootComponent type="1" schemaName="uom" />
      <RootComponent type="61" schemaName="adx_discount.js" />
      <RootComponent type="61" schemaName="adx_discount_icon_16x16.png" />
      <RootComponent type="61" schemaName="adx_discount_icon_32x32.png" />
      <RootComponent type="61" schemaName="adx_icon_shoppingcartitem_medium" />
      <RootComponent type="61" schemaName="adx_icon_shoppingcartitem_small" />
      <RootComponent type="61" schemaName="adx_icon_shoppingcart_medium" />
      <RootComponent type="61" schemaName="adx_icon_shoppingcart_small" />
      <RootComponent type="62" />
      <RootComponent type="91" schemaName="Adxstudio.Xrm.Plugins.Commerce, Version=6.1.0.1, Culture=neutral, PublicKeyToken=b7191ff16e41d602" />
      <RootComponent type="92" id="{0ec26a5e-2c01-e311-b951-00155d03690b}" />
      <RootComponent type="92" id="{4d584757-7700-e311-b951-00155d03690b}" />
      <RootComponent type="92" id="{aaf32669-b0ff-e211-b951-00155d03690b}" />
      <RootComponent type="92" id="{b1c68bcc-5200-e311-b951-00155d03690b}" />
      <RootComponent type="92" id="{b69187bb-6500-e311-b951-00155d03690b}" />
    </RootComponents>
    <MissingDependencies>
      <MissingDependency>
        <Required key="0" type="1" schemaName="adx_adplacement" displayName="Ad Placement" solution="AdxstudioPortals (7.0.0060)" />
        <Dependent key="1" type="62" id="{17a3a638-e33c-e311-93f9-00155d03a503}" />
      </MissingDependency>
      <MissingDependency>
        <Required key="2" type="1" schemaName="adx_sitesetting" displayName="Site Setting" solution="AdxstudioPortalsDependencies (1.0.0031)" />
        <Dependent key="1" type="62" id="{17a3a638-e33c-e311-93f9-00155d03a503}" />
      </MissingDependency>
      <MissingDependency>
        <Required key="3" type="1" schemaName="adx_website" displayName="Website" solution="AdxstudioPortalsDependencies (1.0.0031)" />
        <Dependent key="1" type="62" id="{17a3a638-e33c-e311-93f9-00155d03a503}" />
      </MissingDependency>
      <MissingDependency>
        <Required key="4" type="1" schemaName="adx_weblinkset" displayName="Web Link Set" solution="AdxstudioPortalsDependencies (1.0.0031)" />
        <Dependent key="1" type="62" id="{17a3a638-e33c-e311-93f9-00155d03a503}" />
      </MissingDependency>
      <MissingDependency>
        <Required key="5" type="1" schemaName="adx_webfile" displayName="Web File" solution="AdxstudioPortalsDependencies (1.0.0031)" />
        <Dependent key="1" type="62" id="{17a3a638-e33c-e311-93f9-00155d03a503}" />
      </MissingDependency>
      <MissingDependency>
        <Required key="6" type="1" schemaName="adx_websiteaccess" displayName="Website Access" solution="AdxstudioPortals (7.0.0060)" />
        <Dependent key="1" type="62" id="{17a3a638-e33c-e311-93f9-00155d03a503}" />
      </MissingDependency>
      <MissingDependency>
        <Required key="7" type="1" schemaName="adx_redirect" displayName="Redirect" solution="AdxstudioPortals (7.0.0060)" />
        <Dependent key="1" type="62" id="{17a3a638-e33c-e311-93f9-00155d03a503}" />
      </MissingDependency>
      <MissingDependency>
        <Required key="8" type="1" schemaName="adx_pollplacement" displayName="Poll Placement" solution="AdxstudioPortals (7.0.0060)" />
        <Dependent key="1" type="62" id="{17a3a638-e33c-e311-93f9-00155d03a503}" />
      </MissingDependency>
      <MissingDependency>
        <Required key="9" type="1" schemaName="adx_webpage" displayName="Web Page" solution="AdxstudioPortalsDependencies (1.0.0031)" />
        <Dependent key="1" type="62" id="{17a3a638-e33c-e311-93f9-00155d03a503}" />
      </MissingDependency>
      <MissingDependency>
        <Required key="10" type="1" schemaName="adx_ad" displayName="Ad" solution="AdxstudioPortals (7.0.0060)" />
        <Dependent key="1" type="62" id="{17a3a638-e33c-e311-93f9-00155d03a503}" />
      </MissingDependency>
      <MissingDependency>
        <Required key="11" type="1" schemaName="adx_publishingstatetransitionrule" displayName="Publishing State Transition Rule" solution="AdxstudioPortals (7.0.0060)" />
        <Dependent key="1" type="62" id="{17a3a638-e33c-e311-93f9-00155d03a503}" />
      </MissingDependency>
      <MissingDependency>
        <Required key="12" type="1" schemaName="adx_accountaccess" displayName="Account Access" solution="AdxstudioPortalsDependencies (1.0.0031)" />
        <Dependent key="1" type="62" id="{17a3a638-e33c-e311-93f9-00155d03a503}" />
      </MissingDependency>
      <MissingDependency>
        <Required key="13" type="1" schemaName="adx_caseaccess" displayName="Case Access" solution="AdxstudioPortalsDependencies (1.0.0031)" />
        <Dependent key="1" type="62" id="{17a3a638-e33c-e311-93f9-00155d03a503}" />
      </MissingDependency>
      <MissingDependency>
        <Required key="14" type="1" schemaName="adx_pagetemplate" displayName="Page Template" solution="AdxstudioPortalsDependencies (1.0.0031)" />
        <Dependent key="1" type="62" id="{17a3a638-e33c-e311-93f9-00155d03a503}" />
      </MissingDependency>
      <MissingDependency>
        <Required key="15" type="1" schemaName="adx_licensekey" displayName="Adxstudio License Key" solution="AdxstudioPortals (7.0.0060)" />
        <Dependent key="1" type="62" id="{17a3a638-e33c-e311-93f9-00155d03a503}" />
      </MissingDependency>
      <MissingDependency>
        <Required key="16" type="1" schemaName="adx_poll" displayName="Poll" solution="AdxstudioPortals (7.0.0060)" />
        <Dependent key="1" type="62" id="{17a3a638-e33c-e311-93f9-00155d03a503}" />
      </MissingDependency>
      <MissingDependency>
        <Required key="17" type="1" schemaName="adx_sitemarker" displayName="Site Marker" solution="AdxstudioPortalsDependencies (1.0.0031)" />
        <Dependent key="1" type="62" id="{17a3a638-e33c-e311-93f9-00155d03a503}" />
      </MissingDependency>
      <MissingDependency>
        <Required key="18" type="1" schemaName="adx_shortcut" displayName="Shortcut" solution="AdxstudioPortals (7.0.0060)" />
        <Dependent key="1" type="62" id="{17a3a638-e33c-e311-93f9-00155d03a503}" />
      </MissingDependency>
      <MissingDependency>
        <Required key="19" type="1" schemaName="adx_websitebinding" displayName="Website Binding" solution="AdxstudioPortals (7.0.0060)" />
        <Dependent key="1" type="62" id="{17a3a638-e33c-e311-93f9-00155d03a503}" />
      </MissingDependency>
      <MissingDependency>
        <Required key="20" type="1" schemaName="adx_contentsnippet" displayName="Content Snippet" solution="AdxstudioPortalsDependencies (1.0.0031)" />
        <Dependent key="1" type="62" id="{17a3a638-e33c-e311-93f9-00155d03a503}" />
      </MissingDependency>
      <MissingDependency>
        <Required key="21" type="1" schemaName="adx_webpageaccesscontrolrule" displayName="Web Page Access Control Rule" solution="AdxstudioPortals (7.0.0060)" />
        <Dependent key="1" type="62" id="{17a3a638-e33c-e311-93f9-00155d03a503}" />
      </MissingDependency>
      <MissingDependency>
        <Required key="22" type="1" schemaName="adx_webnotificationurl" displayName="Web Notification URL" solution="AdxstudioPortalsDependencies (1.0.0031)" />
        <Dependent key="1" type="62" id="{17a3a638-e33c-e311-93f9-00155d03a503}" />
      </MissingDependency>
      <MissingDependency>
        <Required key="23" type="1" schemaName="adx_contactaccess" displayName="Contact Access" solution="AdxstudioPortalsDependencies (1.0.0031)" />
        <Dependent key="1" type="62" id="{17a3a638-e33c-e311-93f9-00155d03a503}" />
      </MissingDependency>
      <MissingDependency>
        <Required key="24" type="1" schemaName="adx_webrole" displayName="Web Role" solution="AdxstudioPortalsDependencies (1.0.0031)" />
        <Dependent key="1" type="62" id="{17a3a638-e33c-e311-93f9-00155d03a503}" />
      </MissingDependency>
      <MissingDependency>
        <Required key="3" type="1" schemaName="adx_website" displayName="Website" solution="AdxstudioPortalsDependencies (1.0.0031)" />
        <Dependent key="25" type="10" schemaName="adx_website_shoppingcart" displayName="adx_website_shoppingcart" parentSchemaName="adx_shoppingcart" parentDisplayName="Shopping Cart" />
      </MissingDependency>
      <MissingDependency>
        <Required key="26" type="2" schemaName="adx_name" displayName="Name" parentSchemaName="adx_website" parentDisplayName="Website" solution="AdxstudioPortalsDependencies (1.0.0031)" />
        <Dependent key="25" type="10" schemaName="adx_website_shoppingcart" displayName="adx_website_shoppingcart" parentSchemaName="adx_shoppingcart" parentDisplayName="Shopping Cart" />
      </MissingDependency>
      <MissingDependency>
        <Required key="27" type="2" schemaName="adx_websiteid" displayName="Website" parentSchemaName="adx_website" parentDisplayName="Website" solution="AdxstudioPortalsDependencies (1.0.0031)" />
        <Dependent key="25" type="10" schemaName="adx_website_shoppingcart" displayName="adx_website_shoppingcart" parentSchemaName="adx_shoppingcart" parentDisplayName="Shopping Cart" />
      </MissingDependency>
      <MissingDependency>
        <Required key="26" type="2" schemaName="adx_name" displayName="Name" parentSchemaName="adx_website" parentDisplayName="Website" solution="AdxstudioPortalsDependencies (1.0.0031)" />
        <Dependent key="25" type="10" schemaName="adx_website_shoppingcart" displayName="adx_website_shoppingcart" parentSchemaName="adx_shoppingcart" parentDisplayName="Shopping Cart" />
      </MissingDependency>
      <MissingDependency>
        <Required key="28" type="1" schemaName="contact" displayName="Contact" solution="System" />
        <Dependent key="29" type="10" schemaName="adx_contact_shoppingcart" displayName="adx_contact_shoppingcart" parentSchemaName="adx_shoppingcart" parentDisplayName="Shopping Cart" />
      </MissingDependency>
      <MissingDependency>
        <Required key="30" type="1" schemaName="productpricelevel" displayName="Price List Item" solution="System" />
        <Dependent key="31" type="10" schemaName="adx_discount_productpricelevel" displayName="adx_discount_productpricelevel" parentSchemaName="adx_discount" parentDisplayName="Discount" />
      </MissingDependency>
      <MissingDependency>
        <Required key="3" type="1" schemaName="adx_website" displayName="Website" solution="AdxstudioPortalsDependencies (1.0.0031)" />
        <Dependent key="25" type="10" schemaName="adx_website_shoppingcart" displayName="adx_website_shoppingcart" parentSchemaName="adx_shoppingcart" parentDisplayName="Shopping Cart" />
      </MissingDependency>
      <MissingDependency>
        <Required key="32" type="1" schemaName="pricelevel" displayName="Price List" solution="System" />
        <Dependent key="33" type="10" schemaName="adx_pricelevel_shoppingcartitem" displayName="adx_pricelevel_shoppingcartitem" parentSchemaName="adx_shoppingcartitem" parentDisplayName="Shopping Cart Item" />
      </MissingDependency>
      <MissingDependency>
        <Required key="34" type="20" displayName="System Customizer" solution="System" id="{6de33915-e33c-e311-93f9-00155d03a503}" parentId="{119f245c-3cc8-4b62-b31c-d1a046ced15d}" />
        <Dependent key="35" type="60" displayName="Commerce" parentDisplayName="Order" id="{77421c3c-25de-40b8-b5ee-9af8d6255a0f}" />
      </MissingDependency>
      <MissingDependency>
        <Required key="34" type="20" displayName="System Customizer" solution="System" id="{6de33915-e33c-e311-93f9-00155d03a503}" parentId="{119f245c-3cc8-4b62-b31c-d1a046ced15d}" />
        <Dependent key="36" type="60" displayName="Order Web Form" parentDisplayName="Order" id="{28ffccd9-b7e4-4558-87b7-eb6b1c4f8a93}" />
      </MissingDependency>
      <MissingDependency>
        <Required key="34" type="20" displayName="System Customizer" solution="System" id="{6de33915-e33c-e311-93f9-00155d03a503}" parentId="{119f245c-3cc8-4b62-b31c-d1a046ced15d}" />
        <Dependent key="37" type="60" displayName="Commerce" parentDisplayName="Quote Product" id="{3b358f0b-3593-4065-83ca-ea0d809cb8ab}" />
      </MissingDependency>
      <MissingDependency>
        <Required key="34" type="20" displayName="System Customizer" solution="System" id="{6de33915-e33c-e311-93f9-00155d03a503}" parentId="{119f245c-3cc8-4b62-b31c-d1a046ced15d}" />
        <Dependent key="38" type="60" displayName="Commerce" parentDisplayName="Invoice" id="{f9fe6637-b767-4e9f-a44b-56a79233dab6}" />
      </MissingDependency>
      <MissingDependency>
        <Required key="34" type="20" displayName="System Customizer" solution="System" id="{6de33915-e33c-e311-93f9-00155d03a503}" parentId="{119f245c-3cc8-4b62-b31c-d1a046ced15d}" />
        <Dependent key="39" type="60" displayName="Commerce" parentDisplayName="Quote" id="{8399f619-7fe8-4b54-acfa-6c283272bcfd}" />
      </MissingDependency>
      <MissingDependency>
        <Required key="34" type="20" displayName="System Customizer" solution="System" id="{6de33915-e33c-e311-93f9-00155d03a503}" parentId="{119f245c-3cc8-4b62-b31c-d1a046ced15d}" />
        <Dependent key="40" type="60" displayName="Quote Web Form" parentDisplayName="Quote" id="{c0859238-982c-41da-9818-ef288469813b}" />
      </MissingDependency>
      <MissingDependency>
        <Required key="41" type="26" schemaName="Currency Lookup View" displayName="Currency Lookup View" parentSchemaName="transactioncurrency" parentDisplayName="Currency" solution="System" id="{cd5625b0-dda8-4ee2-b13f-b9331e027c8a}" />
        <Dependent key="36" type="60" displayName="Order Web Form" parentDisplayName="Order" id="{28ffccd9-b7e4-4558-87b7-eb6b1c4f8a93}" />
      </MissingDependency>
      <MissingDependency>
        <Required key="41" type="26" schemaName="Currency Lookup View" displayName="Currency Lookup View" parentSchemaName="transactioncurrency" parentDisplayName="Currency" solution="System" id="{cd5625b0-dda8-4ee2-b13f-b9331e027c8a}" />
        <Dependent key="40" type="60" displayName="Quote Web Form" parentDisplayName="Quote" id="{c0859238-982c-41da-9818-ef288469813b}" />
      </MissingDependency>
      <MissingDependency>
        <Required key="42" type="26" schemaName="Price List Lookup View" displayName="Price List Lookup View" parentSchemaName="pricelevel" parentDisplayName="Price List" solution="System" id="{ee499892-35e1-4d07-a1b7-bb69fe9bfd42}" />
        <Dependent key="40" type="60" displayName="Quote Web Form" parentDisplayName="Quote" id="{c0859238-982c-41da-9818-ef288469813b}" />
      </MissingDependency>
      <MissingDependency>
        <Required key="43" type="26" schemaName="Campaign Lookup View" displayName="Campaign Lookup View" parentSchemaName="campaign" parentDisplayName="Campaign" solution="System" id="{0e76dc73-2052-484e-8c00-a760f8d522ec}" />
        <Dependent key="40" type="60" displayName="Quote Web Form" parentDisplayName="Quote" id="{c0859238-982c-41da-9818-ef288469813b}" />
      </MissingDependency>
      <MissingDependency>
        <Required key="44" type="26" schemaName="Opportunity Lookup View" displayName="Opportunity Lookup View" parentSchemaName="opportunity" parentDisplayName="Opportunity" solution="System" id="{9eb361b4-67ac-4830-8abf-2d29efbaee2c}" />
        <Dependent key="40" type="60" displayName="Quote Web Form" parentDisplayName="Quote" id="{c0859238-982c-41da-9818-ef288469813b}" />
      </MissingDependency>
      <MissingDependency>
        <Required key="42" type="26" schemaName="Price List Lookup View" displayName="Price List Lookup View" parentSchemaName="pricelevel" parentDisplayName="Price List" solution="System" id="{ee499892-35e1-4d07-a1b7-bb69fe9bfd42}" />
        <Dependent key="36" type="60" displayName="Order Web Form" parentDisplayName="Order" id="{28ffccd9-b7e4-4558-87b7-eb6b1c4f8a93}" />
      </MissingDependency>
      <MissingDependency>
        <Required key="44" type="26" schemaName="Opportunity Lookup View" displayName="Opportunity Lookup View" parentSchemaName="opportunity" parentDisplayName="Opportunity" solution="System" id="{9eb361b4-67ac-4830-8abf-2d29efbaee2c}" />
        <Dependent key="36" type="60" displayName="Order Web Form" parentDisplayName="Order" id="{28ffccd9-b7e4-4558-87b7-eb6b1c4f8a93}" />
      </MissingDependency>
      <MissingDependency>
        <Required key="45" type="61" schemaName="SalesOrder_main_system_library.js" displayName="SalesOrder_main_system_library.js" solution="System" />
        <Dependent key="35" type="60" displayName="Commerce" parentDisplayName="Order" id="{77421c3c-25de-40b8-b5ee-9af8d6255a0f}" />
      </MissingDependency>
      <MissingDependency>
        <Required key="46" type="61" schemaName="adx_scripts/jquery1.9.1.min.js" displayName="adx_scripts/jquery1.9.1.min.js" solution="AdxstudioPortals (7.0.0060)" />
        <Dependent key="47" type="60" displayName="Information" parentDisplayName="Discount" id="{0322afde-264d-4d97-b01f-4ea919f0a3fe}" />
      </MissingDependency>
      <MissingDependency>
        <Required key="48" type="61" schemaName="adx_scripts/form.js" displayName="adx_scripts/form.js" solution="AdxstudioPortals (7.0.0060)" />
        <Dependent key="47" type="60" displayName="Information" parentDisplayName="Discount" id="{0322afde-264d-4d97-b01f-4ea919f0a3fe}" />
      </MissingDependency>
      <MissingDependency>
        <Required key="49" type="61" schemaName="Quote_main_system_library.js" displayName="Quote_main_system_library.js" solution="System" />
        <Dependent key="39" type="60" displayName="Commerce" parentDisplayName="Quote" id="{8399f619-7fe8-4b54-acfa-6c283272bcfd}" />
      </MissingDependency>
      <MissingDependency>
        <Required key="50" type="61" schemaName="adx_icon_nav_cms_small" displayName="adx_icon_nav_cms_small" solution="AdxstudioPortals (7.0.0060)" />
        <Dependent key="1" type="62" id="{17a3a638-e33c-e311-93f9-00155d03a503}" />
      </MissingDependency>
    </MissingDependencies>
  </SolutionManifest>
</ImportExportXml>