<ImportExportXml xmlns:xsi="http://www.w3.org/2001/XMLSchema-instance">
  <Entities></Entities>
  <Roles></Roles>
  <Workflows></Workflows>
  <FieldSecurityProfiles></FieldSecurityProfiles>
  <Templates />
  <EntityMaps />
  <EntityRelationships />
  <OrganizationSettings />
  <optionsets />
  <Dashboards>
    <Dashboard>
      <LocalizedNames>
        <LocalizedName description="311 Search" languagecode="1033" />
      </LocalizedNames>
      <FormId>{95cb1e5b-28bc-e211-abaf-00155d5187aa}</FormId>
      <IsCustomizable>1</IsCustomizable>
      <IsDefault>0</IsDefault>
      <FormXml>
        <forms type="dashboard">
          <form>
            <tabs>
              <tab showlabel="false" verticallayout="true" id="{0c2e39ae-0397-4258-8295-a4ab929cc37f}">
                <labels>
                  <label description="Tab" languagecode="1033" />
                </labels>
                <columns>
                  <column width="100%">
                    <sections>
                      <section showlabel="false" showbar="false" columns="111" id="{9f2a850e-3bfa-4ced-ba0f-a4ec4a97b117}">
                        <labels>
                          <label description="Section" languagecode="1033" />
                        </labels>
                        <rows>
                          <row>
                            <cell colspan="3" rowspan="40" showlabel="false" id="{7cbc5a57-2f5f-40bc-a153-1f88e3302542}">
                              <labels>
                                <label description="311 Search" languagecode="1033" />
                              </labels>
                              <control id="WebResource_311Search" classid="{9FDF5F91-88B1-47f4-AD53-C11EFC01A01D}">
                                <parameters>
                                  <Url>adx_scripts/311search/index.html</Url>
                                  <ShowInROF>false</ShowInROF>
                                  <PassParameters>false</PassParameters>
                                  <Security>false</Security>
                                  <Scrolling>auto</Scrolling>
                                  <Border>true</Border>
                                </parameters>
                              </control>
                            </cell>
                          </row>
                          <row></row>
                          <row></row>
                          <row></row>
                          <row></row>
                          <row></row>
                          <row></row>
                          <row></row>
                          <row></row>
                          <row></row>
                          <row></row>
                          <row></row>
                          <row></row>
                          <row></row>
                          <row></row>
                          <row></row>
                          <row></row>
                          <row></row>
                          <row></row>
                          <row></row>
                          <row></row>
                          <row></row>
                          <row></row>
                          <row></row>
                          <row />
                          <row />
                          <row />
                          <row />
                          <row />
                          <row />
                          <row />
                          <row />
                          <row />
                          <row />
                          <row />
                          <row />
                          <row />
                          <row />
                          <row />
                          <row />
                        </rows>
                      </section>
                    </sections>
                  </column>
                </columns>
              </tab>
            </tabs>
          </form>
        </forms>
      </FormXml>
      <IntroducedVersion>7.0.0003</IntroducedVersion>
    </Dashboard>
  </Dashboards>
  <WebResources>
    <WebResource>
      <WebResourceId>{ab140168-23bc-e211-abaf-00155d5187aa}</WebResourceId>
      <Name>adx_scripts/311Search/311Search.js</Name>
      <DisplayName>adx_scripts/311Search/311Search.js</DisplayName>
      <WebResourceType>3</WebResourceType>
      <IntroducedVersion>7.0.0003</IntroducedVersion>
      <IsCustomizable>1</IsCustomizable>
      <CanBeDeleted>1</CanBeDeleted>
      <IsHidden>0</IsHidden>
      <FileName>/WebResources/adx_scripts311Search311SearchjsAB140168-23BC-E211-ABAF-00155D5187AA</FileName>
    </WebResource>
    <WebResource>
      <WebResourceId>{e58b5c8f-23bc-e211-abaf-00155d5187aa}</WebResourceId>
      <Name>adx_scripts/bootstrap/css/bootstrap.min.css</Name>
      <DisplayName>adx_scripts/bootstrap/css/bootstrap.min.css</DisplayName>
      <WebResourceType>2</WebResourceType>
      <IntroducedVersion>7.0.0003</IntroducedVersion>
      <IsCustomizable>1</IsCustomizable>
      <CanBeDeleted>1</CanBeDeleted>
      <IsHidden>0</IsHidden>
      <FileName>/WebResources/adx_scriptsbootstrapcssbootstrapmincssE58B5C8F-23BC-E211-ABAF-00155D5187AA</FileName>
    </WebResource>
    <WebResource>
      <WebResourceId>{fa46c5a9-23bc-e211-abaf-00155d5187aa}</WebResourceId>
      <Name>adx_scripts/bootstrap/img/glyphicons.halflings.png</Name>
      <DisplayName>adx_scripts/bootstrap/img/glyphicons.halflings.png</DisplayName>
      <WebResourceType>5</WebResourceType>
      <IntroducedVersion>7.0.0003</IntroducedVersion>
      <IsCustomizable>1</IsCustomizable>
      <CanBeDeleted>1</CanBeDeleted>
      <IsHidden>0</IsHidden>
      <FileName>/WebResources/adx_scriptsbootstrapimgglyphiconshalflingspngFA46C5A9-23BC-E211-ABAF-00155D5187AA</FileName>
    </WebResource>
    <WebResource>
      <WebResourceId>{39996bc7-23bc-e211-abaf-00155d5187aa}</WebResourceId>
      <Name>adx_scripts/bootstrap/img/glyphicons.halflings.white.png</Name>
      <DisplayName>adx_scripts/bootstrap/img/glyphicons.halflings.white.png</DisplayName>
      <WebResourceType>5</WebResourceType>
      <IntroducedVersion>7.0.0003</IntroducedVersion>
      <IsCustomizable>1</IsCustomizable>
      <CanBeDeleted>1</CanBeDeleted>
      <IsHidden>0</IsHidden>
      <FileName>/WebResources/adx_scriptsbootstrapimgglyphiconshalflingswhitepng39996BC7-23BC-E211-ABAF-00155D5187AA</FileName>
    </WebResource>
    <WebResource>
      <WebResourceId>{813ba8e4-23bc-e211-abaf-00155d5187aa}</WebResourceId>
      <Name>adx_scripts/bootstrap/js/bootstrap.min.js</Name>
      <DisplayName>adx_scripts/bootstrap/js/bootstrap.min.js</DisplayName>
      <WebResourceType>3</WebResourceType>
      <IntroducedVersion>7.0.0003</IntroducedVersion>
      <IsCustomizable>1</IsCustomizable>
      <CanBeDeleted>1</CanBeDeleted>
      <IsHidden>0</IsHidden>
      <FileName>/WebResources/adx_scriptsbootstrapjsbootstrapminjs813BA8E4-23BC-E211-ABAF-00155D5187AA</FileName>
    </WebResource>
    <WebResource>
      <WebResourceId>{39d6e987-25bc-e211-abaf-00155d5187aa}</WebResourceId>
      <Name>adx_scripts/311search/index.html</Name>
      <DisplayName>adx_scripts/311search/index.html</DisplayName>
      <WebResourceType>1</WebResourceType>
      <IntroducedVersion>7.0.0003</IntroducedVersion>
      <IsCustomizable>1</IsCustomizable>
      <CanBeDeleted>1</CanBeDeleted>
      <IsHidden>0</IsHidden>
      <FileName>/WebResources/adx_scripts311searchindexhtml39D6E987-25BC-E211-ABAF-00155D5187AA</FileName>
    </WebResource>
    <WebResource>
      <WebResourceId>{4fa4905b-2dbc-e211-abaf-00155d5187aa}</WebResourceId>
      <Name>adx_scripts/JScriptRESTDataOperations.js</Name>
      <DisplayName>adx_scripts/JScriptRESTDataOperations.js</DisplayName>
      <WebResourceType>3</WebResourceType>
      <IntroducedVersion>7.0.0003</IntroducedVersion>
      <IsCustomizable>1</IsCustomizable>
      <CanBeDeleted>1</CanBeDeleted>
      <IsHidden>0</IsHidden>
      <FileName>/WebResources/adx_scriptsJScriptRESTDataOperationsjs4FA4905B-2DBC-E211-ABAF-00155D5187AA</FileName>
    </WebResource>
    <WebResource>
      <WebResourceId>{a5467cc6-d5bc-e211-abaf-00155d5187aa}</WebResourceId>
      <Name>adx_scripts/311search/search.html</Name>
      <DisplayName>adx_scripts/311search/search.html</DisplayName>
      <WebResourceType>1</WebResourceType>
      <IntroducedVersion>7.0.0003</IntroducedVersion>
      <IsCustomizable>1</IsCustomizable>
      <CanBeDeleted>1</CanBeDeleted>
      <IsHidden>0</IsHidden>
      <FileName>/WebResources/adx_scripts311searchsearchhtmlA5467CC6-D5BC-E211-ABAF-00155D5187AA</FileName>
    </WebResource>
    <WebResource>
      <WebResourceId>{77d51b42-08bd-e211-abaf-00155d5187aa}</WebResourceId>
      <Name>adx_scripts/311search/loading.gif</Name>
      <DisplayName>adx_scripts/311search/loading.gif</DisplayName>
      <WebResourceType>7</WebResourceType>
      <IntroducedVersion>7.0.0003</IntroducedVersion>
      <IsCustomizable>1</IsCustomizable>
      <CanBeDeleted>1</CanBeDeleted>
      <IsHidden>0</IsHidden>
      <FileName>/WebResources/adx_scripts311searchloadinggif77D51B42-08BD-E211-ABAF-00155D5187AA</FileName>
    </WebResource>
    <WebResource>
      <WebResourceId>{c67876e6-10bd-e211-abaf-00155d5187aa}</WebResourceId>
      <Name>adx_scripts/311search/jquery.pager.js</Name>
      <DisplayName>adx_scripts/311search/jquery.pager.js</DisplayName>
      <WebResourceType>3</WebResourceType>
      <IntroducedVersion>7.0.0003</IntroducedVersion>
      <IsCustomizable>1</IsCustomizable>
      <CanBeDeleted>1</CanBeDeleted>
      <IsHidden>0</IsHidden>
      <FileName>/WebResources/adx_scripts311searchjquerypagerjsC67876E6-10BD-E211-ABAF-00155D5187AA</FileName>
    </WebResource>
    <WebResource>
      <WebResourceId>{7faacd1d-13bd-e211-abaf-00155d5187aa}</WebResourceId>
      <Name>adx_scripts/311search/bootstrap.paginator.js</Name>
      <DisplayName>adx_scripts/311search/bootstrap.paginator.js</DisplayName>
      <WebResourceType>3</WebResourceType>
      <IntroducedVersion>7.0.0003</IntroducedVersion>
      <IsCustomizable>1</IsCustomizable>
      <CanBeDeleted>1</CanBeDeleted>
      <IsHidden>0</IsHidden>
      <FileName>/WebResources/adx_scripts311searchbootstrappaginatorjs7FAACD1D-13BD-E211-ABAF-00155D5187AA</FileName>
    </WebResource>
    <WebResource>
      <WebResourceId>{4446efa6-26bd-e211-abaf-00155d5187aa}</WebResourceId>
      <Name>adx_scripts/311Search/ribbonButtonActions.js</Name>
      <DisplayName>adx_scripts/311Search/ribbonButtonActions.js</DisplayName>
      <WebResourceType>3</WebResourceType>
      <IntroducedVersion>7.0.0003</IntroducedVersion>
      <IsCustomizable>1</IsCustomizable>
      <CanBeDeleted>1</CanBeDeleted>
      <IsHidden>0</IsHidden>
      <FileName>/WebResources/adx_scripts311SearchribbonButtonActionsjs4446EFA6-26BD-E211-ABAF-00155D5187AA</FileName>
    </WebResource>
  </WebResources>
  <Languages>
    <Language>1033</Language>
  </Languages>
</ImportExportXml>