﻿<?xml version="1.0" encoding="utf-8"?>
<ImportExportXml version="6.1.0002.0112" SolutionPackageVersion="6.0" languagecode="1033" generatedBy="OnPremise" xmlns:xsi="http://www.w3.org/2001/XMLSchema-instance">
  <SolutionManifest>
    <UniqueName>AdxstudioBlogs</UniqueName>
    <LocalizedNames>
      <LocalizedName description="Adxstudio Blogs" languagecode="1033" />
    </LocalizedNames>
    <Descriptions>
      <Description description="Blogs extend Adxstudio Portals with blogging features, suitable for multi-author corportate blogs." languagecode="1033" />
    </Descriptions>
    <Version>7.0.0007</Version>
    <Managed>1</Managed>
    <Publisher>
      <UniqueName>adxstudio</UniqueName>
      <LocalizedNames>
        <LocalizedName description="Adxstudio Inc." languagecode="1033" />
      </LocalizedNames>
      <Descriptions>
        <Description description="Adxstudio brings qualified expertise in web portal and CMS frameworks to Microsoft Dynamics CRM with xRM Portals (CfMD), an integrated bundle of web portal accelerators which add sophisticated content management, event coordination, membership, profile and self-service capabilities to Dynamics CRM." languagecode="1033" />
      </Descriptions>
      <EMailAddress>support@adxstudio.com</EMailAddress>
      <SupportingWebsiteUrl>http://www.adxstudio.com</SupportingWebsiteUrl>
      <CustomizationPrefix>adx</CustomizationPrefix>
      <CustomizationOptionValuePrefix>75615</CustomizationOptionValuePrefix>
      <Addresses>
        <Address>
          <AddressNumber>1</AddressNumber>
          <AddressTypeCode>1</AddressTypeCode>
          <City xsi:nil="true"></City>
          <County xsi:nil="true"></County>
          <Country xsi:nil="true"></Country>
          <Fax xsi:nil="true"></Fax>
          <FreightTermsCode xsi:nil="true"></FreightTermsCode>
          <ImportSequenceNumber xsi:nil="true"></ImportSequenceNumber>
          <Latitude xsi:nil="true"></Latitude>
          <Line1 xsi:nil="true"></Line1>
          <Line2 xsi:nil="true"></Line2>
          <Line3 xsi:nil="true"></Line3>
          <Longitude xsi:nil="true"></Longitude>
          <Name xsi:nil="true"></Name>
          <PostalCode xsi:nil="true"></PostalCode>
          <PostOfficeBox xsi:nil="true"></PostOfficeBox>
          <PrimaryContactName xsi:nil="true"></PrimaryContactName>
          <ShippingMethodCode>1</ShippingMethodCode>
          <StateOrProvince xsi:nil="true"></StateOrProvince>
          <Telephone1 xsi:nil="true"></Telephone1>
          <Telephone2 xsi:nil="true"></Telephone2>
          <Telephone3 xsi:nil="true"></Telephone3>
          <TimeZoneRuleVersionNumber xsi:nil="true"></TimeZoneRuleVersionNumber>
          <UPSZone xsi:nil="true"></UPSZone>
          <UTCOffset xsi:nil="true"></UTCOffset>
          <UTCConversionTimeZoneCode xsi:nil="true"></UTCConversionTimeZoneCode>
        </Address>
        <Address>
          <AddressNumber>2</AddressNumber>
          <AddressTypeCode>1</AddressTypeCode>
          <City xsi:nil="true"></City>
          <County xsi:nil="true"></County>
          <Country xsi:nil="true"></Country>
          <Fax xsi:nil="true"></Fax>
          <FreightTermsCode xsi:nil="true"></FreightTermsCode>
          <ImportSequenceNumber xsi:nil="true"></ImportSequenceNumber>
          <Latitude xsi:nil="true"></Latitude>
          <Line1 xsi:nil="true"></Line1>
          <Line2 xsi:nil="true"></Line2>
          <Line3 xsi:nil="true"></Line3>
          <Longitude xsi:nil="true"></Longitude>
          <Name xsi:nil="true"></Name>
          <PostalCode xsi:nil="true"></PostalCode>
          <PostOfficeBox xsi:nil="true"></PostOfficeBox>
          <PrimaryContactName xsi:nil="true"></PrimaryContactName>
          <ShippingMethodCode>1</ShippingMethodCode>
          <StateOrProvince xsi:nil="true"></StateOrProvince>
          <Telephone1 xsi:nil="true"></Telephone1>
          <Telephone2 xsi:nil="true"></Telephone2>
          <Telephone3 xsi:nil="true"></Telephone3>
          <TimeZoneRuleVersionNumber xsi:nil="true"></TimeZoneRuleVersionNumber>
          <UPSZone xsi:nil="true"></UPSZone>
          <UTCOffset xsi:nil="true"></UTCOffset>
          <UTCConversionTimeZoneCode xsi:nil="true"></UTCConversionTimeZoneCode>
        </Address>
      </Addresses>
    </Publisher>
    <RootComponents>
      <RootComponent type="1" schemaName="adx_blog" />
      <RootComponent type="1" schemaName="adx_blogpost" />
      <RootComponent type="1" schemaName="adx_blogpostcomment" />
      <RootComponent type="1" schemaName="adx_webfile" />
      <RootComponent type="61" schemaName="adx_blogpostcomment_icon_medium" />
      <RootComponent type="61" schemaName="adx_blogpostcomment_icon_small" />
      <RootComponent type="61" schemaName="adx_blogposttag_icon_medium" />
      <RootComponent type="61" schemaName="adx_blogposttag_icon_small" />
      <RootComponent type="61" schemaName="adx_blogpost_icon_medium" />
      <RootComponent type="61" schemaName="adx_blogpost_icon_small" />
      <RootComponent type="61" schemaName="adx_blog_icon_medium" />
      <RootComponent type="61" schemaName="adx_blog_icon_small" />
      <RootComponent type="61" schemaName="adx_icon_nav_cms_small" />
      <RootComponent type="62" />
    </RootComponents>
    <MissingDependencies>
      <MissingDependency>
        <Required key="0" type="1" schemaName="adx_webfile" displayName="Web File" solution="AdxstudioPortalsDependencies (1.0.0031)" />
        <Dependent key="0" type="1" schemaName="adx_webfile" displayName="Web File" />
      </MissingDependency>
      <MissingDependency>
        <Required key="1" type="1" schemaName="adx_websitebinding" displayName="Website Binding" solution="AdxstudioPortals (7.0.0060)" />
        <Dependent key="2" type="62" id="{17a3a638-e33c-e311-93f9-00155d03a503}" />
      </MissingDependency>
      <MissingDependency>
        <Required key="3" type="1" schemaName="adx_publishingstatetransitionrule" displayName="Publishing State Transition Rule" solution="AdxstudioPortals (7.0.0060)" />
        <Dependent key="2" type="62" id="{17a3a638-e33c-e311-93f9-00155d03a503}" />
      </MissingDependency>
      <MissingDependency>
        <Required key="4" type="1" schemaName="adx_sitemarker" displayName="Site Marker" solution="AdxstudioPortalsDependencies (1.0.0031)" />
        <Dependent key="2" type="62" id="{17a3a638-e33c-e311-93f9-00155d03a503}" />
      </MissingDependency>
      <MissingDependency>
        <Required key="5" type="1" schemaName="adx_pagetemplate" displayName="Page Template" solution="AdxstudioPortalsDependencies (1.0.0031)" />
        <Dependent key="2" type="62" id="{17a3a638-e33c-e311-93f9-00155d03a503}" />
      </MissingDependency>
      <MissingDependency>
        <Required key="6" type="1" schemaName="adx_caseaccess" displayName="Case Access" solution="AdxstudioPortalsDependencies (1.0.0031)" />
        <Dependent key="2" type="62" id="{17a3a638-e33c-e311-93f9-00155d03a503}" />
      </MissingDependency>
      <MissingDependency>
        <Required key="7" type="1" schemaName="adx_ad" displayName="Ad" solution="AdxstudioPortals (7.0.0060)" />
        <Dependent key="2" type="62" id="{17a3a638-e33c-e311-93f9-00155d03a503}" />
      </MissingDependency>
      <MissingDependency>
        <Required key="8" type="1" schemaName="adx_webpage" displayName="Web Page" solution="AdxstudioPortalsDependencies (1.0.0031)" />
        <Dependent key="2" type="62" id="{17a3a638-e33c-e311-93f9-00155d03a503}" />
      </MissingDependency>
      <MissingDependency>
        <Required key="9" type="1" schemaName="adx_accountaccess" displayName="Account Access" solution="AdxstudioPortalsDependencies (1.0.0031)" />
        <Dependent key="2" type="62" id="{17a3a638-e33c-e311-93f9-00155d03a503}" />
      </MissingDependency>
      <MissingDependency>
        <Required key="10" type="1" schemaName="adx_shortcut" displayName="Shortcut" solution="AdxstudioPortals (7.0.0060)" />
        <Dependent key="2" type="62" id="{17a3a638-e33c-e311-93f9-00155d03a503}" />
      </MissingDependency>
      <MissingDependency>
        <Required key="11" type="1" schemaName="adx_website" displayName="Website" solution="AdxstudioPortalsDependencies (1.0.0031)" />
        <Dependent key="2" type="62" id="{17a3a638-e33c-e311-93f9-00155d03a503}" />
      </MissingDependency>
      <MissingDependency>
        <Required key="12" type="1" schemaName="adx_adplacement" displayName="Ad Placement" solution="AdxstudioPortals (7.0.0060)" />
        <Dependent key="2" type="62" id="{17a3a638-e33c-e311-93f9-00155d03a503}" />
      </MissingDependency>
      <MissingDependency>
        <Required key="13" type="1" schemaName="adx_redirect" displayName="Redirect" solution="AdxstudioPortals (7.0.0060)" />
        <Dependent key="2" type="62" id="{17a3a638-e33c-e311-93f9-00155d03a503}" />
      </MissingDependency>
      <MissingDependency>
        <Required key="14" type="1" schemaName="adx_weblinkset" displayName="Web Link Set" solution="AdxstudioPortalsDependencies (1.0.0031)" />
        <Dependent key="2" type="62" id="{17a3a638-e33c-e311-93f9-00155d03a503}" />
      </MissingDependency>
      <MissingDependency>
        <Required key="15" type="1" schemaName="adx_webnotificationurl" displayName="Web Notification URL" solution="AdxstudioPortalsDependencies (1.0.0031)" />
        <Dependent key="2" type="62" id="{17a3a638-e33c-e311-93f9-00155d03a503}" />
      </MissingDependency>
      <MissingDependency>
        <Required key="16" type="1" schemaName="adx_pollplacement" displayName="Poll Placement" solution="AdxstudioPortals (7.0.0060)" />
        <Dependent key="2" type="62" id="{17a3a638-e33c-e311-93f9-00155d03a503}" />
      </MissingDependency>
      <MissingDependency>
        <Required key="17" type="1" schemaName="adx_webrole" displayName="Web Role" solution="AdxstudioPortalsDependencies (1.0.0031)" />
        <Dependent key="2" type="62" id="{17a3a638-e33c-e311-93f9-00155d03a503}" />
      </MissingDependency>
      <MissingDependency>
        <Required key="18" type="1" schemaName="adx_poll" displayName="Poll" solution="AdxstudioPortals (7.0.0060)" />
        <Dependent key="2" type="62" id="{17a3a638-e33c-e311-93f9-00155d03a503}" />
      </MissingDependency>
      <MissingDependency>
        <Required key="19" type="1" schemaName="adx_websiteaccess" displayName="Website Access" solution="AdxstudioPortals (7.0.0060)" />
        <Dependent key="2" type="62" id="{17a3a638-e33c-e311-93f9-00155d03a503}" />
      </MissingDependency>
      <MissingDependency>
        <Required key="20" type="1" schemaName="adx_contactaccess" displayName="Contact Access" solution="AdxstudioPortalsDependencies (1.0.0031)" />
        <Dependent key="2" type="62" id="{17a3a638-e33c-e311-93f9-00155d03a503}" />
      </MissingDependency>
      <MissingDependency>
        <Required key="21" type="1" schemaName="adx_sitesetting" displayName="Site Setting" solution="AdxstudioPortalsDependencies (1.0.0031)" />
        <Dependent key="2" type="62" id="{17a3a638-e33c-e311-93f9-00155d03a503}" />
      </MissingDependency>
      <MissingDependency>
        <Required key="22" type="1" schemaName="adx_webpageaccesscontrolrule" displayName="Web Page Access Control Rule" solution="AdxstudioPortals (7.0.0060)" />
        <Dependent key="2" type="62" id="{17a3a638-e33c-e311-93f9-00155d03a503}" />
      </MissingDependency>
      <MissingDependency>
        <Required key="23" type="1" schemaName="adx_contentsnippet" displayName="Content Snippet" solution="AdxstudioPortalsDependencies (1.0.0031)" />
        <Dependent key="2" type="62" id="{17a3a638-e33c-e311-93f9-00155d03a503}" />
      </MissingDependency>
      <MissingDependency>
        <Required key="24" type="1" schemaName="adx_licensekey" displayName="Adxstudio License Key" solution="AdxstudioPortals (7.0.0060)" />
        <Dependent key="2" type="62" id="{17a3a638-e33c-e311-93f9-00155d03a503}" />
      </MissingDependency>
      <MissingDependency>
        <Required key="8" type="1" schemaName="adx_webpage" displayName="Web Page" solution="AdxstudioPortalsDependencies (1.0.0031)" />
        <Dependent key="25" type="10" schemaName="adx_webpage_webfile" displayName="adx_webpage_webfile" parentSchemaName="adx_webfile" parentDisplayName="Web File" />
      </MissingDependency>
      <MissingDependency>
        <Required key="11" type="1" schemaName="adx_website" displayName="Website" solution="AdxstudioPortalsDependencies (1.0.0031)" />
        <Dependent key="26" type="10" schemaName="adx_website_blog" displayName="adx_website_blog" parentSchemaName="adx_blog" parentDisplayName="Blog" />
      </MissingDependency>
      <MissingDependency>
        <Required key="8" type="1" schemaName="adx_webpage" displayName="Web Page" solution="AdxstudioPortalsDependencies (1.0.0031)" />
        <Dependent key="27" type="10" schemaName="adx_webpage_blog" displayName="adx_webpage_blog" parentSchemaName="adx_blog" parentDisplayName="Blog" />
      </MissingDependency>
      <MissingDependency>
        <Required key="28" type="1" schemaName="adx_publishingstate" displayName="Publishing State" solution="AdxstudioPortals (7.0.0060)" />
        <Dependent key="29" type="10" schemaName="adx_publishingstate_webfile" displayName="adx_publishingstate_webfile" parentSchemaName="adx_webfile" parentDisplayName="Web File" />
      </MissingDependency>
      <MissingDependency>
        <Required key="11" type="1" schemaName="adx_website" displayName="Website" solution="AdxstudioPortalsDependencies (1.0.0031)" />
        <Dependent key="30" type="10" schemaName="adx_website_webfile" displayName="adx_website_webfile" parentSchemaName="adx_webfile" parentDisplayName="Web File" />
      </MissingDependency>
      <MissingDependency>
        <Required key="11" type="1" schemaName="adx_website" displayName="Website" solution="AdxstudioPortalsDependencies (1.0.0031)" />
        <Dependent key="31" type="60" displayName="Information" parentDisplayName="Blog" id="{c71ed4f8-139d-46c2-bc43-7c6bfc87a5e5}" />
      </MissingDependency>
      <MissingDependency>
        <Required key="5" type="1" schemaName="adx_pagetemplate" displayName="Page Template" solution="AdxstudioPortalsDependencies (1.0.0031)" />
        <Dependent key="32" type="10" schemaName="adx_pagetemplate_blog_archive" displayName="adx_pagetemplate_blog_archive" parentSchemaName="adx_blog" parentDisplayName="Blog" />
      </MissingDependency>
      <MissingDependency>
        <Required key="11" type="1" schemaName="adx_website" displayName="Website" solution="AdxstudioPortalsDependencies (1.0.0031)" />
        <Dependent key="33" type="60" displayName="Information" parentDisplayName="Web File" id="{efe18451-69c6-465e-8d3b-818ea660ab76}" />
      </MissingDependency>
      <MissingDependency>
        <Required key="34" type="2" schemaName="adx_name" displayName="Name" parentSchemaName="adx_pagetemplate" parentDisplayName="Page Template" solution="AdxstudioPortalsDependencies (1.0.0031)" />
        <Dependent key="32" type="10" schemaName="adx_pagetemplate_blog_archive" displayName="adx_pagetemplate_blog_archive" parentSchemaName="adx_blog" parentDisplayName="Blog" />
      </MissingDependency>
      <MissingDependency>
        <Required key="34" type="2" schemaName="adx_name" displayName="Name" parentSchemaName="adx_pagetemplate" parentDisplayName="Page Template" solution="AdxstudioPortalsDependencies (1.0.0031)" />
        <Dependent key="35" type="10" schemaName="adx_pagetemplate_blog_post" displayName="adx_pagetemplate_blog_post" parentSchemaName="adx_blog" parentDisplayName="Blog" />
      </MissingDependency>
      <MissingDependency>
        <Required key="36" type="2" schemaName="adx_pagetemplateid" displayName="Page Template" parentSchemaName="adx_pagetemplate" parentDisplayName="Page Template" solution="AdxstudioPortalsDependencies (1.0.0031)" />
        <Dependent key="32" type="10" schemaName="adx_pagetemplate_blog_archive" displayName="adx_pagetemplate_blog_archive" parentSchemaName="adx_blog" parentDisplayName="Blog" />
      </MissingDependency>
      <MissingDependency>
        <Required key="37" type="2" schemaName="adx_name" displayName="Name" parentSchemaName="adx_website" parentDisplayName="Website" solution="AdxstudioPortalsDependencies (1.0.0031)" />
        <Dependent key="26" type="10" schemaName="adx_website_blog" displayName="adx_website_blog" parentSchemaName="adx_blog" parentDisplayName="Blog" />
      </MissingDependency>
      <MissingDependency>
        <Required key="38" type="2" schemaName="adx_webpageid" displayName="Web Page" parentSchemaName="adx_webpage" parentDisplayName="Web Page" solution="AdxstudioPortalsDependencies (1.0.0031)" />
        <Dependent key="27" type="10" schemaName="adx_webpage_blog" displayName="adx_webpage_blog" parentSchemaName="adx_blog" parentDisplayName="Blog" />
      </MissingDependency>
      <MissingDependency>
        <Required key="39" type="2" schemaName="adx_name" displayName="Name" parentSchemaName="adx_publishingstate" parentDisplayName="Publishing State" solution="AdxstudioPortals (7.0.0060)" />
        <Dependent key="29" type="10" schemaName="adx_publishingstate_webfile" displayName="adx_publishingstate_webfile" parentSchemaName="adx_webfile" parentDisplayName="Web File" />
      </MissingDependency>
      <MissingDependency>
        <Required key="40" type="2" schemaName="adx_name" displayName="Name" parentSchemaName="adx_webpage" parentDisplayName="Web Page" solution="AdxstudioPortalsDependencies (1.0.0031)" />
        <Dependent key="27" type="10" schemaName="adx_webpage_blog" displayName="adx_webpage_blog" parentSchemaName="adx_blog" parentDisplayName="Blog" />
      </MissingDependency>
      <MissingDependency>
        <Required key="37" type="2" schemaName="adx_name" displayName="Name" parentSchemaName="adx_website" parentDisplayName="Website" solution="AdxstudioPortalsDependencies (1.0.0031)" />
        <Dependent key="26" type="10" schemaName="adx_website_blog" displayName="adx_website_blog" parentSchemaName="adx_blog" parentDisplayName="Blog" />
      </MissingDependency>
      <MissingDependency>
        <Required key="40" type="2" schemaName="adx_name" displayName="Name" parentSchemaName="adx_webpage" parentDisplayName="Web Page" solution="AdxstudioPortalsDependencies (1.0.0031)" />
        <Dependent key="25" type="10" schemaName="adx_webpage_webfile" displayName="adx_webpage_webfile" parentSchemaName="adx_webfile" parentDisplayName="Web File" />
      </MissingDependency>
      <MissingDependency>
        <Required key="38" type="2" schemaName="adx_webpageid" displayName="Web Page" parentSchemaName="adx_webpage" parentDisplayName="Web Page" solution="AdxstudioPortalsDependencies (1.0.0031)" />
        <Dependent key="25" type="10" schemaName="adx_webpage_webfile" displayName="adx_webpage_webfile" parentSchemaName="adx_webfile" parentDisplayName="Web File" />
      </MissingDependency>
      <MissingDependency>
        <Required key="40" type="2" schemaName="adx_name" displayName="Name" parentSchemaName="adx_webpage" parentDisplayName="Web Page" solution="AdxstudioPortalsDependencies (1.0.0031)" />
        <Dependent key="27" type="10" schemaName="adx_webpage_blog" displayName="adx_webpage_blog" parentSchemaName="adx_blog" parentDisplayName="Blog" />
      </MissingDependency>
      <MissingDependency>
        <Required key="41" type="2" schemaName="adx_websiteid" displayName="Website" parentSchemaName="adx_website" parentDisplayName="Website" solution="AdxstudioPortalsDependencies (1.0.0031)" />
        <Dependent key="30" type="10" schemaName="adx_website_webfile" displayName="adx_website_webfile" parentSchemaName="adx_webfile" parentDisplayName="Web File" />
      </MissingDependency>
      <MissingDependency>
        <Required key="36" type="2" schemaName="adx_pagetemplateid" displayName="Page Template" parentSchemaName="adx_pagetemplate" parentDisplayName="Page Template" solution="AdxstudioPortalsDependencies (1.0.0031)" />
        <Dependent key="32" type="10" schemaName="adx_pagetemplate_blog_archive" displayName="adx_pagetemplate_blog_archive" parentSchemaName="adx_blog" parentDisplayName="Blog" />
      </MissingDependency>
      <MissingDependency>
        <Required key="37" type="2" schemaName="adx_name" displayName="Name" parentSchemaName="adx_website" parentDisplayName="Website" solution="AdxstudioPortalsDependencies (1.0.0031)" />
        <Dependent key="30" type="10" schemaName="adx_website_webfile" displayName="adx_website_webfile" parentSchemaName="adx_webfile" parentDisplayName="Web File" />
      </MissingDependency>
      <MissingDependency>
        <Required key="34" type="2" schemaName="adx_name" displayName="Name" parentSchemaName="adx_pagetemplate" parentDisplayName="Page Template" solution="AdxstudioPortalsDependencies (1.0.0031)" />
        <Dependent key="32" type="10" schemaName="adx_pagetemplate_blog_archive" displayName="adx_pagetemplate_blog_archive" parentSchemaName="adx_blog" parentDisplayName="Blog" />
      </MissingDependency>
      <MissingDependency>
        <Required key="34" type="2" schemaName="adx_name" displayName="Name" parentSchemaName="adx_pagetemplate" parentDisplayName="Page Template" solution="AdxstudioPortalsDependencies (1.0.0031)" />
        <Dependent key="32" type="10" schemaName="adx_pagetemplate_blog_archive" displayName="adx_pagetemplate_blog_archive" parentSchemaName="adx_blog" parentDisplayName="Blog" />
      </MissingDependency>
      <MissingDependency>
        <Required key="42" type="2" schemaName="adx_publishingstateid" displayName="Publishing State" parentSchemaName="adx_publishingstate" parentDisplayName="Publishing State" solution="AdxstudioPortals (7.0.0060)" />
        <Dependent key="29" type="10" schemaName="adx_publishingstate_webfile" displayName="adx_publishingstate_webfile" parentSchemaName="adx_webfile" parentDisplayName="Web File" />
      </MissingDependency>
      <MissingDependency>
        <Required key="41" type="2" schemaName="adx_websiteid" displayName="Website" parentSchemaName="adx_website" parentDisplayName="Website" solution="AdxstudioPortalsDependencies (1.0.0031)" />
        <Dependent key="26" type="10" schemaName="adx_website_blog" displayName="adx_website_blog" parentSchemaName="adx_blog" parentDisplayName="Blog" />
      </MissingDependency>
      <MissingDependency>
        <Required key="34" type="2" schemaName="adx_name" displayName="Name" parentSchemaName="adx_pagetemplate" parentDisplayName="Page Template" solution="AdxstudioPortalsDependencies (1.0.0031)" />
        <Dependent key="43" type="10" schemaName="adx_pagetemplate_blog_home" displayName="adx_pagetemplate_blog_home" parentSchemaName="adx_blog" parentDisplayName="Blog" />
      </MissingDependency>
      <MissingDependency>
        <Required key="36" type="2" schemaName="adx_pagetemplateid" displayName="Page Template" parentSchemaName="adx_pagetemplate" parentDisplayName="Page Template" solution="AdxstudioPortalsDependencies (1.0.0031)" />
        <Dependent key="32" type="10" schemaName="adx_pagetemplate_blog_archive" displayName="adx_pagetemplate_blog_archive" parentSchemaName="adx_blog" parentDisplayName="Blog" />
      </MissingDependency>
      <MissingDependency>
        <Required key="34" type="2" schemaName="adx_name" displayName="Name" parentSchemaName="adx_pagetemplate" parentDisplayName="Page Template" solution="AdxstudioPortalsDependencies (1.0.0031)" />
        <Dependent key="32" type="10" schemaName="adx_pagetemplate_blog_archive" displayName="adx_pagetemplate_blog_archive" parentSchemaName="adx_blog" parentDisplayName="Blog" />
      </MissingDependency>
      <MissingDependency>
        <Required key="44" type="2" schemaName="adx_title" displayName="Title" parentSchemaName="adx_webfile" parentDisplayName="Web File" solution="AdxstudioPortals (7.0.0060)" />
        <Dependent key="33" type="60" displayName="Information" parentDisplayName="Web File" id="{efe18451-69c6-465e-8d3b-818ea660ab76}" />
      </MissingDependency>
      <MissingDependency>
        <Required key="45" type="2" schemaName="adx_releasedate" displayName="Release Date" parentSchemaName="adx_webfile" parentDisplayName="Web File" solution="AdxstudioPortals (7.0.0060)" />
        <Dependent key="33" type="60" displayName="Information" parentDisplayName="Web File" id="{efe18451-69c6-465e-8d3b-818ea660ab76}" />
      </MissingDependency>
      <MissingDependency>
        <Required key="46" type="2" schemaName="adx_name" displayName="Name" parentSchemaName="adx_webfile" parentDisplayName="Web File" solution="AdxstudioPortalsDependencies (1.0.0031)" />
        <Dependent key="33" type="60" displayName="Information" parentDisplayName="Web File" id="{efe18451-69c6-465e-8d3b-818ea660ab76}" />
      </MissingDependency>
      <MissingDependency>
        <Required key="46" type="2" schemaName="adx_name" displayName="Name" parentSchemaName="adx_webfile" parentDisplayName="Web File" solution="AdxstudioPortalsDependencies (1.0.0031)" />
        <Dependent key="47" type="10" schemaName="adx_webfile_masterwebfile" displayName="adx_webfile_masterwebfile" parentSchemaName="adx_webfile" parentDisplayName="Web File" />
      </MissingDependency>
      <MissingDependency>
        <Required key="48" type="2" schemaName="adx_webfileid" displayName="Web File" parentSchemaName="adx_webfile" parentDisplayName="Web File" solution="AdxstudioPortalsDependencies (1.0.0031)" />
        <Dependent key="47" type="10" schemaName="adx_webfile_masterwebfile" displayName="adx_webfile_masterwebfile" parentSchemaName="adx_webfile" parentDisplayName="Web File" />
      </MissingDependency>
      <MissingDependency>
        <Required key="49" type="2" schemaName="adx_contentdisposition" displayName="Content-Disposition" parentSchemaName="adx_webfile" parentDisplayName="Web File" solution="AdxstudioPortals (7.0.0060)" />
        <Dependent key="33" type="60" displayName="Information" parentDisplayName="Web File" id="{efe18451-69c6-465e-8d3b-818ea660ab76}" />
      </MissingDependency>
      <MissingDependency>
        <Required key="50" type="2" schemaName="adx_displaydate" displayName="Display Date" parentSchemaName="adx_webfile" parentDisplayName="Web File" solution="AdxstudioPortalsDependencies (1.0.0031)" />
        <Dependent key="33" type="60" displayName="Information" parentDisplayName="Web File" id="{efe18451-69c6-465e-8d3b-818ea660ab76}" />
      </MissingDependency>
      <MissingDependency>
        <Required key="51" type="2" schemaName="adx_subjectid" displayName="Subject" parentSchemaName="adx_webfile" parentDisplayName="Web File" solution="AdxstudioPortalsDependencies (1.0.0031)" />
        <Dependent key="51" type="2" schemaName="adx_subjectid" displayName="Subject" parentSchemaName="adx_webfile" parentDisplayName="Web File" />
      </MissingDependency>
      <MissingDependency>
        <Required key="52" type="2" schemaName="statuscode" displayName="Status Reason" parentSchemaName="adx_webfile" parentDisplayName="Web File" solution="AdxstudioPortalsDependencies (1.0.0031)" />
        <Dependent key="52" type="2" schemaName="statuscode" displayName="Status Reason" parentSchemaName="adx_webfile" parentDisplayName="Web File" />
      </MissingDependency>
      <MissingDependency>
        <Required key="53" type="2" schemaName="adx_masterwebfileid" displayName="Master Web File" parentSchemaName="adx_webfile" parentDisplayName="Web File" solution="AdxstudioPortals (7.0.0060)" />
        <Dependent key="53" type="2" schemaName="adx_masterwebfileid" displayName="Master Web File" parentSchemaName="adx_webfile" parentDisplayName="Web File" />
      </MissingDependency>
      <MissingDependency>
        <Required key="54" type="2" schemaName="adx_displayorder" displayName="Display Order" parentSchemaName="adx_webfile" parentDisplayName="Web File" solution="AdxstudioPortalsDependencies (1.0.0031)" />
        <Dependent key="33" type="60" displayName="Information" parentDisplayName="Web File" id="{efe18451-69c6-465e-8d3b-818ea660ab76}" />
      </MissingDependency>
      <MissingDependency>
        <Required key="55" type="2" schemaName="adx_expirationdate" displayName="Expiration Date" parentSchemaName="adx_webfile" parentDisplayName="Web File" solution="AdxstudioPortals (7.0.0060)" />
        <Dependent key="33" type="60" displayName="Information" parentDisplayName="Web File" id="{efe18451-69c6-465e-8d3b-818ea660ab76}" />
      </MissingDependency>
      <MissingDependency>
        <Required key="56" type="2" schemaName="adx_excludefromsearch" displayName="Exclude From Search" parentSchemaName="adx_webfile" parentDisplayName="Web File" solution="AdxstudioPortals (7.0.0060)" />
        <Dependent key="33" type="60" displayName="Information" parentDisplayName="Web File" id="{efe18451-69c6-465e-8d3b-818ea660ab76}" />
      </MissingDependency>
      <MissingDependency>
        <Required key="57" type="2" schemaName="adx_cloudblobaddress" displayName="Cloud Blob Address" parentSchemaName="adx_webfile" parentDisplayName="Web File" solution="AdxstudioPortals (7.0.0060)" />
        <Dependent key="33" type="60" displayName="Information" parentDisplayName="Web File" id="{efe18451-69c6-465e-8d3b-818ea660ab76}" />
      </MissingDependency>
      <MissingDependency>
        <Required key="58" type="2" schemaName="adx_enabletracking" displayName="Enable Tracking" parentSchemaName="adx_webfile" parentDisplayName="Web File" solution="AdxstudioPortals (7.0.0060)" />
        <Dependent key="33" type="60" displayName="Information" parentDisplayName="Web File" id="{efe18451-69c6-465e-8d3b-818ea660ab76}" />
      </MissingDependency>
      <MissingDependency>
        <Required key="59" type="2" schemaName="adx_summary" displayName="Summary" parentSchemaName="adx_webfile" parentDisplayName="Web File" solution="AdxstudioPortalsDependencies (1.0.0031)" />
        <Dependent key="33" type="60" displayName="Information" parentDisplayName="Web File" id="{efe18451-69c6-465e-8d3b-818ea660ab76}" />
      </MissingDependency>
      <MissingDependency>
        <Required key="60" type="2" schemaName="adx_partialurl" displayName="Partial Url" parentSchemaName="adx_webfile" parentDisplayName="Web File" solution="AdxstudioPortalsDependencies (1.0.0031)" />
        <Dependent key="33" type="60" displayName="Information" parentDisplayName="Web File" id="{efe18451-69c6-465e-8d3b-818ea660ab76}" />
      </MissingDependency>
      <MissingDependency>
        <Required key="61" type="2" schemaName="adx_publishingstateid" displayName="Publishing State" parentSchemaName="adx_webfile" parentDisplayName="Web File" solution="AdxstudioPortals (7.0.0060)" />
        <Dependent key="61" type="2" schemaName="adx_publishingstateid" displayName="Publishing State" parentSchemaName="adx_webfile" parentDisplayName="Web File" />
      </MissingDependency>
      <MissingDependency>
        <Required key="62" type="2" schemaName="adx_hiddenfromsitemap" displayName="Hidden From Sitemap" parentSchemaName="adx_webfile" parentDisplayName="Web File" solution="AdxstudioPortalsDependencies (1.0.0031)" />
        <Dependent key="62" type="2" schemaName="adx_hiddenfromsitemap" displayName="Hidden From Sitemap" parentSchemaName="adx_webfile" parentDisplayName="Web File" />
      </MissingDependency>
      <MissingDependency>
        <Required key="63" type="2" schemaName="adx_parentpageid" displayName="Parent Page" parentSchemaName="adx_webfile" parentDisplayName="Web File" solution="AdxstudioPortalsDependencies (1.0.0031)" />
        <Dependent key="63" type="2" schemaName="adx_parentpageid" displayName="Parent Page" parentSchemaName="adx_webfile" parentDisplayName="Web File" />
      </MissingDependency>
      <MissingDependency>
        <Required key="64" type="2" schemaName="statecode" displayName="Status" parentSchemaName="adx_webfile" parentDisplayName="Web File" solution="AdxstudioPortalsDependencies (1.0.0031)" />
        <Dependent key="64" type="2" schemaName="statecode" displayName="Status" parentSchemaName="adx_webfile" parentDisplayName="Web File" />
      </MissingDependency>
      <MissingDependency>
        <Required key="65" type="2" schemaName="adx_websiteid" displayName="Website" parentSchemaName="adx_webfile" parentDisplayName="Web File" solution="AdxstudioPortalsDependencies (1.0.0031)" />
        <Dependent key="65" type="2" schemaName="adx_websiteid" displayName="Website" parentSchemaName="adx_webfile" parentDisplayName="Web File" />
      </MissingDependency>
      <MissingDependency>
        <Required key="66" type="10" schemaName="adx_subject_webfile" displayName="adx_subject_webfile" parentSchemaName="adx_webfile" parentDisplayName="Web File" solution="AdxstudioPortalsDependencies (1.0.0031)" />
        <Dependent key="66" type="10" schemaName="adx_subject_webfile" displayName="adx_subject_webfile" parentSchemaName="adx_webfile" parentDisplayName="Web File" />
      </MissingDependency>
      <MissingDependency>
        <Required key="29" type="10" schemaName="adx_publishingstate_webfile" displayName="adx_publishingstate_webfile" parentSchemaName="adx_webfile" parentDisplayName="Web File" solution="AdxstudioPortals (7.0.0060)" />
        <Dependent key="29" type="10" schemaName="adx_publishingstate_webfile" displayName="adx_publishingstate_webfile" parentSchemaName="adx_webfile" parentDisplayName="Web File" />
      </MissingDependency>
      <MissingDependency>
        <Required key="25" type="10" schemaName="adx_webpage_webfile" displayName="adx_webpage_webfile" parentSchemaName="adx_webfile" parentDisplayName="Web File" solution="AdxstudioPortalsDependencies (1.0.0031)" />
        <Dependent key="25" type="10" schemaName="adx_webpage_webfile" displayName="adx_webpage_webfile" parentSchemaName="adx_webfile" parentDisplayName="Web File" />
      </MissingDependency>
      <MissingDependency>
        <Required key="30" type="10" schemaName="adx_website_webfile" displayName="adx_website_webfile" parentSchemaName="adx_webfile" parentDisplayName="Web File" solution="AdxstudioPortalsDependencies (1.0.0031)" />
        <Dependent key="30" type="10" schemaName="adx_website_webfile" displayName="adx_website_webfile" parentSchemaName="adx_webfile" parentDisplayName="Web File" />
      </MissingDependency>
      <MissingDependency>
        <Required key="47" type="10" schemaName="adx_webfile_masterwebfile" displayName="adx_webfile_masterwebfile" parentSchemaName="adx_webfile" parentDisplayName="Web File" solution="AdxstudioPortals (7.0.0060)" />
        <Dependent key="47" type="10" schemaName="adx_webfile_masterwebfile" displayName="adx_webfile_masterwebfile" parentSchemaName="adx_webfile" parentDisplayName="Web File" />
      </MissingDependency>
      <MissingDependency>
        <Required key="67" type="9" schemaName="adx_webfile_statecode" displayName="Status" solution="AdxstudioPortalsDependencies (1.0.0031)" />
        <Dependent key="67" type="9" schemaName="adx_webfile_statecode" displayName="Status" />
      </MissingDependency>
      <MissingDependency>
        <Required key="68" type="9" schemaName="adx_webfile_adx_hiddenfromsitemap" displayName="Hidden From Sitemap" solution="AdxstudioPortalsDependencies (1.0.0031)" />
        <Dependent key="68" type="9" schemaName="adx_webfile_adx_hiddenfromsitemap" displayName="Hidden From Sitemap" />
      </MissingDependency>
      <MissingDependency>
        <Required key="68" type="9" schemaName="adx_webfile_adx_hiddenfromsitemap" displayName="Hidden From Sitemap" solution="AdxstudioPortalsDependencies (1.0.0031)" />
        <Dependent key="68" type="9" schemaName="adx_webfile_adx_hiddenfromsitemap" displayName="Hidden From Sitemap" />
      </MissingDependency>
      <MissingDependency>
        <Required key="69" type="9" schemaName="adx_webfile_statuscode" displayName="Status Reason" solution="AdxstudioPortalsDependencies (1.0.0031)" />
        <Dependent key="69" type="9" schemaName="adx_webfile_statuscode" displayName="Status Reason" />
      </MissingDependency>
      <MissingDependency>
        <Required key="69" type="9" schemaName="adx_webfile_statuscode" displayName="Status Reason" solution="AdxstudioPortalsDependencies (1.0.0031)" />
        <Dependent key="69" type="9" schemaName="adx_webfile_statuscode" displayName="Status Reason" />
      </MissingDependency>
      <MissingDependency>
        <Required key="67" type="9" schemaName="adx_webfile_statecode" displayName="Status" solution="AdxstudioPortalsDependencies (1.0.0031)" />
        <Dependent key="67" type="9" schemaName="adx_webfile_statecode" displayName="Status" />
      </MissingDependency>
      <MissingDependency>
        <Required key="30" type="10" schemaName="adx_website_webfile" displayName="adx_website_webfile" parentSchemaName="adx_webfile" parentDisplayName="Web File" solution="AdxstudioPortalsDependencies (1.0.0031)" />
        <Dependent key="70" type="2" schemaName="adx_websiteidname" parentSchemaName="adx_webfile" parentDisplayName="Web File" />
      </MissingDependency>
      <MissingDependency>
        <Required key="29" type="10" schemaName="adx_publishingstate_webfile" displayName="adx_publishingstate_webfile" parentSchemaName="adx_webfile" parentDisplayName="Web File" solution="AdxstudioPortals (7.0.0060)" />
        <Dependent key="71" type="2" schemaName="adx_publishingstateidname" parentSchemaName="adx_webfile" parentDisplayName="Web File" />
      </MissingDependency>
      <MissingDependency>
        <Required key="66" type="10" schemaName="adx_subject_webfile" displayName="adx_subject_webfile" parentSchemaName="adx_webfile" parentDisplayName="Web File" solution="AdxstudioPortalsDependencies (1.0.0031)" />
        <Dependent key="72" type="2" schemaName="adx_subjectidname" parentSchemaName="adx_webfile" parentDisplayName="Web File" />
      </MissingDependency>
      <MissingDependency>
        <Required key="47" type="10" schemaName="adx_webfile_masterwebfile" displayName="adx_webfile_masterwebfile" parentSchemaName="adx_webfile" parentDisplayName="Web File" solution="AdxstudioPortals (7.0.0060)" />
        <Dependent key="73" type="2" schemaName="adx_masterwebfileidname" parentSchemaName="adx_webfile" parentDisplayName="Web File" />
      </MissingDependency>
      <MissingDependency>
        <Required key="25" type="10" schemaName="adx_webpage_webfile" displayName="adx_webpage_webfile" parentSchemaName="adx_webfile" parentDisplayName="Web File" solution="AdxstudioPortalsDependencies (1.0.0031)" />
        <Dependent key="74" type="2" schemaName="adx_parentpageidname" parentSchemaName="adx_webfile" parentDisplayName="Web File" />
      </MissingDependency>
      <MissingDependency>
        <Required key="67" type="9" schemaName="adx_webfile_statecode" displayName="Status" solution="AdxstudioPortalsDependencies (1.0.0031)" />
        <Dependent key="67" type="9" schemaName="adx_webfile_statecode" displayName="Status" />
      </MissingDependency>
      <MissingDependency>
        <Required key="68" type="9" schemaName="adx_webfile_adx_hiddenfromsitemap" displayName="Hidden From Sitemap" solution="AdxstudioPortalsDependencies (1.0.0031)" />
        <Dependent key="68" type="9" schemaName="adx_webfile_adx_hiddenfromsitemap" displayName="Hidden From Sitemap" />
      </MissingDependency>
      <MissingDependency>
        <Required key="69" type="9" schemaName="adx_webfile_statuscode" displayName="Status Reason" solution="AdxstudioPortalsDependencies (1.0.0031)" />
        <Dependent key="69" type="9" schemaName="adx_webfile_statuscode" displayName="Status Reason" />
      </MissingDependency>
      <MissingDependency>
        <Required key="66" type="10" schemaName="adx_subject_webfile" displayName="adx_subject_webfile" parentSchemaName="adx_webfile" parentDisplayName="Web File" solution="AdxstudioPortalsDependencies (1.0.0031)" />
        <Dependent key="33" type="60" displayName="Information" parentDisplayName="Web File" id="{efe18451-69c6-465e-8d3b-818ea660ab76}" />
      </MissingDependency>
      <MissingDependency>
        <Required key="47" type="10" schemaName="adx_webfile_masterwebfile" displayName="adx_webfile_masterwebfile" parentSchemaName="adx_webfile" parentDisplayName="Web File" solution="AdxstudioPortals (7.0.0060)" />
        <Dependent key="33" type="60" displayName="Information" parentDisplayName="Web File" id="{efe18451-69c6-465e-8d3b-818ea660ab76}" />
      </MissingDependency>
      <MissingDependency>
        <Required key="29" type="10" schemaName="adx_publishingstate_webfile" displayName="adx_publishingstate_webfile" parentSchemaName="adx_webfile" parentDisplayName="Web File" solution="AdxstudioPortals (7.0.0060)" />
        <Dependent key="33" type="60" displayName="Information" parentDisplayName="Web File" id="{efe18451-69c6-465e-8d3b-818ea660ab76}" />
      </MissingDependency>
      <MissingDependency>
        <Required key="25" type="10" schemaName="adx_webpage_webfile" displayName="adx_webpage_webfile" parentSchemaName="adx_webfile" parentDisplayName="Web File" solution="AdxstudioPortalsDependencies (1.0.0031)" />
        <Dependent key="33" type="60" displayName="Information" parentDisplayName="Web File" id="{efe18451-69c6-465e-8d3b-818ea660ab76}" />
      </MissingDependency>
      <MissingDependency>
        <Required key="30" type="10" schemaName="adx_website_webfile" displayName="adx_website_webfile" parentSchemaName="adx_webfile" parentDisplayName="Web File" solution="AdxstudioPortalsDependencies (1.0.0031)" />
        <Dependent key="33" type="60" displayName="Information" parentDisplayName="Web File" id="{efe18451-69c6-465e-8d3b-818ea660ab76}" />
      </MissingDependency>
      <MissingDependency>
        <Required key="75" type="10" schemaName="adx_website_pagetemplate" displayName="adx_website_pagetemplate" parentSchemaName="adx_pagetemplate" parentDisplayName="Page Template" solution="AdxstudioPortalsDependencies (1.0.0031)" />
        <Dependent key="31" type="60" displayName="Information" parentDisplayName="Blog" id="{c71ed4f8-139d-46c2-bc43-7c6bfc87a5e5}" />
      </MissingDependency>
      <MissingDependency>
        <Required key="76" type="10" schemaName="adx_website_webpage" displayName="adx_website_webpage" parentSchemaName="adx_webpage" parentDisplayName="Web Page" solution="AdxstudioPortalsDependencies (1.0.0031)" />
        <Dependent key="31" type="60" displayName="Information" parentDisplayName="Blog" id="{c71ed4f8-139d-46c2-bc43-7c6bfc87a5e5}" />
      </MissingDependency>
      <MissingDependency>
        <Required key="77" type="10" schemaName="adx_website_publishingstate" displayName="adx_website_publishingstate" parentSchemaName="adx_publishingstate" parentDisplayName="Publishing State" solution="AdxstudioPortals (7.0.0060)" />
        <Dependent key="33" type="60" displayName="Information" parentDisplayName="Web File" id="{efe18451-69c6-465e-8d3b-818ea660ab76}" />
      </MissingDependency>
      <MissingDependency>
        <Required key="76" type="10" schemaName="adx_website_webpage" displayName="adx_website_webpage" parentSchemaName="adx_webpage" parentDisplayName="Web Page" solution="AdxstudioPortalsDependencies (1.0.0031)" />
        <Dependent key="33" type="60" displayName="Information" parentDisplayName="Web File" id="{efe18451-69c6-465e-8d3b-818ea660ab76}" />
      </MissingDependency>
      <MissingDependency>
        <Required key="5" type="1" schemaName="adx_pagetemplate" displayName="Page Template" solution="AdxstudioPortalsDependencies (1.0.0031)" />
        <Dependent key="32" type="10" schemaName="adx_pagetemplate_blog_archive" displayName="adx_pagetemplate_blog_archive" parentSchemaName="adx_blog" parentDisplayName="Blog" />
      </MissingDependency>
      <MissingDependency>
        <Required key="8" type="1" schemaName="adx_webpage" displayName="Web Page" solution="AdxstudioPortalsDependencies (1.0.0031)" />
        <Dependent key="27" type="10" schemaName="adx_webpage_blog" displayName="adx_webpage_blog" parentSchemaName="adx_blog" parentDisplayName="Blog" />
      </MissingDependency>
      <MissingDependency>
        <Required key="78" type="1" schemaName="contact" displayName="Contact" solution="System" />
        <Dependent key="79" type="10" schemaName="adx_contact_blogpost" displayName="adx_contact_blogpost" parentSchemaName="adx_blogpost" parentDisplayName="Blog Post" />
      </MissingDependency>
      <MissingDependency>
        <Required key="5" type="1" schemaName="adx_pagetemplate" displayName="Page Template" solution="AdxstudioPortalsDependencies (1.0.0031)" />
        <Dependent key="35" type="10" schemaName="adx_pagetemplate_blog_post" displayName="adx_pagetemplate_blog_post" parentSchemaName="adx_blog" parentDisplayName="Blog" />
      </MissingDependency>
      <MissingDependency>
        <Required key="17" type="1" schemaName="adx_webrole" displayName="Web Role" solution="AdxstudioPortalsDependencies (1.0.0031)" />
        <Dependent key="80" type="10" schemaName="adx_blog_webrole" displayName="adx_blog_webrole" parentSchemaName="adx_blog" parentDisplayName="Blog" />
      </MissingDependency>
      <MissingDependency>
        <Required key="78" type="1" schemaName="contact" displayName="Contact" solution="System" />
        <Dependent key="81" type="10" schemaName="adx_contact_blogpostcomment" displayName="adx_contact_blogpostcomment" parentSchemaName="adx_blogpostcomment" parentDisplayName="Blog Post Comment" />
      </MissingDependency>
      <MissingDependency>
        <Required key="82" type="1" schemaName="adx_tag" displayName="Tag" solution="AdxstudioPortals (7.0.0060)" />
        <Dependent key="83" type="10" schemaName="adx_blogpost_tag" displayName="adx_blogpost_tag" parentSchemaName="adx_blogpost" parentDisplayName="Blog Post" />
      </MissingDependency>
      <MissingDependency>
        <Required key="11" type="1" schemaName="adx_website" displayName="Website" solution="AdxstudioPortalsDependencies (1.0.0031)" />
        <Dependent key="26" type="10" schemaName="adx_website_blog" displayName="adx_website_blog" parentSchemaName="adx_blog" parentDisplayName="Blog" />
      </MissingDependency>
      <MissingDependency>
        <Required key="5" type="1" schemaName="adx_pagetemplate" displayName="Page Template" solution="AdxstudioPortalsDependencies (1.0.0031)" />
        <Dependent key="43" type="10" schemaName="adx_pagetemplate_blog_home" displayName="adx_pagetemplate_blog_home" parentSchemaName="adx_blog" parentDisplayName="Blog" />
      </MissingDependency>
      <MissingDependency>
        <Required key="84" type="20" displayName="System Customizer" solution="System" id="{6de33915-e33c-e311-93f9-00155d03a503}" parentId="{119f245c-3cc8-4b62-b31c-d1a046ced15d}" />
        <Dependent key="85" type="60" displayName="New Comment Form" parentDisplayName="Blog Post Comment" id="{e7c76ad1-16a1-457b-9937-6d16c1ff316d}" />
      </MissingDependency>
      <MissingDependency>
        <Required key="86" type="26" schemaName="Web Page Lookup View" displayName="Web Page Lookup View" parentSchemaName="adx_webpage" parentDisplayName="Web Page" solution="AdxstudioPortalsDependencies (1.0.0031)" id="{d40f1c4b-2b80-4d7d-8ed1-d5817562ab54}" />
        <Dependent key="31" type="60" displayName="Information" parentDisplayName="Blog" id="{c71ed4f8-139d-46c2-bc43-7c6bfc87a5e5}" />
      </MissingDependency>
      <MissingDependency>
        <Required key="87" type="26" schemaName="Page Template Lookup View" displayName="Page Template Lookup View" parentSchemaName="adx_pagetemplate" parentDisplayName="Page Template" solution="AdxstudioPortalsDependencies (1.0.0031)" id="{a90e04f7-39cc-40f5-88d6-c4c756c1083c}" />
        <Dependent key="31" type="60" displayName="Information" parentDisplayName="Blog" id="{c71ed4f8-139d-46c2-bc43-7c6bfc87a5e5}" />
      </MissingDependency>
      <MissingDependency>
        <Required key="88" type="26" schemaName="Website Lookup View" displayName="Website Lookup View" parentSchemaName="adx_website" parentDisplayName="Website" solution="AdxstudioPortalsDependencies (1.0.0031)" id="{52f03978-5c2c-426f-a5cf-7b76b8a043db}" />
        <Dependent key="31" type="60" displayName="Information" parentDisplayName="Blog" id="{c71ed4f8-139d-46c2-bc43-7c6bfc87a5e5}" />
      </MissingDependency>
      <MissingDependency>
        <Required key="89" type="26" schemaName="Publishing State Lookup View" displayName="Publishing State Lookup View" parentSchemaName="adx_publishingstate" parentDisplayName="Publishing State" solution="AdxstudioPortals (7.0.0060)" id="{c0fc9644-2a90-43cb-93ba-7e06dd4b9641}" />
        <Dependent key="33" type="60" displayName="Information" parentDisplayName="Web File" id="{efe18451-69c6-465e-8d3b-818ea660ab76}" />
      </MissingDependency>
      <MissingDependency>
        <Required key="90" type="26" schemaName="Inactive WebPages" displayName="Inactive WebPages" parentSchemaName="adx_webpage" parentDisplayName="Web Page" solution="AdxstudioPortalsDependencies (1.0.0031)" id="{aab2f4bb-7813-46b2-9891-4c050325962b}" />
        <Dependent key="33" type="60" displayName="Information" parentDisplayName="Web File" id="{efe18451-69c6-465e-8d3b-818ea660ab76}" />
      </MissingDependency>
      <MissingDependency>
        <Required key="91" type="26" schemaName="Event Management Web Pages" displayName="Event Management Web Pages" parentSchemaName="adx_webpage" parentDisplayName="Web Page" solution="AdxstudioPortalsDependencies (1.0.0031)" id="{d0f45133-c02a-df11-ac48-00155d035a12}" />
        <Dependent key="33" type="60" displayName="Information" parentDisplayName="Web File" id="{efe18451-69c6-465e-8d3b-818ea660ab76}" />
      </MissingDependency>
      <MissingDependency>
        <Required key="86" type="26" schemaName="Web Page Lookup View" displayName="Web Page Lookup View" parentSchemaName="adx_webpage" parentDisplayName="Web Page" solution="AdxstudioPortalsDependencies (1.0.0031)" id="{d40f1c4b-2b80-4d7d-8ed1-d5817562ab54}" />
        <Dependent key="33" type="60" displayName="Information" parentDisplayName="Web File" id="{efe18451-69c6-465e-8d3b-818ea660ab76}" />
      </MissingDependency>
      <MissingDependency>
        <Required key="92" type="26" schemaName="Active WebPages" displayName="Active WebPages" parentSchemaName="adx_webpage" parentDisplayName="Web Page" solution="AdxstudioPortalsDependencies (1.0.0031)" id="{ebc6fc95-4c19-44e0-8ba5-cb188ddf8a14}" />
        <Dependent key="33" type="60" displayName="Information" parentDisplayName="Web File" id="{efe18451-69c6-465e-8d3b-818ea660ab76}" />
      </MissingDependency>
      <MissingDependency>
        <Required key="33" type="60" displayName="Information" parentDisplayName="Web File" solution="AdxstudioPortalsDependencies (1.0.0031)" id="{efe18451-69c6-465e-8d3b-818ea660ab76}" />
        <Dependent key="33" type="60" displayName="Information" parentDisplayName="Web File" id="{efe18451-69c6-465e-8d3b-818ea660ab76}" />
      </MissingDependency>
      <MissingDependency>
        <Required key="93" type="61" schemaName="adx_icon_nav_cms_small" displayName="adx_icon_nav_cms_small" solution="AdxstudioPortals (7.0.0060)" />
        <Dependent key="2" type="62" id="{17a3a638-e33c-e311-93f9-00155d03a503}" />
      </MissingDependency>
      <MissingDependency>
        <Required key="93" type="61" schemaName="adx_icon_nav_cms_small" displayName="adx_icon_nav_cms_small" solution="AdxstudioPortals (7.0.0060)" />
        <Dependent key="93" type="61" schemaName="adx_icon_nav_cms_small" displayName="adx_icon_nav_cms_small" />
      </MissingDependency>
      <MissingDependency>
        <Required key="94" type="61" schemaName="adx_/tinymce/tinymce.html" displayName="adx_/tinymce/tinymce.html" solution="AdxstudioPortals (7.0.0060)" />
        <Dependent key="95" type="60" displayName="Information" parentDisplayName="Blog Post Comment" id="{95cc0f36-638e-4ee8-9f9a-d14928556457}" />
      </MissingDependency>
      <MissingDependency>
        <Required key="94" type="61" schemaName="adx_/tinymce/tinymce.html" displayName="adx_/tinymce/tinymce.html" solution="AdxstudioPortals (7.0.0060)" />
        <Dependent key="31" type="60" displayName="Information" parentDisplayName="Blog" id="{c71ed4f8-139d-46c2-bc43-7c6bfc87a5e5}" />
      </MissingDependency>
      <MissingDependency>
        <Required key="94" type="61" schemaName="adx_/tinymce/tinymce.html" displayName="adx_/tinymce/tinymce.html" solution="AdxstudioPortals (7.0.0060)" />
        <Dependent key="96" type="60" displayName="Information" parentDisplayName="Blog Post" id="{0a9353a1-4a9c-4ebc-8c3f-cd3bb66ff032}" />
      </MissingDependency>
      <MissingDependency>
        <Required key="97" type="61" schemaName="msa_icon_webfile_medium" displayName="msa_icon_webfile_medium" solution="AdxstudioPortalsDependencies (1.0.0031)" />
        <Dependent key="0" type="1" schemaName="adx_webfile" displayName="Web File" />
      </MissingDependency>
      <MissingDependency>
        <Required key="98" type="61" schemaName="msa_Adx_icon_webfile_small" displayName="msa_Adx_icon_webfile_small" solution="AdxstudioPortalsDependencies (1.0.0031)" />
        <Dependent key="0" type="1" schemaName="adx_webfile" displayName="Web File" />
      </MissingDependency>
      <MissingDependency>
        <Required key="94" type="61" schemaName="adx_/tinymce/tinymce.html" displayName="adx_/tinymce/tinymce.html" solution="AdxstudioPortals (7.0.0060)" />
        <Dependent key="33" type="60" displayName="Information" parentDisplayName="Web File" id="{efe18451-69c6-465e-8d3b-818ea660ab76}" />
      </MissingDependency>
    </MissingDependencies>
  </SolutionManifest>
</ImportExportXml>