﻿<?xml version="1.0" encoding="utf-8"?>
<ImportExportXml version="6.1.0002.0112" SolutionPackageVersion="6.0" languagecode="1033" generatedBy="OnPremise" xmlns:xsi="http://www.w3.org/2001/XMLSchema-instance">
  <SolutionManifest>
    <UniqueName>AdxstudioIssues</UniqueName>
    <LocalizedNames>
      <LocalizedName description="Adxstudio Issues" languagecode="1033" />
    </LocalizedNames>
    <Descriptions>
      <Description description="Issues extend Adxstudio Portals with issue tracking features, such as issue creation, comments, alerts, and filtering." languagecode="1033" />
    </Descriptions>
    <Version>7.0.0008</Version>
    <Managed>1</Managed>
    <Publisher>
      <UniqueName>adxstudio</UniqueName>
      <LocalizedNames>
        <LocalizedName description="Adxstudio Inc." languagecode="1033" />
      </LocalizedNames>
      <Descriptions>
        <Description description="Adxstudio brings qualified expertise in web portal and CMS frameworks to Microsoft Dynamics CRM with xRM Portals (CfMD), an integrated bundle of web portal accelerators which add sophisticated content management, event coordination, membership, profile and self-service capabilities to Dynamics CRM." languagecode="1033" />
      </Descriptions>
      <EMailAddress>support@adxstudio.com</EMailAddress>
      <SupportingWebsiteUrl>http://www.adxstudio.com</SupportingWebsiteUrl>
      <CustomizationPrefix>adx</CustomizationPrefix>
      <CustomizationOptionValuePrefix>75615</CustomizationOptionValuePrefix>
      <Addresses>
        <Address>
          <AddressNumber>1</AddressNumber>
          <AddressTypeCode>1</AddressTypeCode>
          <City xsi:nil="true"></City>
          <County xsi:nil="true"></County>
          <Country xsi:nil="true"></Country>
          <Fax xsi:nil="true"></Fax>
          <FreightTermsCode xsi:nil="true"></FreightTermsCode>
          <ImportSequenceNumber xsi:nil="true"></ImportSequenceNumber>
          <Latitude xsi:nil="true"></Latitude>
          <Line1 xsi:nil="true"></Line1>
          <Line2 xsi:nil="true"></Line2>
          <Line3 xsi:nil="true"></Line3>
          <Longitude xsi:nil="true"></Longitude>
          <Name xsi:nil="true"></Name>
          <PostalCode xsi:nil="true"></PostalCode>
          <PostOfficeBox xsi:nil="true"></PostOfficeBox>
          <PrimaryContactName xsi:nil="true"></PrimaryContactName>
          <ShippingMethodCode>1</ShippingMethodCode>
          <StateOrProvince xsi:nil="true"></StateOrProvince>
          <Telephone1 xsi:nil="true"></Telephone1>
          <Telephone2 xsi:nil="true"></Telephone2>
          <Telephone3 xsi:nil="true"></Telephone3>
          <TimeZoneRuleVersionNumber xsi:nil="true"></TimeZoneRuleVersionNumber>
          <UPSZone xsi:nil="true"></UPSZone>
          <UTCOffset xsi:nil="true"></UTCOffset>
          <UTCConversionTimeZoneCode xsi:nil="true"></UTCConversionTimeZoneCode>
        </Address>
        <Address>
          <AddressNumber>2</AddressNumber>
          <AddressTypeCode>1</AddressTypeCode>
          <City xsi:nil="true"></City>
          <County xsi:nil="true"></County>
          <Country xsi:nil="true"></Country>
          <Fax xsi:nil="true"></Fax>
          <FreightTermsCode xsi:nil="true"></FreightTermsCode>
          <ImportSequenceNumber xsi:nil="true"></ImportSequenceNumber>
          <Latitude xsi:nil="true"></Latitude>
          <Line1 xsi:nil="true"></Line1>
          <Line2 xsi:nil="true"></Line2>
          <Line3 xsi:nil="true"></Line3>
          <Longitude xsi:nil="true"></Longitude>
          <Name xsi:nil="true"></Name>
          <PostalCode xsi:nil="true"></PostalCode>
          <PostOfficeBox xsi:nil="true"></PostOfficeBox>
          <PrimaryContactName xsi:nil="true"></PrimaryContactName>
          <ShippingMethodCode>1</ShippingMethodCode>
          <StateOrProvince xsi:nil="true"></StateOrProvince>
          <Telephone1 xsi:nil="true"></Telephone1>
          <Telephone2 xsi:nil="true"></Telephone2>
          <Telephone3 xsi:nil="true"></Telephone3>
          <TimeZoneRuleVersionNumber xsi:nil="true"></TimeZoneRuleVersionNumber>
          <UPSZone xsi:nil="true"></UPSZone>
          <UTCOffset xsi:nil="true"></UTCOffset>
          <UTCConversionTimeZoneCode xsi:nil="true"></UTCConversionTimeZoneCode>
        </Address>
      </Addresses>
    </Publisher>
    <RootComponents>
      <RootComponent type="1" schemaName="adx_issue" />
      <RootComponent type="1" schemaName="adx_issuealert" />
      <RootComponent type="1" schemaName="adx_issuecomment" />
      <RootComponent type="1" schemaName="adx_issueforum" />
      <RootComponent type="1" schemaName="adx_issuenotification" />
      <RootComponent type="1" schemaName="adx_webfile" />
      <RootComponent type="61" schemaName="adx_icon_issuealert_medium" />
      <RootComponent type="61" schemaName="adx_icon_issuealert_small" />
      <RootComponent type="61" schemaName="adx_icon_issuecomment_medium" />
      <RootComponent type="61" schemaName="adx_icon_issuecomment_small" />
      <RootComponent type="61" schemaName="adx_icon_issueforum_medium" />
      <RootComponent type="61" schemaName="adx_icon_issueforum_small" />
      <RootComponent type="61" schemaName="adx_icon_issuenotification_medium" />
      <RootComponent type="61" schemaName="adx_icon_issuenotification_small" />
      <RootComponent type="61" schemaName="adx_icon_issue_medium" />
      <RootComponent type="61" schemaName="adx_icon_issue_small" />
      <RootComponent type="61" schemaName="adx_icon_nav_community_32.png" />
      <RootComponent type="61" schemaName="adx_icon_nav_social_small" />
      <RootComponent type="62" />
      <RootComponent type="91" schemaName="Adxstudio.Xrm.Plugins.Issues, Version=1.0.0.0, Culture=neutral, PublicKeyToken=b7191ff16e41d602" />
      <RootComponent type="92" id="{3721eab2-2de6-e111-b60c-00155d03a708}" />
      <RootComponent type="92" id="{b9f5931a-2de6-e111-b60c-00155d03a708}" />
    </RootComponents>
    <MissingDependencies>
      <MissingDependency>
        <Required key="0" type="1" schemaName="adx_webfile" displayName="Web File" solution="AdxstudioPortalsDependencies (1.0.0031)" />
        <Dependent key="0" type="1" schemaName="adx_webfile" displayName="Web File" />
      </MissingDependency>
      <MissingDependency>
        <Required key="1" type="1" schemaName="adx_webrole" displayName="Web Role" solution="AdxstudioPortalsDependencies (1.0.0031)" />
        <Dependent key="2" type="62" id="{17a3a638-e33c-e311-93f9-00155d03a503}" />
      </MissingDependency>
      <MissingDependency>
        <Required key="1" type="1" schemaName="adx_webrole" displayName="Web Role" solution="AdxstudioPortalsDependencies (1.0.0031)" />
        <Dependent key="3" type="60" displayName="Information" parentDisplayName="Issue Forum" id="{bd64f01a-b0bc-43e1-9f33-cc60ba138529}" />
      </MissingDependency>
      <MissingDependency>
        <Required key="4" type="1" schemaName="adx_adplacement" displayName="Ad Placement" solution="AdxstudioPortals (7.0.0060)" />
        <Dependent key="2" type="62" id="{17a3a638-e33c-e311-93f9-00155d03a503}" />
      </MissingDependency>
      <MissingDependency>
        <Required key="5" type="1" schemaName="adx_website" displayName="Website" solution="AdxstudioPortalsDependencies (1.0.0031)" />
        <Dependent key="6" type="10" schemaName="adx_website_issuenotification" displayName="adx_website_issuenotification" parentSchemaName="adx_issuenotification" parentDisplayName="Issue Notification" />
      </MissingDependency>
      <MissingDependency>
        <Required key="5" type="1" schemaName="adx_website" displayName="Website" solution="AdxstudioPortalsDependencies (1.0.0031)" />
        <Dependent key="7" type="10" schemaName="adx_website_issueforum" displayName="adx_website_issueforum" parentSchemaName="adx_issueforum" parentDisplayName="Issue Forum" />
      </MissingDependency>
      <MissingDependency>
        <Required key="5" type="1" schemaName="adx_website" displayName="Website" solution="AdxstudioPortalsDependencies (1.0.0031)" />
        <Dependent key="2" type="62" id="{17a3a638-e33c-e311-93f9-00155d03a503}" />
      </MissingDependency>
      <MissingDependency>
        <Required key="5" type="1" schemaName="adx_website" displayName="Website" solution="AdxstudioPortalsDependencies (1.0.0031)" />
        <Dependent key="8" type="10" schemaName="adx_website_webfile" displayName="adx_website_webfile" parentSchemaName="adx_webfile" parentDisplayName="Web File" />
      </MissingDependency>
      <MissingDependency>
        <Required key="9" type="1" schemaName="adx_weblinkset" displayName="Web Link Set" solution="AdxstudioPortalsDependencies (1.0.0031)" />
        <Dependent key="2" type="62" id="{17a3a638-e33c-e311-93f9-00155d03a503}" />
      </MissingDependency>
      <MissingDependency>
        <Required key="10" type="1" schemaName="adx_shortcut" displayName="Shortcut" solution="AdxstudioPortals (7.0.0060)" />
        <Dependent key="2" type="62" id="{17a3a638-e33c-e311-93f9-00155d03a503}" />
      </MissingDependency>
      <MissingDependency>
        <Required key="11" type="1" schemaName="adx_pollplacement" displayName="Poll Placement" solution="AdxstudioPortals (7.0.0060)" />
        <Dependent key="2" type="62" id="{17a3a638-e33c-e311-93f9-00155d03a503}" />
      </MissingDependency>
      <MissingDependency>
        <Required key="12" type="1" schemaName="adx_accountaccess" displayName="Account Access" solution="AdxstudioPortalsDependencies (1.0.0031)" />
        <Dependent key="2" type="62" id="{17a3a638-e33c-e311-93f9-00155d03a503}" />
      </MissingDependency>
      <MissingDependency>
        <Required key="13" type="1" schemaName="adx_sitemarker" displayName="Site Marker" solution="AdxstudioPortalsDependencies (1.0.0031)" />
        <Dependent key="2" type="62" id="{17a3a638-e33c-e311-93f9-00155d03a503}" />
      </MissingDependency>
      <MissingDependency>
        <Required key="14" type="1" schemaName="adx_redirect" displayName="Redirect" solution="AdxstudioPortals (7.0.0060)" />
        <Dependent key="2" type="62" id="{17a3a638-e33c-e311-93f9-00155d03a503}" />
      </MissingDependency>
      <MissingDependency>
        <Required key="15" type="1" schemaName="adx_webpage" displayName="Web Page" solution="AdxstudioPortalsDependencies (1.0.0031)" />
        <Dependent key="2" type="62" id="{17a3a638-e33c-e311-93f9-00155d03a503}" />
      </MissingDependency>
      <MissingDependency>
        <Required key="15" type="1" schemaName="adx_webpage" displayName="Web Page" solution="AdxstudioPortalsDependencies (1.0.0031)" />
        <Dependent key="16" type="10" schemaName="adx_webpage_webfile" displayName="adx_webpage_webfile" parentSchemaName="adx_webfile" parentDisplayName="Web File" />
      </MissingDependency>
      <MissingDependency>
        <Required key="17" type="1" schemaName="adx_contentsnippet" displayName="Content Snippet" solution="AdxstudioPortalsDependencies (1.0.0031)" />
        <Dependent key="2" type="62" id="{17a3a638-e33c-e311-93f9-00155d03a503}" />
      </MissingDependency>
      <MissingDependency>
        <Required key="18" type="1" schemaName="adx_websiteaccess" displayName="Website Access" solution="AdxstudioPortals (7.0.0060)" />
        <Dependent key="2" type="62" id="{17a3a638-e33c-e311-93f9-00155d03a503}" />
      </MissingDependency>
      <MissingDependency>
        <Required key="19" type="1" schemaName="adx_pagetemplate" displayName="Page Template" solution="AdxstudioPortalsDependencies (1.0.0031)" />
        <Dependent key="2" type="62" id="{17a3a638-e33c-e311-93f9-00155d03a503}" />
      </MissingDependency>
      <MissingDependency>
        <Required key="20" type="1" schemaName="adx_publishingstatetransitionrule" displayName="Publishing State Transition Rule" solution="AdxstudioPortals (7.0.0060)" />
        <Dependent key="2" type="62" id="{17a3a638-e33c-e311-93f9-00155d03a503}" />
      </MissingDependency>
      <MissingDependency>
        <Required key="21" type="1" schemaName="adx_licensekey" displayName="Adxstudio License Key" solution="AdxstudioPortals (7.0.0060)" />
        <Dependent key="2" type="62" id="{17a3a638-e33c-e311-93f9-00155d03a503}" />
      </MissingDependency>
      <MissingDependency>
        <Required key="22" type="1" schemaName="adx_websitebinding" displayName="Website Binding" solution="AdxstudioPortals (7.0.0060)" />
        <Dependent key="2" type="62" id="{17a3a638-e33c-e311-93f9-00155d03a503}" />
      </MissingDependency>
      <MissingDependency>
        <Required key="23" type="1" schemaName="adx_poll" displayName="Poll" solution="AdxstudioPortals (7.0.0060)" />
        <Dependent key="2" type="62" id="{17a3a638-e33c-e311-93f9-00155d03a503}" />
      </MissingDependency>
      <MissingDependency>
        <Required key="24" type="1" schemaName="adx_caseaccess" displayName="Case Access" solution="AdxstudioPortalsDependencies (1.0.0031)" />
        <Dependent key="2" type="62" id="{17a3a638-e33c-e311-93f9-00155d03a503}" />
      </MissingDependency>
      <MissingDependency>
        <Required key="25" type="1" schemaName="adx_contactaccess" displayName="Contact Access" solution="AdxstudioPortalsDependencies (1.0.0031)" />
        <Dependent key="2" type="62" id="{17a3a638-e33c-e311-93f9-00155d03a503}" />
      </MissingDependency>
      <MissingDependency>
        <Required key="26" type="1" schemaName="adx_webpageaccesscontrolrule" displayName="Web Page Access Control Rule" solution="AdxstudioPortals (7.0.0060)" />
        <Dependent key="2" type="62" id="{17a3a638-e33c-e311-93f9-00155d03a503}" />
      </MissingDependency>
      <MissingDependency>
        <Required key="27" type="1" schemaName="adx_webnotificationurl" displayName="Web Notification URL" solution="AdxstudioPortalsDependencies (1.0.0031)" />
        <Dependent key="2" type="62" id="{17a3a638-e33c-e311-93f9-00155d03a503}" />
      </MissingDependency>
      <MissingDependency>
        <Required key="28" type="1" schemaName="adx_ad" displayName="Ad" solution="AdxstudioPortals (7.0.0060)" />
        <Dependent key="2" type="62" id="{17a3a638-e33c-e311-93f9-00155d03a503}" />
      </MissingDependency>
      <MissingDependency>
        <Required key="29" type="1" schemaName="adx_publishingstate" displayName="Publishing State" solution="AdxstudioPortals (7.0.0060)" />
        <Dependent key="30" type="10" schemaName="adx_publishingstate_webfile" displayName="adx_publishingstate_webfile" parentSchemaName="adx_webfile" parentDisplayName="Web File" />
      </MissingDependency>
      <MissingDependency>
        <Required key="31" type="1" schemaName="adx_sitesetting" displayName="Site Setting" solution="AdxstudioPortalsDependencies (1.0.0031)" />
        <Dependent key="2" type="62" id="{17a3a638-e33c-e311-93f9-00155d03a503}" />
      </MissingDependency>
      <MissingDependency>
        <Required key="32" type="2" schemaName="adx_publishingstateid" displayName="Publishing State" parentSchemaName="adx_publishingstate" parentDisplayName="Publishing State" solution="AdxstudioPortals (7.0.0060)" />
        <Dependent key="30" type="10" schemaName="adx_publishingstate_webfile" displayName="adx_publishingstate_webfile" parentSchemaName="adx_webfile" parentDisplayName="Web File" />
      </MissingDependency>
      <MissingDependency>
        <Required key="33" type="2" schemaName="adx_webpageid" displayName="Web Page" parentSchemaName="adx_webpage" parentDisplayName="Web Page" solution="AdxstudioPortalsDependencies (1.0.0031)" />
        <Dependent key="16" type="10" schemaName="adx_webpage_webfile" displayName="adx_webpage_webfile" parentSchemaName="adx_webfile" parentDisplayName="Web File" />
      </MissingDependency>
      <MissingDependency>
        <Required key="34" type="2" schemaName="adx_name" displayName="Name" parentSchemaName="adx_publishingstate" parentDisplayName="Publishing State" solution="AdxstudioPortals (7.0.0060)" />
        <Dependent key="30" type="10" schemaName="adx_publishingstate_webfile" displayName="adx_publishingstate_webfile" parentSchemaName="adx_webfile" parentDisplayName="Web File" />
      </MissingDependency>
      <MissingDependency>
        <Required key="35" type="2" schemaName="adx_websiteid" displayName="Website" parentSchemaName="adx_website" parentDisplayName="Website" solution="AdxstudioPortalsDependencies (1.0.0031)" />
        <Dependent key="8" type="10" schemaName="adx_website_webfile" displayName="adx_website_webfile" parentSchemaName="adx_webfile" parentDisplayName="Web File" />
      </MissingDependency>
      <MissingDependency>
        <Required key="35" type="2" schemaName="adx_websiteid" displayName="Website" parentSchemaName="adx_website" parentDisplayName="Website" solution="AdxstudioPortalsDependencies (1.0.0031)" />
        <Dependent key="6" type="10" schemaName="adx_website_issuenotification" displayName="adx_website_issuenotification" parentSchemaName="adx_issuenotification" parentDisplayName="Issue Notification" />
      </MissingDependency>
      <MissingDependency>
        <Required key="35" type="2" schemaName="adx_websiteid" displayName="Website" parentSchemaName="adx_website" parentDisplayName="Website" solution="AdxstudioPortalsDependencies (1.0.0031)" />
        <Dependent key="7" type="10" schemaName="adx_website_issueforum" displayName="adx_website_issueforum" parentSchemaName="adx_issueforum" parentDisplayName="Issue Forum" />
      </MissingDependency>
      <MissingDependency>
        <Required key="36" type="2" schemaName="adx_name" displayName="Name" parentSchemaName="adx_website" parentDisplayName="Website" solution="AdxstudioPortalsDependencies (1.0.0031)" />
        <Dependent key="7" type="10" schemaName="adx_website_issueforum" displayName="adx_website_issueforum" parentSchemaName="adx_issueforum" parentDisplayName="Issue Forum" />
      </MissingDependency>
      <MissingDependency>
        <Required key="36" type="2" schemaName="adx_name" displayName="Name" parentSchemaName="adx_website" parentDisplayName="Website" solution="AdxstudioPortalsDependencies (1.0.0031)" />
        <Dependent key="6" type="10" schemaName="adx_website_issuenotification" displayName="adx_website_issuenotification" parentSchemaName="adx_issuenotification" parentDisplayName="Issue Notification" />
      </MissingDependency>
      <MissingDependency>
        <Required key="36" type="2" schemaName="adx_name" displayName="Name" parentSchemaName="adx_website" parentDisplayName="Website" solution="AdxstudioPortalsDependencies (1.0.0031)" />
        <Dependent key="8" type="10" schemaName="adx_website_webfile" displayName="adx_website_webfile" parentSchemaName="adx_webfile" parentDisplayName="Web File" />
      </MissingDependency>
      <MissingDependency>
        <Required key="36" type="2" schemaName="adx_name" displayName="Name" parentSchemaName="adx_website" parentDisplayName="Website" solution="AdxstudioPortalsDependencies (1.0.0031)" />
        <Dependent key="6" type="10" schemaName="adx_website_issuenotification" displayName="adx_website_issuenotification" parentSchemaName="adx_issuenotification" parentDisplayName="Issue Notification" />
      </MissingDependency>
      <MissingDependency>
        <Required key="36" type="2" schemaName="adx_name" displayName="Name" parentSchemaName="adx_website" parentDisplayName="Website" solution="AdxstudioPortalsDependencies (1.0.0031)" />
        <Dependent key="7" type="10" schemaName="adx_website_issueforum" displayName="adx_website_issueforum" parentSchemaName="adx_issueforum" parentDisplayName="Issue Forum" />
      </MissingDependency>
      <MissingDependency>
        <Required key="37" type="2" schemaName="adx_name" displayName="Name" parentSchemaName="adx_webpage" parentDisplayName="Web Page" solution="AdxstudioPortalsDependencies (1.0.0031)" />
        <Dependent key="16" type="10" schemaName="adx_webpage_webfile" displayName="adx_webpage_webfile" parentSchemaName="adx_webfile" parentDisplayName="Web File" />
      </MissingDependency>
      <MissingDependency>
        <Required key="38" type="2" schemaName="adx_websiteid" displayName="Website" parentSchemaName="adx_webfile" parentDisplayName="Web File" solution="AdxstudioPortalsDependencies (1.0.0031)" />
        <Dependent key="38" type="2" schemaName="adx_websiteid" displayName="Website" parentSchemaName="adx_webfile" parentDisplayName="Web File" />
      </MissingDependency>
      <MissingDependency>
        <Required key="39" type="2" schemaName="adx_subjectid" displayName="Subject" parentSchemaName="adx_webfile" parentDisplayName="Web File" solution="AdxstudioPortalsDependencies (1.0.0031)" />
        <Dependent key="39" type="2" schemaName="adx_subjectid" displayName="Subject" parentSchemaName="adx_webfile" parentDisplayName="Web File" />
      </MissingDependency>
      <MissingDependency>
        <Required key="40" type="2" schemaName="adx_publishingstateid" displayName="Publishing State" parentSchemaName="adx_webfile" parentDisplayName="Web File" solution="AdxstudioPortals (7.0.0060)" />
        <Dependent key="40" type="2" schemaName="adx_publishingstateid" displayName="Publishing State" parentSchemaName="adx_webfile" parentDisplayName="Web File" />
      </MissingDependency>
      <MissingDependency>
        <Required key="41" type="2" schemaName="adx_parentpageid" displayName="Parent Page" parentSchemaName="adx_webfile" parentDisplayName="Web File" solution="AdxstudioPortalsDependencies (1.0.0031)" />
        <Dependent key="41" type="2" schemaName="adx_parentpageid" displayName="Parent Page" parentSchemaName="adx_webfile" parentDisplayName="Web File" />
      </MissingDependency>
      <MissingDependency>
        <Required key="42" type="2" schemaName="adx_masterwebfileid" displayName="Master Web File" parentSchemaName="adx_webfile" parentDisplayName="Web File" solution="AdxstudioPortals (7.0.0060)" />
        <Dependent key="42" type="2" schemaName="adx_masterwebfileid" displayName="Master Web File" parentSchemaName="adx_webfile" parentDisplayName="Web File" />
      </MissingDependency>
      <MissingDependency>
        <Required key="43" type="2" schemaName="adx_webfileid" displayName="Web File" parentSchemaName="adx_webfile" parentDisplayName="Web File" solution="AdxstudioPortalsDependencies (1.0.0031)" />
        <Dependent key="44" type="10" schemaName="adx_webfile_masterwebfile" displayName="adx_webfile_masterwebfile" parentSchemaName="adx_webfile" parentDisplayName="Web File" />
      </MissingDependency>
      <MissingDependency>
        <Required key="45" type="2" schemaName="adx_name" displayName="Name" parentSchemaName="adx_webfile" parentDisplayName="Web File" solution="AdxstudioPortalsDependencies (1.0.0031)" />
        <Dependent key="44" type="10" schemaName="adx_webfile_masterwebfile" displayName="adx_webfile_masterwebfile" parentSchemaName="adx_webfile" parentDisplayName="Web File" />
      </MissingDependency>
      <MissingDependency>
        <Required key="44" type="10" schemaName="adx_webfile_masterwebfile" displayName="adx_webfile_masterwebfile" parentSchemaName="adx_webfile" parentDisplayName="Web File" solution="AdxstudioPortals (7.0.0060)" />
        <Dependent key="44" type="10" schemaName="adx_webfile_masterwebfile" displayName="adx_webfile_masterwebfile" parentSchemaName="adx_webfile" parentDisplayName="Web File" />
      </MissingDependency>
      <MissingDependency>
        <Required key="30" type="10" schemaName="adx_publishingstate_webfile" displayName="adx_publishingstate_webfile" parentSchemaName="adx_webfile" parentDisplayName="Web File" solution="AdxstudioPortals (7.0.0060)" />
        <Dependent key="30" type="10" schemaName="adx_publishingstate_webfile" displayName="adx_publishingstate_webfile" parentSchemaName="adx_webfile" parentDisplayName="Web File" />
      </MissingDependency>
      <MissingDependency>
        <Required key="8" type="10" schemaName="adx_website_webfile" displayName="adx_website_webfile" parentSchemaName="adx_webfile" parentDisplayName="Web File" solution="AdxstudioPortalsDependencies (1.0.0031)" />
        <Dependent key="8" type="10" schemaName="adx_website_webfile" displayName="adx_website_webfile" parentSchemaName="adx_webfile" parentDisplayName="Web File" />
      </MissingDependency>
      <MissingDependency>
        <Required key="46" type="10" schemaName="adx_subject_webfile" displayName="adx_subject_webfile" parentSchemaName="adx_webfile" parentDisplayName="Web File" solution="AdxstudioPortalsDependencies (1.0.0031)" />
        <Dependent key="46" type="10" schemaName="adx_subject_webfile" displayName="adx_subject_webfile" parentSchemaName="adx_webfile" parentDisplayName="Web File" />
      </MissingDependency>
      <MissingDependency>
        <Required key="16" type="10" schemaName="adx_webpage_webfile" displayName="adx_webpage_webfile" parentSchemaName="adx_webfile" parentDisplayName="Web File" solution="AdxstudioPortalsDependencies (1.0.0031)" />
        <Dependent key="16" type="10" schemaName="adx_webpage_webfile" displayName="adx_webpage_webfile" parentSchemaName="adx_webfile" parentDisplayName="Web File" />
      </MissingDependency>
      <MissingDependency>
        <Required key="30" type="10" schemaName="adx_publishingstate_webfile" displayName="adx_publishingstate_webfile" parentSchemaName="adx_webfile" parentDisplayName="Web File" solution="AdxstudioPortals (7.0.0060)" />
        <Dependent key="47" type="2" schemaName="adx_publishingstateidname" parentSchemaName="adx_webfile" parentDisplayName="Web File" />
      </MissingDependency>
      <MissingDependency>
        <Required key="46" type="10" schemaName="adx_subject_webfile" displayName="adx_subject_webfile" parentSchemaName="adx_webfile" parentDisplayName="Web File" solution="AdxstudioPortalsDependencies (1.0.0031)" />
        <Dependent key="48" type="2" schemaName="adx_subjectidname" parentSchemaName="adx_webfile" parentDisplayName="Web File" />
      </MissingDependency>
      <MissingDependency>
        <Required key="44" type="10" schemaName="adx_webfile_masterwebfile" displayName="adx_webfile_masterwebfile" parentSchemaName="adx_webfile" parentDisplayName="Web File" solution="AdxstudioPortals (7.0.0060)" />
        <Dependent key="49" type="2" schemaName="adx_masterwebfileidname" parentSchemaName="adx_webfile" parentDisplayName="Web File" />
      </MissingDependency>
      <MissingDependency>
        <Required key="16" type="10" schemaName="adx_webpage_webfile" displayName="adx_webpage_webfile" parentSchemaName="adx_webfile" parentDisplayName="Web File" solution="AdxstudioPortalsDependencies (1.0.0031)" />
        <Dependent key="50" type="2" schemaName="adx_parentpageidname" parentSchemaName="adx_webfile" parentDisplayName="Web File" />
      </MissingDependency>
      <MissingDependency>
        <Required key="8" type="10" schemaName="adx_website_webfile" displayName="adx_website_webfile" parentSchemaName="adx_webfile" parentDisplayName="Web File" solution="AdxstudioPortalsDependencies (1.0.0031)" />
        <Dependent key="51" type="2" schemaName="adx_websiteidname" parentSchemaName="adx_webfile" parentDisplayName="Web File" />
      </MissingDependency>
      <MissingDependency>
        <Required key="52" type="1" schemaName="contact" displayName="Contact" solution="System" />
        <Dependent key="53" type="10" schemaName="adx_contact_issuecomment" displayName="adx_contact_issuecomment" parentSchemaName="adx_issuecomment" parentDisplayName="Issue Comment" />
      </MissingDependency>
      <MissingDependency>
        <Required key="5" type="1" schemaName="adx_website" displayName="Website" solution="AdxstudioPortalsDependencies (1.0.0031)" />
        <Dependent key="6" type="10" schemaName="adx_website_issuenotification" displayName="adx_website_issuenotification" parentSchemaName="adx_issuenotification" parentDisplayName="Issue Notification" />
      </MissingDependency>
      <MissingDependency>
        <Required key="52" type="1" schemaName="contact" displayName="Contact" solution="System" />
        <Dependent key="54" type="10" schemaName="adx_contact_issuealert" displayName="adx_contact_issuealert" parentSchemaName="adx_issuealert" parentDisplayName="Issue Alert" />
      </MissingDependency>
      <MissingDependency>
        <Required key="5" type="1" schemaName="adx_website" displayName="Website" solution="AdxstudioPortalsDependencies (1.0.0031)" />
        <Dependent key="7" type="10" schemaName="adx_website_issueforum" displayName="adx_website_issueforum" parentSchemaName="adx_issueforum" parentDisplayName="Issue Forum" />
      </MissingDependency>
      <MissingDependency>
        <Required key="52" type="1" schemaName="contact" displayName="Contact" solution="System" />
        <Dependent key="55" type="10" schemaName="adx_contact_issue_statusauthor" displayName="adx_contact_issue_statusauthor" parentSchemaName="adx_issue" parentDisplayName="Issue" />
      </MissingDependency>
      <MissingDependency>
        <Required key="52" type="1" schemaName="contact" displayName="Contact" solution="System" />
        <Dependent key="56" type="10" schemaName="adx_contact_issuenotification" displayName="adx_contact_issuenotification" parentSchemaName="adx_issuenotification" parentDisplayName="Issue Notification" />
      </MissingDependency>
      <MissingDependency>
        <Required key="1" type="1" schemaName="adx_webrole" displayName="Web Role" solution="AdxstudioPortalsDependencies (1.0.0031)" />
        <Dependent key="57" type="10" schemaName="adx_webrole_issueforum_write" displayName="adx_webrole_issueforum_write" parentSchemaName="adx_issueforum" parentDisplayName="Issue Forum" />
      </MissingDependency>
      <MissingDependency>
        <Required key="52" type="1" schemaName="contact" displayName="Contact" solution="System" />
        <Dependent key="58" type="10" schemaName="adx_contact_issue" displayName="adx_contact_issue" parentSchemaName="adx_issue" parentDisplayName="Issue" />
      </MissingDependency>
      <MissingDependency>
        <Required key="59" type="1" schemaName="adx_tag" displayName="Tag" solution="AdxstudioPortals (7.0.0060)" />
        <Dependent key="60" type="10" schemaName="adx_issue_tag" displayName="adx_issue_tag" parentSchemaName="adx_issue" parentDisplayName="Issue" />
      </MissingDependency>
      <MissingDependency>
        <Required key="1" type="1" schemaName="adx_webrole" displayName="Web Role" solution="AdxstudioPortalsDependencies (1.0.0031)" />
        <Dependent key="61" type="10" schemaName="adx_webrole_issueforum_read" displayName="adx_webrole_issueforum_read" parentSchemaName="adx_issueforum" parentDisplayName="Issue Forum" />
      </MissingDependency>
      <MissingDependency>
        <Required key="62" type="26" schemaName="Active Web Roles" displayName="Active Web Roles" parentSchemaName="adx_webrole" parentDisplayName="Web Role" solution="AdxstudioPortalsDependencies (1.0.0031)" id="{8a3aad5d-06ee-40ad-a1ba-000c521a8f83}" />
        <Dependent key="3" type="60" displayName="Information" parentDisplayName="Issue Forum" id="{bd64f01a-b0bc-43e1-9f33-cc60ba138529}" />
      </MissingDependency>
      <MissingDependency>
        <Required key="63" type="26" schemaName="Website Lookup View" displayName="Website Lookup View" parentSchemaName="adx_website" parentDisplayName="Website" solution="AdxstudioPortalsDependencies (1.0.0031)" id="{52f03978-5c2c-426f-a5cf-7b76b8a043db}" />
        <Dependent key="64" type="60" displayName="Information" parentDisplayName="Issue Notification" id="{73dcf3b3-c200-4a3e-a351-17f9419f9377}" />
      </MissingDependency>
      <MissingDependency>
        <Required key="65" type="26" schemaName="Contacts Lookup View" displayName="Contacts Lookup View" parentSchemaName="contact" parentDisplayName="Contact" solution="System" id="{a2d479c5-53e3-4c69-addd-802327e67a0d}" />
        <Dependent key="66" type="60" displayName="Information" parentDisplayName="Issue Alert" id="{8e9ac3ba-c7c1-45d3-8984-4022ec338b04}" />
      </MissingDependency>
      <MissingDependency>
        <Required key="65" type="26" schemaName="Contacts Lookup View" displayName="Contacts Lookup View" parentSchemaName="contact" parentDisplayName="Contact" solution="System" id="{a2d479c5-53e3-4c69-addd-802327e67a0d}" />
        <Dependent key="64" type="60" displayName="Information" parentDisplayName="Issue Notification" id="{73dcf3b3-c200-4a3e-a351-17f9419f9377}" />
      </MissingDependency>
      <MissingDependency>
        <Required key="67" type="26" schemaName="Active Web Files" displayName="Active Web Files" parentSchemaName="adx_webfile" parentDisplayName="Web File" solution="AdxstudioPortalsDependencies (1.0.0031)" id="{031f8184-11b6-44ee-8fad-3d968385580c}" />
        <Dependent key="68" type="60" displayName="Information" parentDisplayName="Issue" id="{aa42dc79-cb5f-4a77-922d-c73391954174}" />
      </MissingDependency>
      <MissingDependency>
        <Required key="69" type="61" schemaName="adx_/tinymce/tinymce.html" displayName="adx_/tinymce/tinymce.html" solution="AdxstudioPortals (7.0.0060)" />
        <Dependent key="68" type="60" displayName="Information" parentDisplayName="Issue" id="{aa42dc79-cb5f-4a77-922d-c73391954174}" />
      </MissingDependency>
      <MissingDependency>
        <Required key="69" type="61" schemaName="adx_/tinymce/tinymce.html" displayName="adx_/tinymce/tinymce.html" solution="AdxstudioPortals (7.0.0060)" />
        <Dependent key="70" type="60" displayName="Information" parentDisplayName="Issue Comment" id="{fd9fcf0c-c3a3-43c0-90b9-900bd0a434b6}" />
      </MissingDependency>
      <MissingDependency>
        <Required key="69" type="61" schemaName="adx_/tinymce/tinymce.html" displayName="adx_/tinymce/tinymce.html" solution="AdxstudioPortals (7.0.0060)" />
        <Dependent key="3" type="60" displayName="Information" parentDisplayName="Issue Forum" id="{bd64f01a-b0bc-43e1-9f33-cc60ba138529}" />
      </MissingDependency>
      <MissingDependency>
        <Required key="71" type="61" schemaName="msa_Adx_icon_webfile_small" displayName="msa_Adx_icon_webfile_small" solution="AdxstudioPortalsDependencies (1.0.0031)" />
        <Dependent key="0" type="1" schemaName="adx_webfile" displayName="Web File" />
      </MissingDependency>
      <MissingDependency>
        <Required key="72" type="61" schemaName="msa_icon_webfile_medium" displayName="msa_icon_webfile_medium" solution="AdxstudioPortalsDependencies (1.0.0031)" />
        <Dependent key="0" type="1" schemaName="adx_webfile" displayName="Web File" />
      </MissingDependency>
      <MissingDependency>
        <Required key="73" type="61" schemaName="adx_icon_nav_cms_small" displayName="adx_icon_nav_cms_small" solution="AdxstudioPortals (7.0.0060)" />
        <Dependent key="2" type="62" id="{17a3a638-e33c-e311-93f9-00155d03a503}" />
      </MissingDependency>
    </MissingDependencies>
  </SolutionManifest>
</ImportExportXml>