﻿<?xml version="1.0" encoding="utf-8"?>
<ImportExportXml version="6.1.0002.0112" SolutionPackageVersion="6.0" languagecode="1033" generatedBy="OnPremise" xmlns:xsi="http://www.w3.org/2001/XMLSchema-instance">
  <SolutionManifest>
    <UniqueName>AdxstudioHelpDesk</UniqueName>
    <LocalizedNames>
      <LocalizedName description="Adxstudio Help Desk" languagecode="1033" />
    </LocalizedNames>
    <Descriptions>
      <Description description="Help Desk extends Adxstudio Portals with features that provide online case management and support." languagecode="1033" />
    </Descriptions>
    <Version>7.0.0011</Version>
    <Managed>1</Managed>
    <Publisher>
      <UniqueName>adxstudio</UniqueName>
      <LocalizedNames>
        <LocalizedName description="Adxstudio Inc." languagecode="1033" />
      </LocalizedNames>
      <Descriptions>
        <Description description="Adxstudio brings qualified expertise in web portal and CMS frameworks to Microsoft Dynamics CRM with xRM Portals (CfMD), an integrated bundle of web portal accelerators which add sophisticated content management, event coordination, membership, profile and self-service capabilities to Dynamics CRM." languagecode="1033" />
      </Descriptions>
      <EMailAddress>support@adxstudio.com</EMailAddress>
      <SupportingWebsiteUrl>http://www.adxstudio.com</SupportingWebsiteUrl>
      <CustomizationPrefix>adx</CustomizationPrefix>
      <CustomizationOptionValuePrefix>75615</CustomizationOptionValuePrefix>
      <Addresses>
        <Address>
          <AddressNumber>1</AddressNumber>
          <AddressTypeCode>1</AddressTypeCode>
          <City xsi:nil="true"></City>
          <County xsi:nil="true"></County>
          <Country xsi:nil="true"></Country>
          <Fax xsi:nil="true"></Fax>
          <FreightTermsCode xsi:nil="true"></FreightTermsCode>
          <ImportSequenceNumber xsi:nil="true"></ImportSequenceNumber>
          <Latitude xsi:nil="true"></Latitude>
          <Line1 xsi:nil="true"></Line1>
          <Line2 xsi:nil="true"></Line2>
          <Line3 xsi:nil="true"></Line3>
          <Longitude xsi:nil="true"></Longitude>
          <Name xsi:nil="true"></Name>
          <PostalCode xsi:nil="true"></PostalCode>
          <PostOfficeBox xsi:nil="true"></PostOfficeBox>
          <PrimaryContactName xsi:nil="true"></PrimaryContactName>
          <ShippingMethodCode>1</ShippingMethodCode>
          <StateOrProvince xsi:nil="true"></StateOrProvince>
          <Telephone1 xsi:nil="true"></Telephone1>
          <Telephone2 xsi:nil="true"></Telephone2>
          <Telephone3 xsi:nil="true"></Telephone3>
          <TimeZoneRuleVersionNumber xsi:nil="true"></TimeZoneRuleVersionNumber>
          <UPSZone xsi:nil="true"></UPSZone>
          <UTCOffset xsi:nil="true"></UTCOffset>
          <UTCConversionTimeZoneCode xsi:nil="true"></UTCConversionTimeZoneCode>
        </Address>
        <Address>
          <AddressNumber>2</AddressNumber>
          <AddressTypeCode>1</AddressTypeCode>
          <City xsi:nil="true"></City>
          <County xsi:nil="true"></County>
          <Country xsi:nil="true"></Country>
          <Fax xsi:nil="true"></Fax>
          <FreightTermsCode xsi:nil="true"></FreightTermsCode>
          <ImportSequenceNumber xsi:nil="true"></ImportSequenceNumber>
          <Latitude xsi:nil="true"></Latitude>
          <Line1 xsi:nil="true"></Line1>
          <Line2 xsi:nil="true"></Line2>
          <Line3 xsi:nil="true"></Line3>
          <Longitude xsi:nil="true"></Longitude>
          <Name xsi:nil="true"></Name>
          <PostalCode xsi:nil="true"></PostalCode>
          <PostOfficeBox xsi:nil="true"></PostOfficeBox>
          <PrimaryContactName xsi:nil="true"></PrimaryContactName>
          <ShippingMethodCode>1</ShippingMethodCode>
          <StateOrProvince xsi:nil="true"></StateOrProvince>
          <Telephone1 xsi:nil="true"></Telephone1>
          <Telephone2 xsi:nil="true"></Telephone2>
          <Telephone3 xsi:nil="true"></Telephone3>
          <TimeZoneRuleVersionNumber xsi:nil="true"></TimeZoneRuleVersionNumber>
          <UPSZone xsi:nil="true"></UPSZone>
          <UTCOffset xsi:nil="true"></UTCOffset>
          <UTCConversionTimeZoneCode xsi:nil="true"></UTCConversionTimeZoneCode>
        </Address>
      </Addresses>
    </Publisher>
    <RootComponents>
      <RootComponent type="1" schemaName="adx_shoppingcart" />
      <RootComponent type="1" schemaName="adx_supportplan" />
      <RootComponent type="1" schemaName="adx_supportrequest" />
      <RootComponent type="1" schemaName="contact" />
      <RootComponent type="1" schemaName="incident" />
      <RootComponent type="1" schemaName="invoice" />
      <RootComponent type="1" schemaName="product" />
      <RootComponent type="1" schemaName="salesorder" />
      <RootComponent type="61" schemaName="adx_icon_shoppingcart_medium" />
      <RootComponent type="61" schemaName="adx_icon_shoppingcart_small" />
      <RootComponent type="61" schemaName="adx_supportplan_icon_16.png" />
      <RootComponent type="61" schemaName="adx_supportplan_icon_32.png" />
      <RootComponent type="61" schemaName="adx_supportrequest_icon_16.png" />
      <RootComponent type="61" schemaName="adx_supportrequest_icon_32.png" />
      <RootComponent type="62" />
      <RootComponent type="91" schemaName="Adxstudio.Xrm.Plugins.HelpDesk, Version=5.1.0.5, Culture=neutral, PublicKeyToken=b7191ff16e41d602" />
      <RootComponent type="92" id="{5294d9d6-9dd3-e211-bc20-00155d03690b}" />
      <RootComponent type="92" id="{e11a6e67-b344-e211-b404-00155d03a708}" />
    </RootComponents>
    <MissingDependencies>
      <MissingDependency>
        <Required key="0" type="1" schemaName="adx_shoppingcart" displayName="Shopping Cart" solution="AdxstudioCommerce (7.0.0009)" />
        <Dependent key="0" type="1" schemaName="adx_shoppingcart" displayName="Shopping Cart" />
      </MissingDependency>
      <MissingDependency>
        <Required key="1" type="1" schemaName="adx_pollplacement" displayName="Poll Placement" solution="AdxstudioPortals (7.0.0060)" />
        <Dependent key="2" type="62" id="{17a3a638-e33c-e311-93f9-00155d03a503}" />
      </MissingDependency>
      <MissingDependency>
        <Required key="3" type="1" schemaName="adx_pagetemplate" displayName="Page Template" solution="AdxstudioPortalsDependencies (1.0.0031)" />
        <Dependent key="2" type="62" id="{17a3a638-e33c-e311-93f9-00155d03a503}" />
      </MissingDependency>
      <MissingDependency>
        <Required key="4" type="1" schemaName="adx_caseaccess" displayName="Case Access" solution="AdxstudioPortalsDependencies (1.0.0031)" />
        <Dependent key="2" type="62" id="{17a3a638-e33c-e311-93f9-00155d03a503}" />
      </MissingDependency>
      <MissingDependency>
        <Required key="5" type="1" schemaName="adx_weblinkset" displayName="Web Link Set" solution="AdxstudioPortalsDependencies (1.0.0031)" />
        <Dependent key="2" type="62" id="{17a3a638-e33c-e311-93f9-00155d03a503}" />
      </MissingDependency>
      <MissingDependency>
        <Required key="6" type="1" schemaName="adx_licensekey" displayName="Adxstudio License Key" solution="AdxstudioPortals (7.0.0060)" />
        <Dependent key="2" type="62" id="{17a3a638-e33c-e311-93f9-00155d03a503}" />
      </MissingDependency>
      <MissingDependency>
        <Required key="7" type="1" schemaName="adx_sitesetting" displayName="Site Setting" solution="AdxstudioPortalsDependencies (1.0.0031)" />
        <Dependent key="2" type="62" id="{17a3a638-e33c-e311-93f9-00155d03a503}" />
      </MissingDependency>
      <MissingDependency>
        <Required key="8" type="1" schemaName="adx_websiteaccess" displayName="Website Access" solution="AdxstudioPortals (7.0.0060)" />
        <Dependent key="2" type="62" id="{17a3a638-e33c-e311-93f9-00155d03a503}" />
      </MissingDependency>
      <MissingDependency>
        <Required key="9" type="1" schemaName="adx_webrole" displayName="Web Role" solution="AdxstudioPortalsDependencies (1.0.0031)" />
        <Dependent key="2" type="62" id="{17a3a638-e33c-e311-93f9-00155d03a503}" />
      </MissingDependency>
      <MissingDependency>
        <Required key="10" type="1" schemaName="adx_webnotificationurl" displayName="Web Notification URL" solution="AdxstudioPortalsDependencies (1.0.0031)" />
        <Dependent key="2" type="62" id="{17a3a638-e33c-e311-93f9-00155d03a503}" />
      </MissingDependency>
      <MissingDependency>
        <Required key="11" type="1" schemaName="adx_website" displayName="Website" solution="AdxstudioPortalsDependencies (1.0.0031)" />
        <Dependent key="2" type="62" id="{17a3a638-e33c-e311-93f9-00155d03a503}" />
      </MissingDependency>
      <MissingDependency>
        <Required key="12" type="1" schemaName="adx_shortcut" displayName="Shortcut" solution="AdxstudioPortals (7.0.0060)" />
        <Dependent key="2" type="62" id="{17a3a638-e33c-e311-93f9-00155d03a503}" />
      </MissingDependency>
      <MissingDependency>
        <Required key="13" type="1" schemaName="adx_sitemarker" displayName="Site Marker" solution="AdxstudioPortalsDependencies (1.0.0031)" />
        <Dependent key="2" type="62" id="{17a3a638-e33c-e311-93f9-00155d03a503}" />
      </MissingDependency>
      <MissingDependency>
        <Required key="14" type="1" schemaName="adx_webfile" displayName="Web File" solution="AdxstudioPortalsDependencies (1.0.0031)" />
        <Dependent key="2" type="62" id="{17a3a638-e33c-e311-93f9-00155d03a503}" />
      </MissingDependency>
      <MissingDependency>
        <Required key="15" type="1" schemaName="adx_adplacement" displayName="Ad Placement" solution="AdxstudioPortals (7.0.0060)" />
        <Dependent key="2" type="62" id="{17a3a638-e33c-e311-93f9-00155d03a503}" />
      </MissingDependency>
      <MissingDependency>
        <Required key="16" type="1" schemaName="adx_contentsnippet" displayName="Content Snippet" solution="AdxstudioPortalsDependencies (1.0.0031)" />
        <Dependent key="2" type="62" id="{17a3a638-e33c-e311-93f9-00155d03a503}" />
      </MissingDependency>
      <MissingDependency>
        <Required key="17" type="1" schemaName="adx_webpageaccesscontrolrule" displayName="Web Page Access Control Rule" solution="AdxstudioPortals (7.0.0060)" />
        <Dependent key="2" type="62" id="{17a3a638-e33c-e311-93f9-00155d03a503}" />
      </MissingDependency>
      <MissingDependency>
        <Required key="18" type="1" schemaName="adx_websitebinding" displayName="Website Binding" solution="AdxstudioPortals (7.0.0060)" />
        <Dependent key="2" type="62" id="{17a3a638-e33c-e311-93f9-00155d03a503}" />
      </MissingDependency>
      <MissingDependency>
        <Required key="19" type="1" schemaName="adx_publishingstatetransitionrule" displayName="Publishing State Transition Rule" solution="AdxstudioPortals (7.0.0060)" />
        <Dependent key="2" type="62" id="{17a3a638-e33c-e311-93f9-00155d03a503}" />
      </MissingDependency>
      <MissingDependency>
        <Required key="20" type="1" schemaName="adx_accountaccess" displayName="Account Access" solution="AdxstudioPortalsDependencies (1.0.0031)" />
        <Dependent key="2" type="62" id="{17a3a638-e33c-e311-93f9-00155d03a503}" />
      </MissingDependency>
      <MissingDependency>
        <Required key="21" type="1" schemaName="adx_contactaccess" displayName="Contact Access" solution="AdxstudioPortalsDependencies (1.0.0031)" />
        <Dependent key="2" type="62" id="{17a3a638-e33c-e311-93f9-00155d03a503}" />
      </MissingDependency>
      <MissingDependency>
        <Required key="22" type="1" schemaName="adx_redirect" displayName="Redirect" solution="AdxstudioPortals (7.0.0060)" />
        <Dependent key="2" type="62" id="{17a3a638-e33c-e311-93f9-00155d03a503}" />
      </MissingDependency>
      <MissingDependency>
        <Required key="23" type="1" schemaName="adx_webpage" displayName="Web Page" solution="AdxstudioPortalsDependencies (1.0.0031)" />
        <Dependent key="2" type="62" id="{17a3a638-e33c-e311-93f9-00155d03a503}" />
      </MissingDependency>
      <MissingDependency>
        <Required key="24" type="1" schemaName="adx_ad" displayName="Ad" solution="AdxstudioPortals (7.0.0060)" />
        <Dependent key="2" type="62" id="{17a3a638-e33c-e311-93f9-00155d03a503}" />
      </MissingDependency>
      <MissingDependency>
        <Required key="25" type="1" schemaName="adx_poll" displayName="Poll" solution="AdxstudioPortals (7.0.0060)" />
        <Dependent key="2" type="62" id="{17a3a638-e33c-e311-93f9-00155d03a503}" />
      </MissingDependency>
      <MissingDependency>
        <Required key="11" type="1" schemaName="adx_website" displayName="Website" solution="AdxstudioPortalsDependencies (1.0.0031)" />
        <Dependent key="26" type="10" schemaName="adx_website_shoppingcart" displayName="adx_website_shoppingcart" parentSchemaName="adx_shoppingcart" parentDisplayName="Shopping Cart" />
      </MissingDependency>
      <MissingDependency>
        <Required key="27" type="2" schemaName="adx_name" displayName="Name" parentSchemaName="adx_website" parentDisplayName="Website" solution="AdxstudioPortalsDependencies (1.0.0031)" />
        <Dependent key="26" type="10" schemaName="adx_website_shoppingcart" displayName="adx_website_shoppingcart" parentSchemaName="adx_shoppingcart" parentDisplayName="Shopping Cart" />
      </MissingDependency>
      <MissingDependency>
        <Required key="28" type="2" schemaName="adx_websiteid" displayName="Website" parentSchemaName="adx_website" parentDisplayName="Website" solution="AdxstudioPortalsDependencies (1.0.0031)" />
        <Dependent key="26" type="10" schemaName="adx_website_shoppingcart" displayName="adx_website_shoppingcart" parentSchemaName="adx_shoppingcart" parentDisplayName="Shopping Cart" />
      </MissingDependency>
      <MissingDependency>
        <Required key="29" type="2" schemaName="adx_resetpasswordanswer" displayName="Reset Password Answer" parentSchemaName="contact" parentDisplayName="Contact" solution="AdxstudioPortals (7.0.0060)" />
        <Dependent key="30" type="60" displayName="Portal Contact" parentDisplayName="Contact" id="{3fb651a5-cdbf-46c9-87fb-d2c748662bb8}" />
      </MissingDependency>
      <MissingDependency>
        <Required key="31" type="2" schemaName="adx_profilealertinstructions" displayName="Profile Alert Instructions" parentSchemaName="contact" parentDisplayName="Contact" solution="AdxstudioPortals (7.0.0060)" />
        <Dependent key="30" type="60" displayName="Portal Contact" parentDisplayName="Contact" id="{3fb651a5-cdbf-46c9-87fb-d2c748662bb8}" />
      </MissingDependency>
      <MissingDependency>
        <Required key="32" type="2" schemaName="adx_lastactivity" displayName="Last Activity" parentSchemaName="contact" parentDisplayName="Contact" solution="AdxstudioPortalsDependencies (1.0.0031)" />
        <Dependent key="30" type="60" displayName="Portal Contact" parentDisplayName="Contact" id="{3fb651a5-cdbf-46c9-87fb-d2c748662bb8}" />
      </MissingDependency>
      <MissingDependency>
        <Required key="33" type="2" schemaName="adx_lastsuccessfullogon" displayName="Last Successful Logon" parentSchemaName="contact" parentDisplayName="Contact" solution="AdxstudioPortalsDependencies (1.0.0031)" />
        <Dependent key="30" type="60" displayName="Portal Contact" parentDisplayName="Contact" id="{3fb651a5-cdbf-46c9-87fb-d2c748662bb8}" />
      </MissingDependency>
      <MissingDependency>
        <Required key="34" type="2" schemaName="adx_timezone" displayName="Time Zone" parentSchemaName="contact" parentDisplayName="Contact" solution="AdxstudioPortalsDependencies (1.0.0031)" />
        <Dependent key="30" type="60" displayName="Portal Contact" parentDisplayName="Contact" id="{3fb651a5-cdbf-46c9-87fb-d2c748662bb8}" />
      </MissingDependency>
      <MissingDependency>
        <Required key="35" type="2" schemaName="adx_lastpasswordchange" displayName="Last Password Change" parentSchemaName="contact" parentDisplayName="Contact" solution="AdxstudioPortalsDependencies (1.0.0031)" />
        <Dependent key="30" type="60" displayName="Portal Contact" parentDisplayName="Contact" id="{3fb651a5-cdbf-46c9-87fb-d2c748662bb8}" />
      </MissingDependency>
      <MissingDependency>
        <Required key="36" type="2" schemaName="adx_lockedout" displayName="Locked Out" parentSchemaName="contact" parentDisplayName="Contact" solution="AdxstudioPortalsDependencies (1.0.0031)" />
        <Dependent key="36" type="2" schemaName="adx_lockedout" displayName="Locked Out" parentSchemaName="contact" parentDisplayName="Contact" />
      </MissingDependency>
      <MissingDependency>
        <Required key="37" type="2" schemaName="msa_managingpartnerid" displayName="Managing Partner" parentSchemaName="contact" parentDisplayName="Contact" solution="AdxstudioPortalsDependencies (1.0.0031)" />
        <Dependent key="37" type="2" schemaName="msa_managingpartnerid" displayName="Managing Partner" parentSchemaName="contact" parentDisplayName="Contact" />
      </MissingDependency>
      <MissingDependency>
        <Required key="38" type="2" schemaName="msa_partnerid" displayName="Partner" parentSchemaName="incident" parentDisplayName="Case" solution="AdxstudioPortalsDependencies (1.0.0031)" />
        <Dependent key="38" type="2" schemaName="msa_partnerid" displayName="Partner" parentSchemaName="incident" parentDisplayName="Case" />
      </MissingDependency>
      <MissingDependency>
        <Required key="39" type="2" schemaName="adx_websiteid" displayName="Website" parentSchemaName="adx_shoppingcart" parentDisplayName="Shopping Cart" solution="AdxstudioCommerce (7.0.0009)" />
        <Dependent key="39" type="2" schemaName="adx_websiteid" displayName="Website" parentSchemaName="adx_shoppingcart" parentDisplayName="Shopping Cart" />
      </MissingDependency>
      <MissingDependency>
        <Required key="40" type="2" schemaName="adx_shoppingcartid" displayName="Shopping Cart" parentSchemaName="salesorder" parentDisplayName="Order" solution="AdxstudioCommerce (7.0.0009)" />
        <Dependent key="40" type="2" schemaName="adx_shoppingcartid" displayName="Shopping Cart" parentSchemaName="salesorder" parentDisplayName="Order" />
      </MissingDependency>
      <MissingDependency>
        <Required key="41" type="2" schemaName="msa_partnercontactid" displayName="Partner Contact" parentSchemaName="incident" parentDisplayName="Case" solution="AdxstudioPortalsDependencies (1.0.0031)" />
        <Dependent key="41" type="2" schemaName="msa_partnercontactid" displayName="Partner Contact" parentSchemaName="incident" parentDisplayName="Case" />
      </MissingDependency>
      <MissingDependency>
        <Required key="42" type="2" schemaName="adx_publicprofilecopy" displayName="Public Profile Copy" parentSchemaName="contact" parentDisplayName="Contact" solution="AdxstudioPortals (7.0.0060)" />
        <Dependent key="43" type="60" displayName="Profile Web Form" parentDisplayName="Contact" id="{0bd832d5-9d6a-456d-bdc1-21129e82cc0f}" />
      </MissingDependency>
      <MissingDependency>
        <Required key="44" type="2" schemaName="adx_organizationname" displayName="Organization Name" parentSchemaName="contact" parentDisplayName="Contact" solution="AdxstudioPortalsDependencies (1.0.0031)" />
        <Dependent key="43" type="60" displayName="Profile Web Form" parentDisplayName="Contact" id="{0bd832d5-9d6a-456d-bdc1-21129e82cc0f}" />
      </MissingDependency>
      <MissingDependency>
        <Required key="45" type="2" schemaName="adx_shoppingcartid" displayName="Shopping Cart" parentSchemaName="adx_shoppingcart" parentDisplayName="Shopping Cart" solution="AdxstudioCommerce (7.0.0009)" />
        <Dependent key="46" type="10" schemaName="adx_shoppingcart_supportrequest" displayName="adx_shoppingcart_supportrequest" parentSchemaName="adx_supportrequest" parentDisplayName="Support Request" />
      </MissingDependency>
      <MissingDependency>
        <Required key="47" type="2" schemaName="adx_name" displayName="Name" parentSchemaName="adx_shoppingcart" parentDisplayName="Shopping Cart" solution="AdxstudioCommerce (7.0.0009)" />
        <Dependent key="46" type="10" schemaName="adx_shoppingcart_supportrequest" displayName="adx_shoppingcart_supportrequest" parentSchemaName="adx_supportrequest" parentDisplayName="Support Request" />
      </MissingDependency>
      <MissingDependency>
        <Required key="47" type="2" schemaName="adx_name" displayName="Name" parentSchemaName="adx_shoppingcart" parentDisplayName="Shopping Cart" solution="AdxstudioCommerce (7.0.0009)" />
        <Dependent key="48" type="10" schemaName="adx_shoppingcart_salesorder" displayName="adx_shoppingcart_salesorder" parentSchemaName="salesorder" parentDisplayName="Order" />
      </MissingDependency>
      <MissingDependency>
        <Required key="49" type="2" schemaName="adx_specialinstructions" displayName="Special Instructions" parentSchemaName="invoice" parentDisplayName="Invoice" solution="AdxstudioCommerce (7.0.0009)" />
        <Dependent key="50" type="60" displayName="Support" parentDisplayName="Invoice" id="{3523f88d-1cb7-4c1d-bad9-2afbb06294ba}" />
      </MissingDependency>
      <MissingDependency>
        <Required key="51" type="2" schemaName="adx_confirmationnumber" displayName="Confirmation Number" parentSchemaName="invoice" parentDisplayName="Invoice" solution="AdxstudioCommerce (7.0.0009)" />
        <Dependent key="50" type="60" displayName="Support" parentDisplayName="Invoice" id="{3523f88d-1cb7-4c1d-bad9-2afbb06294ba}" />
      </MissingDependency>
      <MissingDependency>
        <Required key="52" type="2" schemaName="adx_receiptnumber" displayName="Receipt Number" parentSchemaName="invoice" parentDisplayName="Invoice" solution="AdxstudioCommerce (7.0.0009)" />
        <Dependent key="50" type="60" displayName="Support" parentDisplayName="Invoice" id="{3523f88d-1cb7-4c1d-bad9-2afbb06294ba}" />
      </MissingDependency>
      <MissingDependency>
        <Required key="49" type="2" schemaName="adx_specialinstructions" displayName="Special Instructions" parentSchemaName="invoice" parentDisplayName="Invoice" solution="AdxstudioCommerce (7.0.0009)" />
        <Dependent key="53" type="60" displayName="Commerce" parentDisplayName="Invoice" id="{f9fe6637-b767-4e9f-a44b-56a79233dab6}" />
      </MissingDependency>
      <MissingDependency>
        <Required key="51" type="2" schemaName="adx_confirmationnumber" displayName="Confirmation Number" parentSchemaName="invoice" parentDisplayName="Invoice" solution="AdxstudioCommerce (7.0.0009)" />
        <Dependent key="53" type="60" displayName="Commerce" parentDisplayName="Invoice" id="{f9fe6637-b767-4e9f-a44b-56a79233dab6}" />
      </MissingDependency>
      <MissingDependency>
        <Required key="52" type="2" schemaName="adx_receiptnumber" displayName="Receipt Number" parentSchemaName="invoice" parentDisplayName="Invoice" solution="AdxstudioCommerce (7.0.0009)" />
        <Dependent key="53" type="60" displayName="Commerce" parentDisplayName="Invoice" id="{f9fe6637-b767-4e9f-a44b-56a79233dab6}" />
      </MissingDependency>
      <MissingDependency>
        <Required key="54" type="2" schemaName="adx_identityprovidername" displayName="Identity Provider" parentSchemaName="contact" parentDisplayName="Contact" solution="AdxstudioPortalsDependencies (1.0.0031)" />
        <Dependent key="30" type="60" displayName="Portal Contact" parentDisplayName="Contact" id="{3fb651a5-cdbf-46c9-87fb-d2c748662bb8}" />
      </MissingDependency>
      <MissingDependency>
        <Required key="55" type="2" schemaName="adx_lastlockedout" displayName="Last Locked Out" parentSchemaName="contact" parentDisplayName="Contact" solution="AdxstudioPortalsDependencies (1.0.0031)" />
        <Dependent key="30" type="60" displayName="Portal Contact" parentDisplayName="Contact" id="{3fb651a5-cdbf-46c9-87fb-d2c748662bb8}" />
      </MissingDependency>
      <MissingDependency>
        <Required key="56" type="2" schemaName="adx_username" displayName="Username" parentSchemaName="contact" parentDisplayName="Contact" solution="AdxstudioPortalsDependencies (1.0.0031)" />
        <Dependent key="30" type="60" displayName="Portal Contact" parentDisplayName="Contact" id="{3fb651a5-cdbf-46c9-87fb-d2c748662bb8}" />
      </MissingDependency>
      <MissingDependency>
        <Required key="57" type="2" schemaName="adx_resetpassword" displayName="Reset Password" parentSchemaName="contact" parentDisplayName="Contact" solution="AdxstudioPortalsDependencies (1.0.0031)" />
        <Dependent key="30" type="60" displayName="Portal Contact" parentDisplayName="Contact" id="{3fb651a5-cdbf-46c9-87fb-d2c748662bb8}" />
      </MissingDependency>
      <MissingDependency>
        <Required key="58" type="2" schemaName="adx_profilemodifiedon" displayName="Profile Modified On" parentSchemaName="contact" parentDisplayName="Contact" solution="AdxstudioPortals (7.0.0060)" />
        <Dependent key="30" type="60" displayName="Portal Contact" parentDisplayName="Contact" id="{3fb651a5-cdbf-46c9-87fb-d2c748662bb8}" />
      </MissingDependency>
      <MissingDependency>
        <Required key="59" type="2" schemaName="adx_lockedoutreason" displayName="Locked Out Reason" parentSchemaName="contact" parentDisplayName="Contact" solution="AdxstudioPortals (7.0.0060)" />
        <Dependent key="30" type="60" displayName="Portal Contact" parentDisplayName="Contact" id="{3fb651a5-cdbf-46c9-87fb-d2c748662bb8}" />
      </MissingDependency>
      <MissingDependency>
        <Required key="60" type="2" schemaName="adx_profilealert" displayName="Profile Alert" parentSchemaName="contact" parentDisplayName="Contact" solution="AdxstudioPortals (7.0.0060)" />
        <Dependent key="30" type="60" displayName="Portal Contact" parentDisplayName="Contact" id="{3fb651a5-cdbf-46c9-87fb-d2c748662bb8}" />
      </MissingDependency>
      <MissingDependency>
        <Required key="61" type="2" schemaName="adx_passwordquestion" displayName="Password Question" parentSchemaName="contact" parentDisplayName="Contact" solution="AdxstudioPortalsDependencies (1.0.0031)" />
        <Dependent key="30" type="60" displayName="Portal Contact" parentDisplayName="Contact" id="{3fb651a5-cdbf-46c9-87fb-d2c748662bb8}" />
      </MissingDependency>
      <MissingDependency>
        <Required key="62" type="2" schemaName="adx_profilealertdate" displayName="Profile Alert Date" parentSchemaName="contact" parentDisplayName="Contact" solution="AdxstudioPortals (7.0.0060)" />
        <Dependent key="30" type="60" displayName="Portal Contact" parentDisplayName="Contact" id="{3fb651a5-cdbf-46c9-87fb-d2c748662bb8}" />
      </MissingDependency>
      <MissingDependency>
        <Required key="45" type="2" schemaName="adx_shoppingcartid" displayName="Shopping Cart" parentSchemaName="adx_shoppingcart" parentDisplayName="Shopping Cart" solution="AdxstudioCommerce (7.0.0009)" />
        <Dependent key="48" type="10" schemaName="adx_shoppingcart_salesorder" displayName="adx_shoppingcart_salesorder" parentSchemaName="salesorder" parentDisplayName="Order" />
      </MissingDependency>
      <MissingDependency>
        <Required key="47" type="2" schemaName="adx_name" displayName="Name" parentSchemaName="adx_shoppingcart" parentDisplayName="Shopping Cart" solution="AdxstudioCommerce (7.0.0009)" />
        <Dependent key="46" type="10" schemaName="adx_shoppingcart_supportrequest" displayName="adx_shoppingcart_supportrequest" parentSchemaName="adx_supportrequest" parentDisplayName="Support Request" />
      </MissingDependency>
      <MissingDependency>
        <Required key="63" type="2" schemaName="adx_changepasswordatnextlogon" displayName="User must change password at next logon" parentSchemaName="contact" parentDisplayName="Contact" solution="AdxstudioPortalsDependencies (1.0.0031)" />
        <Dependent key="63" type="2" schemaName="adx_changepasswordatnextlogon" displayName="User must change password at next logon" parentSchemaName="contact" parentDisplayName="Contact" />
      </MissingDependency>
      <MissingDependency>
        <Required key="64" type="2" schemaName="msa_webuser" displayName="Web User" parentSchemaName="contact" parentDisplayName="Contact" solution="AdxstudioPortalsDependencies (1.0.0031)" />
        <Dependent key="64" type="2" schemaName="msa_webuser" displayName="Web User" parentSchemaName="contact" parentDisplayName="Contact" />
      </MissingDependency>
      <MissingDependency>
        <Required key="65" type="2" schemaName="msa_eservicesaccesslevel" displayName="eServices Access Level" parentSchemaName="contact" parentDisplayName="Contact" solution="AdxstudioPortalsDependencies (1.0.0031)" />
        <Dependent key="65" type="2" schemaName="msa_eservicesaccesslevel" displayName="eServices Access Level" parentSchemaName="contact" parentDisplayName="Contact" />
      </MissingDependency>
      <MissingDependency>
        <Required key="66" type="2" schemaName="adx_logonenabled" displayName="Logon Enabled" parentSchemaName="contact" parentDisplayName="Contact" solution="AdxstudioPortalsDependencies (1.0.0031)" />
        <Dependent key="66" type="2" schemaName="adx_logonenabled" displayName="Logon Enabled" parentSchemaName="contact" parentDisplayName="Contact" />
      </MissingDependency>
      <MissingDependency>
        <Required key="67" type="2" schemaName="adx_contactid" displayName="Contact" parentSchemaName="adx_shoppingcart" parentDisplayName="Shopping Cart" solution="AdxstudioCommerce (7.0.0009)" />
        <Dependent key="67" type="2" schemaName="adx_contactid" displayName="Contact" parentSchemaName="adx_shoppingcart" parentDisplayName="Shopping Cart" />
      </MissingDependency>
      <MissingDependency>
        <Required key="68" type="2" schemaName="adx_systemuserid" displayName="System User" parentSchemaName="contact" parentDisplayName="Contact" solution="AdxstudioPortalsDependencies (1.0.0031)" />
        <Dependent key="68" type="2" schemaName="adx_systemuserid" displayName="System User" parentSchemaName="contact" parentDisplayName="Contact" />
      </MissingDependency>
      <MissingDependency>
        <Required key="26" type="10" schemaName="adx_website_shoppingcart" displayName="adx_website_shoppingcart" parentSchemaName="adx_shoppingcart" parentDisplayName="Shopping Cart" solution="AdxstudioCommerce (7.0.0009)" />
        <Dependent key="26" type="10" schemaName="adx_website_shoppingcart" displayName="adx_website_shoppingcart" parentSchemaName="adx_shoppingcart" parentDisplayName="Shopping Cart" />
      </MissingDependency>
      <MissingDependency>
        <Required key="69" type="10" schemaName="adx_contact_shoppingcart" displayName="adx_contact_shoppingcart" parentSchemaName="adx_shoppingcart" parentDisplayName="Shopping Cart" solution="AdxstudioCommerce (7.0.0009)" />
        <Dependent key="69" type="10" schemaName="adx_contact_shoppingcart" displayName="adx_contact_shoppingcart" parentSchemaName="adx_shoppingcart" parentDisplayName="Shopping Cart" />
      </MissingDependency>
      <MissingDependency>
        <Required key="70" type="10" schemaName="adx_invitation_redeemedcontacts" displayName="adx_invitation_redeemedcontacts" parentSchemaName="adx_invitation" parentDisplayName="Invitation" solution="AdxstudioPortals (7.0.0060)" />
        <Dependent key="70" type="10" schemaName="adx_invitation_redeemedcontacts" displayName="adx_invitation_redeemedcontacts" parentSchemaName="adx_invitation" parentDisplayName="Invitation" />
      </MissingDependency>
      <MissingDependency>
        <Required key="71" type="10" schemaName="adx_webrole_contact" displayName="adx_webrole_contact" parentSchemaName="adx_webrole" parentDisplayName="Web Role" solution="AdxstudioPortalsDependencies (1.0.0031)" />
        <Dependent key="71" type="10" schemaName="adx_webrole_contact" displayName="adx_webrole_contact" parentSchemaName="adx_webrole" parentDisplayName="Web Role" />
      </MissingDependency>
      <MissingDependency>
        <Required key="72" type="10" schemaName="msa_account_incident" displayName="msa_account_incident" parentSchemaName="incident" parentDisplayName="Case" solution="AdxstudioPortalsDependencies (1.0.0031)" />
        <Dependent key="72" type="10" schemaName="msa_account_incident" displayName="msa_account_incident" parentSchemaName="incident" parentDisplayName="Case" />
      </MissingDependency>
      <MissingDependency>
        <Required key="73" type="10" schemaName="adx_invitation_invitecontacts" displayName="adx_invitation_invitecontacts" parentSchemaName="adx_invitation" parentDisplayName="Invitation" solution="AdxstudioPortals (7.0.0060)" />
        <Dependent key="73" type="10" schemaName="adx_invitation_invitecontacts" displayName="adx_invitation_invitecontacts" parentSchemaName="adx_invitation" parentDisplayName="Invitation" />
      </MissingDependency>
      <MissingDependency>
        <Required key="48" type="10" schemaName="adx_shoppingcart_salesorder" displayName="adx_shoppingcart_salesorder" parentSchemaName="salesorder" parentDisplayName="Order" solution="AdxstudioCommerce (7.0.0009)" />
        <Dependent key="48" type="10" schemaName="adx_shoppingcart_salesorder" displayName="adx_shoppingcart_salesorder" parentSchemaName="salesorder" parentDisplayName="Order" />
      </MissingDependency>
      <MissingDependency>
        <Required key="73" type="10" schemaName="adx_invitation_invitecontacts" displayName="adx_invitation_invitecontacts" parentSchemaName="adx_invitation" parentDisplayName="Invitation" solution="AdxstudioPortals (7.0.0060)" />
        <Dependent key="73" type="10" schemaName="adx_invitation_invitecontacts" displayName="adx_invitation_invitecontacts" parentSchemaName="adx_invitation" parentDisplayName="Invitation" />
      </MissingDependency>
      <MissingDependency>
        <Required key="74" type="10" schemaName="msa_contact_incident" displayName="msa_contact_incident" parentSchemaName="incident" parentDisplayName="Case" solution="AdxstudioPortalsDependencies (1.0.0031)" />
        <Dependent key="74" type="10" schemaName="msa_contact_incident" displayName="msa_contact_incident" parentSchemaName="incident" parentDisplayName="Case" />
      </MissingDependency>
      <MissingDependency>
        <Required key="75" type="10" schemaName="msa_contact_managingpartner" displayName="msa_contact_managingpartner" parentSchemaName="contact" parentDisplayName="Contact" solution="AdxstudioPortalsDependencies (1.0.0031)" />
        <Dependent key="75" type="10" schemaName="msa_contact_managingpartner" displayName="msa_contact_managingpartner" parentSchemaName="contact" parentDisplayName="Contact" />
      </MissingDependency>
      <MissingDependency>
        <Required key="76" type="10" schemaName="adx_systemuser_contact" displayName="adx_systemuser_contact" parentSchemaName="contact" parentDisplayName="Contact" solution="AdxstudioPortalsDependencies (1.0.0031)" />
        <Dependent key="76" type="10" schemaName="adx_systemuser_contact" displayName="adx_systemuser_contact" parentSchemaName="contact" parentDisplayName="Contact" />
      </MissingDependency>
      <MissingDependency>
        <Required key="71" type="10" schemaName="adx_webrole_contact" displayName="adx_webrole_contact" parentSchemaName="adx_webrole" parentDisplayName="Web Role" solution="AdxstudioPortalsDependencies (1.0.0031)" />
        <Dependent key="71" type="10" schemaName="adx_webrole_contact" displayName="adx_webrole_contact" parentSchemaName="adx_webrole" parentDisplayName="Web Role" />
      </MissingDependency>
      <MissingDependency>
        <Required key="70" type="10" schemaName="adx_invitation_redeemedcontacts" displayName="adx_invitation_redeemedcontacts" parentSchemaName="adx_invitation" parentDisplayName="Invitation" solution="AdxstudioPortals (7.0.0060)" />
        <Dependent key="70" type="10" schemaName="adx_invitation_redeemedcontacts" displayName="adx_invitation_redeemedcontacts" parentSchemaName="adx_invitation" parentDisplayName="Invitation" />
      </MissingDependency>
      <MissingDependency>
        <Required key="77" type="9" schemaName="adx_changepasswordatnextlogon_contact" displayName="User must change password at next logon" solution="AdxstudioPortalsDependencies (1.0.0031)" />
        <Dependent key="77" type="9" schemaName="adx_changepasswordatnextlogon_contact" displayName="User must change password at next logon" />
      </MissingDependency>
      <MissingDependency>
        <Required key="78" type="9" schemaName="msa_eservicesaccesslevel_contact" displayName="eServices Access Level" solution="AdxstudioPortalsDependencies (1.0.0031)" />
        <Dependent key="78" type="9" schemaName="msa_eservicesaccesslevel_contact" displayName="eServices Access Level" />
      </MissingDependency>
      <MissingDependency>
        <Required key="78" type="9" schemaName="msa_eservicesaccesslevel_contact" displayName="eServices Access Level" solution="AdxstudioPortalsDependencies (1.0.0031)" />
        <Dependent key="78" type="9" schemaName="msa_eservicesaccesslevel_contact" displayName="eServices Access Level" />
      </MissingDependency>
      <MissingDependency>
        <Required key="79" type="9" schemaName="adx_logonenabled_contact" displayName="Logon Enabled" solution="AdxstudioPortalsDependencies (1.0.0031)" />
        <Dependent key="79" type="9" schemaName="adx_logonenabled_contact" displayName="Logon Enabled" />
      </MissingDependency>
      <MissingDependency>
        <Required key="80" type="9" schemaName="adx_lockedout_contact" displayName="Locked Out" solution="AdxstudioPortalsDependencies (1.0.0031)" />
        <Dependent key="80" type="9" schemaName="adx_lockedout_contact" displayName="Locked Out" />
      </MissingDependency>
      <MissingDependency>
        <Required key="78" type="9" schemaName="msa_eservicesaccesslevel_contact" displayName="eServices Access Level" solution="AdxstudioPortalsDependencies (1.0.0031)" />
        <Dependent key="78" type="9" schemaName="msa_eservicesaccesslevel_contact" displayName="eServices Access Level" />
      </MissingDependency>
      <MissingDependency>
        <Required key="80" type="9" schemaName="adx_lockedout_contact" displayName="Locked Out" solution="AdxstudioPortalsDependencies (1.0.0031)" />
        <Dependent key="80" type="9" schemaName="adx_lockedout_contact" displayName="Locked Out" />
      </MissingDependency>
      <MissingDependency>
        <Required key="77" type="9" schemaName="adx_changepasswordatnextlogon_contact" displayName="User must change password at next logon" solution="AdxstudioPortalsDependencies (1.0.0031)" />
        <Dependent key="77" type="9" schemaName="adx_changepasswordatnextlogon_contact" displayName="User must change password at next logon" />
      </MissingDependency>
      <MissingDependency>
        <Required key="81" type="9" schemaName="msa_webuser_contact" displayName="Web User" solution="AdxstudioPortalsDependencies (1.0.0031)" />
        <Dependent key="81" type="9" schemaName="msa_webuser_contact" displayName="Web User" />
      </MissingDependency>
      <MissingDependency>
        <Required key="81" type="9" schemaName="msa_webuser_contact" displayName="Web User" solution="AdxstudioPortalsDependencies (1.0.0031)" />
        <Dependent key="81" type="9" schemaName="msa_webuser_contact" displayName="Web User" />
      </MissingDependency>
      <MissingDependency>
        <Required key="79" type="9" schemaName="adx_logonenabled_contact" displayName="Logon Enabled" solution="AdxstudioPortalsDependencies (1.0.0031)" />
        <Dependent key="79" type="9" schemaName="adx_logonenabled_contact" displayName="Logon Enabled" />
      </MissingDependency>
      <MissingDependency>
        <Required key="75" type="10" schemaName="msa_contact_managingpartner" displayName="msa_contact_managingpartner" parentSchemaName="contact" parentDisplayName="Contact" solution="AdxstudioPortalsDependencies (1.0.0031)" />
        <Dependent key="82" type="2" schemaName="msa_managingpartneridyominame" parentSchemaName="contact" parentDisplayName="Contact" />
      </MissingDependency>
      <MissingDependency>
        <Required key="26" type="10" schemaName="adx_website_shoppingcart" displayName="adx_website_shoppingcart" parentSchemaName="adx_shoppingcart" parentDisplayName="Shopping Cart" solution="AdxstudioCommerce (7.0.0009)" />
        <Dependent key="83" type="2" schemaName="adx_websiteidname" parentSchemaName="adx_shoppingcart" parentDisplayName="Shopping Cart" />
      </MissingDependency>
      <MissingDependency>
        <Required key="72" type="10" schemaName="msa_account_incident" displayName="msa_account_incident" parentSchemaName="incident" parentDisplayName="Case" solution="AdxstudioPortalsDependencies (1.0.0031)" />
        <Dependent key="84" type="2" schemaName="msa_partneridname" parentSchemaName="incident" parentDisplayName="Case" />
      </MissingDependency>
      <MissingDependency>
        <Required key="69" type="10" schemaName="adx_contact_shoppingcart" displayName="adx_contact_shoppingcart" parentSchemaName="adx_shoppingcart" parentDisplayName="Shopping Cart" solution="AdxstudioCommerce (7.0.0009)" />
        <Dependent key="85" type="2" schemaName="adx_contactidname" parentSchemaName="adx_shoppingcart" parentDisplayName="Shopping Cart" />
      </MissingDependency>
      <MissingDependency>
        <Required key="48" type="10" schemaName="adx_shoppingcart_salesorder" displayName="adx_shoppingcart_salesorder" parentSchemaName="salesorder" parentDisplayName="Order" solution="AdxstudioCommerce (7.0.0009)" />
        <Dependent key="86" type="2" schemaName="adx_shoppingcartidname" parentSchemaName="salesorder" parentDisplayName="Order" />
      </MissingDependency>
      <MissingDependency>
        <Required key="69" type="10" schemaName="adx_contact_shoppingcart" displayName="adx_contact_shoppingcart" parentSchemaName="adx_shoppingcart" parentDisplayName="Shopping Cart" solution="AdxstudioCommerce (7.0.0009)" />
        <Dependent key="87" type="2" schemaName="adx_contactidyominame" parentSchemaName="adx_shoppingcart" parentDisplayName="Shopping Cart" />
      </MissingDependency>
      <MissingDependency>
        <Required key="74" type="10" schemaName="msa_contact_incident" displayName="msa_contact_incident" parentSchemaName="incident" parentDisplayName="Case" solution="AdxstudioPortalsDependencies (1.0.0031)" />
        <Dependent key="88" type="2" schemaName="msa_partnercontactidname" parentSchemaName="incident" parentDisplayName="Case" />
      </MissingDependency>
      <MissingDependency>
        <Required key="72" type="10" schemaName="msa_account_incident" displayName="msa_account_incident" parentSchemaName="incident" parentDisplayName="Case" solution="AdxstudioPortalsDependencies (1.0.0031)" />
        <Dependent key="89" type="2" schemaName="msa_partneridyominame" parentSchemaName="incident" parentDisplayName="Case" />
      </MissingDependency>
      <MissingDependency>
        <Required key="76" type="10" schemaName="adx_systemuser_contact" displayName="adx_systemuser_contact" parentSchemaName="contact" parentDisplayName="Contact" solution="AdxstudioPortalsDependencies (1.0.0031)" />
        <Dependent key="90" type="2" schemaName="adx_systemuseridname" parentSchemaName="contact" parentDisplayName="Contact" />
      </MissingDependency>
      <MissingDependency>
        <Required key="74" type="10" schemaName="msa_contact_incident" displayName="msa_contact_incident" parentSchemaName="incident" parentDisplayName="Case" solution="AdxstudioPortalsDependencies (1.0.0031)" />
        <Dependent key="91" type="2" schemaName="msa_partnercontactidyominame" parentSchemaName="incident" parentDisplayName="Case" />
      </MissingDependency>
      <MissingDependency>
        <Required key="75" type="10" schemaName="msa_contact_managingpartner" displayName="msa_contact_managingpartner" parentSchemaName="contact" parentDisplayName="Contact" solution="AdxstudioPortalsDependencies (1.0.0031)" />
        <Dependent key="92" type="2" schemaName="msa_managingpartneridname" parentSchemaName="contact" parentDisplayName="Contact" />
      </MissingDependency>
      <MissingDependency>
        <Required key="76" type="10" schemaName="adx_systemuser_contact" displayName="adx_systemuser_contact" parentSchemaName="contact" parentDisplayName="Contact" solution="AdxstudioPortalsDependencies (1.0.0031)" />
        <Dependent key="93" type="2" schemaName="adx_systemuseridyominame" parentSchemaName="contact" parentDisplayName="Contact" />
      </MissingDependency>
      <MissingDependency>
        <Required key="79" type="9" schemaName="adx_logonenabled_contact" displayName="Logon Enabled" solution="AdxstudioPortalsDependencies (1.0.0031)" />
        <Dependent key="79" type="9" schemaName="adx_logonenabled_contact" displayName="Logon Enabled" />
      </MissingDependency>
      <MissingDependency>
        <Required key="77" type="9" schemaName="adx_changepasswordatnextlogon_contact" displayName="User must change password at next logon" solution="AdxstudioPortalsDependencies (1.0.0031)" />
        <Dependent key="77" type="9" schemaName="adx_changepasswordatnextlogon_contact" displayName="User must change password at next logon" />
      </MissingDependency>
      <MissingDependency>
        <Required key="78" type="9" schemaName="msa_eservicesaccesslevel_contact" displayName="eServices Access Level" solution="AdxstudioPortalsDependencies (1.0.0031)" />
        <Dependent key="78" type="9" schemaName="msa_eservicesaccesslevel_contact" displayName="eServices Access Level" />
      </MissingDependency>
      <MissingDependency>
        <Required key="81" type="9" schemaName="msa_webuser_contact" displayName="Web User" solution="AdxstudioPortalsDependencies (1.0.0031)" />
        <Dependent key="81" type="9" schemaName="msa_webuser_contact" displayName="Web User" />
      </MissingDependency>
      <MissingDependency>
        <Required key="80" type="9" schemaName="adx_lockedout_contact" displayName="Locked Out" solution="AdxstudioPortalsDependencies (1.0.0031)" />
        <Dependent key="80" type="9" schemaName="adx_lockedout_contact" displayName="Locked Out" />
      </MissingDependency>
      <MissingDependency>
        <Required key="76" type="10" schemaName="adx_systemuser_contact" displayName="adx_systemuser_contact" parentSchemaName="contact" parentDisplayName="Contact" solution="AdxstudioPortalsDependencies (1.0.0031)" />
        <Dependent key="30" type="60" displayName="Portal Contact" parentDisplayName="Contact" id="{3fb651a5-cdbf-46c9-87fb-d2c748662bb8}" />
      </MissingDependency>
      <MissingDependency>
        <Required key="94" type="1" schemaName="account" displayName="Account" solution="System" />
        <Dependent key="95" type="10" schemaName="adx_supportplan_customer" displayName="adx_supportplan_customer" parentSchemaName="adx_supportplan" parentDisplayName="Support Plan" />
      </MissingDependency>
      <MissingDependency>
        <Required key="94" type="1" schemaName="account" displayName="Account" solution="System" />
        <Dependent key="96" type="10" schemaName="adx_supportrequest_customer" displayName="adx_supportrequest_customer" parentSchemaName="adx_supportrequest" parentDisplayName="Support Request" />
      </MissingDependency>
      <MissingDependency>
        <Required key="94" type="1" schemaName="account" displayName="Account" solution="System" />
        <Dependent key="97" type="10" schemaName="adx_supportplan_billtocustomer" displayName="adx_supportplan_billtocustomer" parentSchemaName="adx_supportplan" parentDisplayName="Support Plan" />
      </MissingDependency>
      <MissingDependency>
        <Required key="98" type="20" displayName="System Customizer" solution="System" id="{6de33915-e33c-e311-93f9-00155d03a503}" parentId="{119f245c-3cc8-4b62-b31c-d1a046ced15d}" />
        <Dependent key="99" type="60" displayName="Private Closed Case Web Form" parentDisplayName="Case" id="{744c306c-6299-422f-a123-1ff48674eed2}" />
      </MissingDependency>
      <MissingDependency>
        <Required key="98" type="20" displayName="System Customizer" solution="System" id="{6de33915-e33c-e311-93f9-00155d03a503}" parentId="{119f245c-3cc8-4b62-b31c-d1a046ced15d}" />
        <Dependent key="53" type="60" displayName="Commerce" parentDisplayName="Invoice" id="{f9fe6637-b767-4e9f-a44b-56a79233dab6}" />
      </MissingDependency>
      <MissingDependency>
        <Required key="98" type="20" displayName="System Customizer" solution="System" id="{6de33915-e33c-e311-93f9-00155d03a503}" parentId="{119f245c-3cc8-4b62-b31c-d1a046ced15d}" />
        <Dependent key="100" type="60" displayName="Private Open Case Web Form" parentDisplayName="Case" id="{495b3260-5c34-4a1d-9f13-dcf6bf262909}" />
      </MissingDependency>
      <MissingDependency>
        <Required key="98" type="20" displayName="System Customizer" solution="System" id="{6de33915-e33c-e311-93f9-00155d03a503}" parentId="{119f245c-3cc8-4b62-b31c-d1a046ced15d}" />
        <Dependent key="50" type="60" displayName="Support" parentDisplayName="Invoice" id="{3523f88d-1cb7-4c1d-bad9-2afbb06294ba}" />
      </MissingDependency>
      <MissingDependency>
        <Required key="98" type="20" displayName="System Customizer" solution="System" id="{6de33915-e33c-e311-93f9-00155d03a503}" parentId="{119f245c-3cc8-4b62-b31c-d1a046ced15d}" />
        <Dependent key="101" type="60" displayName="Create Case Web Form" parentDisplayName="Case" id="{c68f2b23-eff3-497a-acfb-0534392cde1b}" />
      </MissingDependency>
      <MissingDependency>
        <Required key="98" type="20" displayName="System Customizer" solution="System" id="{6de33915-e33c-e311-93f9-00155d03a503}" parentId="{119f245c-3cc8-4b62-b31c-d1a046ced15d}" />
        <Dependent key="30" type="60" displayName="Portal Contact" parentDisplayName="Contact" id="{3fb651a5-cdbf-46c9-87fb-d2c748662bb8}" />
      </MissingDependency>
      <MissingDependency>
        <Required key="98" type="20" displayName="System Customizer" solution="System" id="{6de33915-e33c-e311-93f9-00155d03a503}" parentId="{119f245c-3cc8-4b62-b31c-d1a046ced15d}" />
        <Dependent key="102" type="60" displayName="ReadOnly Web Form" parentDisplayName="Case" id="{3a7b8379-7418-4e0e-8718-d12581334ac7}" />
      </MissingDependency>
      <MissingDependency>
        <Required key="98" type="20" displayName="System Customizer" solution="System" id="{6de33915-e33c-e311-93f9-00155d03a503}" parentId="{119f245c-3cc8-4b62-b31c-d1a046ced15d}" />
        <Dependent key="103" type="60" displayName="Web Form" parentDisplayName="Support Request" id="{cd858108-1c0a-432d-b0ad-4abcf56e97af}" />
      </MissingDependency>
      <MissingDependency>
        <Required key="98" type="20" displayName="System Customizer" solution="System" id="{6de33915-e33c-e311-93f9-00155d03a503}" parentId="{119f245c-3cc8-4b62-b31c-d1a046ced15d}" />
        <Dependent key="104" type="60" displayName="Web Form" parentDisplayName="Case" id="{5878e0b9-5cdf-4515-92b8-b3a13ebfe502}" />
      </MissingDependency>
      <MissingDependency>
        <Required key="98" type="20" displayName="System Customizer" solution="System" id="{6de33915-e33c-e311-93f9-00155d03a503}" parentId="{119f245c-3cc8-4b62-b31c-d1a046ced15d}" />
        <Dependent key="105" type="60" displayName="Public Case Web Form" parentDisplayName="Case" id="{7404f40f-708c-482c-b4b6-a4f148ac3b5f}" />
      </MissingDependency>
      <MissingDependency>
        <Required key="98" type="20" displayName="System Customizer" solution="System" id="{6de33915-e33c-e311-93f9-00155d03a503}" parentId="{119f245c-3cc8-4b62-b31c-d1a046ced15d}" />
        <Dependent key="106" type="60" displayName="Support" parentDisplayName="Case" id="{ee4b83f2-2cc6-495f-8ddf-836af029dd1d}" />
      </MissingDependency>
      <MissingDependency>
        <Required key="98" type="20" displayName="System Customizer" solution="System" id="{6de33915-e33c-e311-93f9-00155d03a503}" parentId="{119f245c-3cc8-4b62-b31c-d1a046ced15d}" />
        <Dependent key="107" type="60" displayName="Invite Web Form" parentDisplayName="Contact" id="{d6190b35-9474-4098-9698-33f6627eb3bf}" />
      </MissingDependency>
      <MissingDependency>
        <Required key="98" type="20" displayName="System Customizer" solution="System" id="{6de33915-e33c-e311-93f9-00155d03a503}" parentId="{119f245c-3cc8-4b62-b31c-d1a046ced15d}" />
        <Dependent key="108" type="60" displayName="Blank" parentDisplayName="Case" id="{0d0f6566-4cd4-475f-9a9d-3cb088d70215}" />
      </MissingDependency>
      <MissingDependency>
        <Required key="98" type="20" displayName="System Customizer" solution="System" id="{6de33915-e33c-e311-93f9-00155d03a503}" parentId="{119f245c-3cc8-4b62-b31c-d1a046ced15d}" />
        <Dependent key="43" type="60" displayName="Profile Web Form" parentDisplayName="Contact" id="{0bd832d5-9d6a-456d-bdc1-21129e82cc0f}" />
      </MissingDependency>
      <MissingDependency>
        <Required key="109" type="26" schemaName="Contract Line With Allotments" displayName="Contract Line With Allotments" parentSchemaName="contractdetail" parentDisplayName="Contract Line" solution="System" id="{8fa2705c-7e4c-4c0e-b611-4593b35a4c9e}" />
        <Dependent key="106" type="60" displayName="Support" parentDisplayName="Case" id="{ee4b83f2-2cc6-495f-8ddf-836af029dd1d}" />
      </MissingDependency>
      <MissingDependency>
        <Required key="110" type="26" schemaName="Contract Lookup View" displayName="Contract Lookup View" parentSchemaName="contract" parentDisplayName="Contract" solution="System" id="{5e32a72f-2c87-4407-b8b4-a45559229206}" />
        <Dependent key="104" type="60" displayName="Web Form" parentDisplayName="Case" id="{5878e0b9-5cdf-4515-92b8-b3a13ebfe502}" />
      </MissingDependency>
      <MissingDependency>
        <Required key="111" type="26" schemaName="Contract Line Lookup View" displayName="Contract Line Lookup View" parentSchemaName="contractdetail" parentDisplayName="Contract Line" solution="System" id="{55633390-078c-4a7e-b0a4-c08bc1fe61e7}" />
        <Dependent key="104" type="60" displayName="Web Form" parentDisplayName="Case" id="{5878e0b9-5cdf-4515-92b8-b3a13ebfe502}" />
      </MissingDependency>
      <MissingDependency>
        <Required key="112" type="26" schemaName="Account Lookup View" displayName="Account Lookup View" parentSchemaName="account" parentDisplayName="Account" solution="System" id="{a9af0ab8-861d-4cfa-92a5-c6281fed7fab}" />
        <Dependent key="103" type="60" displayName="Web Form" parentDisplayName="Support Request" id="{cd858108-1c0a-432d-b0ad-4abcf56e97af}" />
      </MissingDependency>
      <MissingDependency>
        <Required key="112" type="26" schemaName="Account Lookup View" displayName="Account Lookup View" parentSchemaName="account" parentDisplayName="Account" solution="System" id="{a9af0ab8-861d-4cfa-92a5-c6281fed7fab}" />
        <Dependent key="113" type="60" displayName="Information" parentDisplayName="Support Plan" id="{302e4830-fdb2-45b5-86e0-c68f86dcdd92}" />
      </MissingDependency>
      <MissingDependency>
        <Required key="114" type="26" schemaName="Open Activities" displayName="Open Activities" parentSchemaName="activitypointer" parentDisplayName="Activity" solution="System" id="{00000000-0000-0000-00aa-000010001900}" />
        <Dependent key="30" type="60" displayName="Portal Contact" parentDisplayName="Contact" id="{3fb651a5-cdbf-46c9-87fb-d2c748662bb8}" />
      </MissingDependency>
      <MissingDependency>
        <Required key="115" type="26" schemaName="Active Services" displayName="Active Services" parentSchemaName="service" parentDisplayName="Service" solution="System" id="{2bd4de5e-a7b4-4f5d-8fde-eb3b62d8e2b2}" />
        <Dependent key="30" type="60" displayName="Portal Contact" parentDisplayName="Contact" id="{3fb651a5-cdbf-46c9-87fb-d2c748662bb8}" />
      </MissingDependency>
      <MissingDependency>
        <Required key="115" type="26" schemaName="Active Services" displayName="Active Services" parentSchemaName="service" parentDisplayName="Service" solution="System" id="{2bd4de5e-a7b4-4f5d-8fde-eb3b62d8e2b2}" />
        <Dependent key="116" type="60" displayName="Information" parentDisplayName="Contact" id="{894cc46a-b0cb-4ab0-8bf6-200544e46a2d}" />
      </MissingDependency>
      <MissingDependency>
        <Required key="114" type="26" schemaName="Open Activities" displayName="Open Activities" parentSchemaName="activitypointer" parentDisplayName="Activity" solution="System" id="{00000000-0000-0000-00aa-000010001900}" />
        <Dependent key="116" type="60" displayName="Information" parentDisplayName="Contact" id="{894cc46a-b0cb-4ab0-8bf6-200544e46a2d}" />
      </MissingDependency>
      <MissingDependency>
        <Required key="117" type="26" schemaName="Active Contracts" displayName="Active Contracts" parentSchemaName="contract" parentDisplayName="Contract" solution="System" id="{646de3ee-ebfb-4d19-8a44-4a619505e188}" />
        <Dependent key="118" type="60" displayName="Information" parentDisplayName="Case" id="{f658c846-f74c-459b-b591-b97558958106}" />
      </MissingDependency>
      <MissingDependency>
        <Required key="109" type="26" schemaName="Contract Line With Allotments" displayName="Contract Line With Allotments" parentSchemaName="contractdetail" parentDisplayName="Contract Line" solution="System" id="{8fa2705c-7e4c-4c0e-b611-4593b35a4c9e}" />
        <Dependent key="118" type="60" displayName="Information" parentDisplayName="Case" id="{f658c846-f74c-459b-b591-b97558958106}" />
      </MissingDependency>
      <MissingDependency>
        <Required key="112" type="26" schemaName="Account Lookup View" displayName="Account Lookup View" parentSchemaName="account" parentDisplayName="Account" solution="System" id="{a9af0ab8-861d-4cfa-92a5-c6281fed7fab}" />
        <Dependent key="119" type="60" displayName="Information" parentDisplayName="Support Request" id="{ea7068c5-838b-4259-9e79-255cb05cb576}" />
      </MissingDependency>
      <MissingDependency>
        <Required key="30" type="60" displayName="Portal Contact" parentDisplayName="Contact" solution="AdxstudioPortalsDependencies (1.0.0031)" id="{3fb651a5-cdbf-46c9-87fb-d2c748662bb8}" />
        <Dependent key="30" type="60" displayName="Portal Contact" parentDisplayName="Contact" id="{3fb651a5-cdbf-46c9-87fb-d2c748662bb8}" />
      </MissingDependency>
      <MissingDependency>
        <Required key="107" type="60" displayName="Invite Web Form" parentDisplayName="Contact" solution="AdxstudioPortals (7.0.0060)" id="{d6190b35-9474-4098-9698-33f6627eb3bf}" />
        <Dependent key="107" type="60" displayName="Invite Web Form" parentDisplayName="Contact" id="{d6190b35-9474-4098-9698-33f6627eb3bf}" />
      </MissingDependency>
      <MissingDependency>
        <Required key="104" type="60" displayName="Web Form" parentDisplayName="Case" solution="AdxstudioPortals (7.0.0060)" id="{5878e0b9-5cdf-4515-92b8-b3a13ebfe502}" />
        <Dependent key="104" type="60" displayName="Web Form" parentDisplayName="Case" id="{5878e0b9-5cdf-4515-92b8-b3a13ebfe502}" />
      </MissingDependency>
      <MissingDependency>
        <Required key="43" type="60" displayName="Profile Web Form" parentDisplayName="Contact" solution="AdxstudioPortals (7.0.0060)" id="{0bd832d5-9d6a-456d-bdc1-21129e82cc0f}" />
        <Dependent key="43" type="60" displayName="Profile Web Form" parentDisplayName="Contact" id="{0bd832d5-9d6a-456d-bdc1-21129e82cc0f}" />
      </MissingDependency>
      <MissingDependency>
        <Required key="53" type="60" displayName="Commerce" parentDisplayName="Invoice" solution="AdxstudioCommerce (7.0.0009)" id="{f9fe6637-b767-4e9f-a44b-56a79233dab6}" />
        <Dependent key="53" type="60" displayName="Commerce" parentDisplayName="Invoice" id="{f9fe6637-b767-4e9f-a44b-56a79233dab6}" />
      </MissingDependency>
      <MissingDependency>
        <Required key="120" type="61" schemaName="adx_icon_shoppingcart_medium" displayName="adx_icon_shoppingcart_medium" solution="AdxstudioCommerce (7.0.0009)" />
        <Dependent key="120" type="61" schemaName="adx_icon_shoppingcart_medium" displayName="adx_icon_shoppingcart_medium" />
      </MissingDependency>
      <MissingDependency>
        <Required key="121" type="61" schemaName="adx_icon_shoppingcart_small" displayName="adx_icon_shoppingcart_small" solution="AdxstudioCommerce (7.0.0009)" />
        <Dependent key="121" type="61" schemaName="adx_icon_shoppingcart_small" displayName="adx_icon_shoppingcart_small" />
      </MissingDependency>
      <MissingDependency>
        <Required key="120" type="61" schemaName="adx_icon_shoppingcart_medium" displayName="adx_icon_shoppingcart_medium" solution="AdxstudioCommerce (7.0.0009)" />
        <Dependent key="0" type="1" schemaName="adx_shoppingcart" displayName="Shopping Cart" />
      </MissingDependency>
      <MissingDependency>
        <Required key="121" type="61" schemaName="adx_icon_shoppingcart_small" displayName="adx_icon_shoppingcart_small" solution="AdxstudioCommerce (7.0.0009)" />
        <Dependent key="0" type="1" schemaName="adx_shoppingcart" displayName="Shopping Cart" />
      </MissingDependency>
      <MissingDependency>
        <Required key="122" type="61" schemaName="Incident_main_system_library.js" displayName="Incident_main_system_library.js" solution="System" />
        <Dependent key="101" type="60" displayName="Create Case Web Form" parentDisplayName="Case" id="{c68f2b23-eff3-497a-acfb-0534392cde1b}" />
      </MissingDependency>
      <MissingDependency>
        <Required key="122" type="61" schemaName="Incident_main_system_library.js" displayName="Incident_main_system_library.js" solution="System" />
        <Dependent key="104" type="60" displayName="Web Form" parentDisplayName="Case" id="{5878e0b9-5cdf-4515-92b8-b3a13ebfe502}" />
      </MissingDependency>
      <MissingDependency>
        <Required key="122" type="61" schemaName="Incident_main_system_library.js" displayName="Incident_main_system_library.js" solution="System" />
        <Dependent key="106" type="60" displayName="Support" parentDisplayName="Case" id="{ee4b83f2-2cc6-495f-8ddf-836af029dd1d}" />
      </MissingDependency>
      <MissingDependency>
        <Required key="122" type="61" schemaName="Incident_main_system_library.js" displayName="Incident_main_system_library.js" solution="System" />
        <Dependent key="108" type="60" displayName="Blank" parentDisplayName="Case" id="{0d0f6566-4cd4-475f-9a9d-3cb088d70215}" />
      </MissingDependency>
      <MissingDependency>
        <Required key="122" type="61" schemaName="Incident_main_system_library.js" displayName="Incident_main_system_library.js" solution="System" />
        <Dependent key="105" type="60" displayName="Public Case Web Form" parentDisplayName="Case" id="{7404f40f-708c-482c-b4b6-a4f148ac3b5f}" />
      </MissingDependency>
      <MissingDependency>
        <Required key="123" type="61" schemaName="Contact_main_system_library.js" displayName="Contact_main_system_library.js" solution="System" />
        <Dependent key="107" type="60" displayName="Invite Web Form" parentDisplayName="Contact" id="{d6190b35-9474-4098-9698-33f6627eb3bf}" />
      </MissingDependency>
      <MissingDependency>
        <Required key="124" type="61" schemaName="adx_icon_nav_cms_small" displayName="adx_icon_nav_cms_small" solution="AdxstudioPortals (7.0.0060)" />
        <Dependent key="2" type="62" id="{17a3a638-e33c-e311-93f9-00155d03a503}" />
      </MissingDependency>
      <MissingDependency>
        <Required key="122" type="61" schemaName="Incident_main_system_library.js" displayName="Incident_main_system_library.js" solution="System" />
        <Dependent key="99" type="60" displayName="Private Closed Case Web Form" parentDisplayName="Case" id="{744c306c-6299-422f-a123-1ff48674eed2}" />
      </MissingDependency>
      <MissingDependency>
        <Required key="125" type="61" schemaName="msdyn_/RecordWall.htm" displayName="msdyn_/RecordWall.htm" solution="ActivityFeedsCore (6.1.2.112)" />
        <Dependent key="116" type="60" displayName="Information" parentDisplayName="Contact" id="{894cc46a-b0cb-4ab0-8bf6-200544e46a2d}" />
      </MissingDependency>
      <MissingDependency>
        <Required key="125" type="61" schemaName="msdyn_/RecordWall.htm" displayName="msdyn_/RecordWall.htm" solution="ActivityFeedsCore (6.1.2.112)" />
        <Dependent key="118" type="60" displayName="Information" parentDisplayName="Case" id="{f658c846-f74c-459b-b591-b97558958106}" />
      </MissingDependency>
      <MissingDependency>
        <Required key="126" type="61" schemaName="msdyn_/ActivityFeeds.Form.js" displayName="msdyn_/ActivityFeeds.Form.js" solution="ActivityFeedsCore (6.1.2.112)" />
        <Dependent key="118" type="60" displayName="Information" parentDisplayName="Case" id="{f658c846-f74c-459b-b591-b97558958106}" />
      </MissingDependency>
      <MissingDependency>
        <Required key="122" type="61" schemaName="Incident_main_system_library.js" displayName="Incident_main_system_library.js" solution="System" />
        <Dependent key="100" type="60" displayName="Private Open Case Web Form" parentDisplayName="Case" id="{495b3260-5c34-4a1d-9f13-dcf6bf262909}" />
      </MissingDependency>
      <MissingDependency>
        <Required key="127" type="61" schemaName="Invoice_main_system_library.js" displayName="Invoice_main_system_library.js" solution="System" />
        <Dependent key="50" type="60" displayName="Support" parentDisplayName="Invoice" id="{3523f88d-1cb7-4c1d-bad9-2afbb06294ba}" />
      </MissingDependency>
      <MissingDependency>
        <Required key="126" type="61" schemaName="msdyn_/ActivityFeeds.Form.js" displayName="msdyn_/ActivityFeeds.Form.js" solution="ActivityFeedsCore (6.1.2.112)" />
        <Dependent key="116" type="60" displayName="Information" parentDisplayName="Contact" id="{894cc46a-b0cb-4ab0-8bf6-200544e46a2d}" />
      </MissingDependency>
      <MissingDependency>
        <Required key="123" type="61" schemaName="Contact_main_system_library.js" displayName="Contact_main_system_library.js" solution="System" />
        <Dependent key="30" type="60" displayName="Portal Contact" parentDisplayName="Contact" id="{3fb651a5-cdbf-46c9-87fb-d2c748662bb8}" />
      </MissingDependency>
    </MissingDependencies>
  </SolutionManifest>
</ImportExportXml>