﻿<?xml version="1.0" encoding="utf-8"?>
<ImportExportXml version="6.1.0003.0119" SolutionPackageVersion="6.0" languagecode="1033" generatedBy="OnPremise" xmlns:xsi="http://www.w3.org/2001/XMLSchema-instance">
  <SolutionManifest>
    <UniqueName>AdxstudioWebForms</UniqueName>
    <LocalizedNames>
      <LocalizedName description="Adxstudio Web Forms" languagecode="1033" />
    </LocalizedNames>
    <Descriptions>
      <Description description="Web Forms extend Adxstudio Portals to provide the ability to define entity forms and custom logic within the CRM to render data entry forms within Adxstudio Portals without the need for developer intervention.  Web Forms support single step, multi-step navigation and step branching logic." languagecode="1033" />
    </Descriptions>
    <Version>7.0.0096</Version>
    <Managed>1</Managed>
    <Publisher>
      <UniqueName>adxstudio</UniqueName>
      <LocalizedNames>
        <LocalizedName description="Adxstudio Inc." languagecode="1033" />
      </LocalizedNames>
      <Descriptions>
        <Description description="Adxstudio brings qualified expertise in web portal and CMS frameworks to Microsoft Dynamics CRM with xRM Portals (CfMD), an integrated bundle of web portal accelerators which add sophisticated content management, event coordination, membership, profile and self-service capabilities to Dynamics CRM." languagecode="1033" />
      </Descriptions>
      <EMailAddress>support@adxstudio.com</EMailAddress>
      <SupportingWebsiteUrl>http://www.adxstudio.com</SupportingWebsiteUrl>
      <CustomizationPrefix>adx</CustomizationPrefix>
      <CustomizationOptionValuePrefix>75615</CustomizationOptionValuePrefix>
      <Addresses>
        <Address>
          <AddressNumber>1</AddressNumber>
          <AddressTypeCode>1</AddressTypeCode>
          <City xsi:nil="true"></City>
          <County xsi:nil="true"></County>
          <Country xsi:nil="true"></Country>
          <Fax xsi:nil="true"></Fax>
          <FreightTermsCode xsi:nil="true"></FreightTermsCode>
          <ImportSequenceNumber xsi:nil="true"></ImportSequenceNumber>
          <Latitude xsi:nil="true"></Latitude>
          <Line1 xsi:nil="true"></Line1>
          <Line2 xsi:nil="true"></Line2>
          <Line3 xsi:nil="true"></Line3>
          <Longitude xsi:nil="true"></Longitude>
          <Name xsi:nil="true"></Name>
          <PostalCode xsi:nil="true"></PostalCode>
          <PostOfficeBox xsi:nil="true"></PostOfficeBox>
          <PrimaryContactName xsi:nil="true"></PrimaryContactName>
          <ShippingMethodCode>1</ShippingMethodCode>
          <StateOrProvince xsi:nil="true"></StateOrProvince>
          <Telephone1 xsi:nil="true"></Telephone1>
          <Telephone2 xsi:nil="true"></Telephone2>
          <Telephone3 xsi:nil="true"></Telephone3>
          <TimeZoneRuleVersionNumber xsi:nil="true"></TimeZoneRuleVersionNumber>
          <UPSZone xsi:nil="true"></UPSZone>
          <UTCOffset xsi:nil="true"></UTCOffset>
          <UTCConversionTimeZoneCode xsi:nil="true"></UTCConversionTimeZoneCode>
        </Address>
        <Address>
          <AddressNumber>2</AddressNumber>
          <AddressTypeCode>1</AddressTypeCode>
          <City xsi:nil="true"></City>
          <County xsi:nil="true"></County>
          <Country xsi:nil="true"></Country>
          <Fax xsi:nil="true"></Fax>
          <FreightTermsCode xsi:nil="true"></FreightTermsCode>
          <ImportSequenceNumber xsi:nil="true"></ImportSequenceNumber>
          <Latitude xsi:nil="true"></Latitude>
          <Line1 xsi:nil="true"></Line1>
          <Line2 xsi:nil="true"></Line2>
          <Line3 xsi:nil="true"></Line3>
          <Longitude xsi:nil="true"></Longitude>
          <Name xsi:nil="true"></Name>
          <PostalCode xsi:nil="true"></PostalCode>
          <PostOfficeBox xsi:nil="true"></PostOfficeBox>
          <PrimaryContactName xsi:nil="true"></PrimaryContactName>
          <ShippingMethodCode>1</ShippingMethodCode>
          <StateOrProvince xsi:nil="true"></StateOrProvince>
          <Telephone1 xsi:nil="true"></Telephone1>
          <Telephone2 xsi:nil="true"></Telephone2>
          <Telephone3 xsi:nil="true"></Telephone3>
          <TimeZoneRuleVersionNumber xsi:nil="true"></TimeZoneRuleVersionNumber>
          <UPSZone xsi:nil="true"></UPSZone>
          <UTCOffset xsi:nil="true"></UTCOffset>
          <UTCConversionTimeZoneCode xsi:nil="true"></UTCConversionTimeZoneCode>
        </Address>
      </Addresses>
    </Publisher>
    <RootComponents>
      <RootComponent type="1" schemaName="adx_entityform" />
      <RootComponent type="1" schemaName="adx_entityformmetadata" />
      <RootComponent type="1" schemaName="adx_entitylist" />
      <RootComponent type="1" schemaName="adx_webform" />
      <RootComponent type="1" schemaName="adx_webformmetadata" />
      <RootComponent type="1" schemaName="adx_webformsession" />
      <RootComponent type="1" schemaName="adx_webformstep" />
      <RootComponent type="1" schemaName="adx_webpage" />
      <RootComponent type="9" schemaName="adx_likertscaleagreement" />
      <RootComponent type="9" schemaName="adx_likertscalefrequency" />
      <RootComponent type="9" schemaName="adx_likertscaleimportance" />
      <RootComponent type="9" schemaName="adx_likertscalelikelihood" />
      <RootComponent type="9" schemaName="adx_likertscalequality" />
      <RootComponent type="9" schemaName="adx_likertscalesatisfaction" />
      <RootComponent type="61" schemaName="adx_entityformmetadata_icon_16x16.png" />
      <RootComponent type="61" schemaName="adx_entityformmetadata_icon_32x32.png" />
      <RootComponent type="61" schemaName="adx_entityform_icon_16x16.png" />
      <RootComponent type="61" schemaName="adx_entityform_icon_32x32.png" />
      <RootComponent type="61" schemaName="adx_entitylist_icon_16x16.png" />
      <RootComponent type="61" schemaName="adx_entitylist_icon_32x32.png" />
      <RootComponent type="61" schemaName="adx_jsoneditor/adx.jsoneditor.filter.entitylist.js" />
      <RootComponent type="61" schemaName="adx_jsoneditor/adx.jsoneditor.filter.js" />
      <RootComponent type="61" schemaName="adx_jsoneditor/adx.jsoneditor.form.entityform.js" />
      <RootComponent type="61" schemaName="adx_jsoneditor/adx.jsoneditor.form.js" />
      <RootComponent type="61" schemaName="adx_jsoneditor/adx.jsoneditor.form.webformstep.js" />
      <RootComponent type="61" schemaName="adx_jsoneditor/adx.jsoneditor.grid.entitylist.js" />
      <RootComponent type="61" schemaName="adx_jsoneditor/adx.jsoneditor.grid.js" />
      <RootComponent type="61" schemaName="adx_jsoneditor/adx.jsoneditor.notes.entityformmetadata.js" />
      <RootComponent type="61" schemaName="adx_jsoneditor/adx.jsoneditor.notes.js" />
      <RootComponent type="61" schemaName="adx_jsoneditor/adx.jsoneditor.notes.webformmetadata.js" />
      <RootComponent type="61" schemaName="adx_jsoneditor/adx.jsoneditor.subgrid.entityformmetadata.js" />
      <RootComponent type="61" schemaName="adx_jsoneditor/adx.jsoneditor.subgrid.js" />
      <RootComponent type="61" schemaName="adx_jsoneditor/adx.jsoneditor.subgrid.webformmetadata.js" />
      <RootComponent type="61" schemaName="adx_jsoneditor/adx.jsoneditor.view.entitylist.js" />
      <RootComponent type="61" schemaName="adx_jsoneditor/adx.jsoneditor.view.js" />
      <RootComponent type="61" schemaName="adx_webformmetadata_icon_16.png" />
      <RootComponent type="61" schemaName="adx_webformmetadata_icon_32.png" />
      <RootComponent type="61" schemaName="adx_webforms/adx.controls.webforms.js" />
      <RootComponent type="61" schemaName="adx_webforms/adx.controls.webforms.metadata_selector.html" />
      <RootComponent type="61" schemaName="adx_webforms/adx.controls.webforms.metadata_selector.js" />
      <RootComponent type="61" schemaName="adx_webforms/adx.xrm.webforms.handlers.js" />
      <RootComponent type="61" schemaName="adx_webformsession_icon_16.png" />
      <RootComponent type="61" schemaName="adx_webformsession_icon_32.png" />
      <RootComponent type="61" schemaName="adx_webformstep_help_condition" />
      <RootComponent type="61" schemaName="adx_webformstep_icon_16.png" />
      <RootComponent type="61" schemaName="adx_webformstep_icon_32.png" />
      <RootComponent type="61" schemaName="adx_webform_icon_16.png" />
      <RootComponent type="61" schemaName="adx_webform_icon_32.png" />
      <RootComponent type="62" />
    </RootComponents>
    <MissingDependencies>
      <MissingDependency>
        <Required key="0" type="1" schemaName="adx_webpage" displayName="Web Page" solution="AdxstudioPortalsDependencies (1.0.0031)" />
        <Dependent key="0" type="1" schemaName="adx_webpage" displayName="Web Page" />
      </MissingDependency>
      <MissingDependency>
        <Required key="1" type="1" schemaName="adx_sitesetting" displayName="Site Setting" solution="AdxstudioPortalsDependencies (1.0.0031)" />
        <Dependent key="2" type="62" id="{17a3a638-e33c-e311-93f9-00155d03a503}" />
      </MissingDependency>
      <MissingDependency>
        <Required key="3" type="1" schemaName="adx_publishingstate" displayName="Publishing State" solution="AdxstudioPortals (7.0.0062)" />
        <Dependent key="4" type="10" schemaName="adx_publishingstate_webpage" displayName="adx_publishingstate_webpage" parentSchemaName="adx_webpage" parentDisplayName="Web Page" />
      </MissingDependency>
      <MissingDependency>
        <Required key="5" type="1" schemaName="adx_licensekey" displayName="Adxstudio License Key" solution="AdxstudioPortals (7.0.0062)" />
        <Dependent key="2" type="62" id="{17a3a638-e33c-e311-93f9-00155d03a503}" />
      </MissingDependency>
      <MissingDependency>
        <Required key="6" type="1" schemaName="adx_webnotificationurl" displayName="Web Notification URL" solution="AdxstudioPortalsDependencies (1.0.0031)" />
        <Dependent key="2" type="62" id="{17a3a638-e33c-e311-93f9-00155d03a503}" />
      </MissingDependency>
      <MissingDependency>
        <Required key="7" type="1" schemaName="adx_weblinkset" displayName="Web Link Set" solution="AdxstudioPortalsDependencies (1.0.0031)" />
        <Dependent key="2" type="62" id="{17a3a638-e33c-e311-93f9-00155d03a503}" />
      </MissingDependency>
      <MissingDependency>
        <Required key="7" type="1" schemaName="adx_weblinkset" displayName="Web Link Set" solution="AdxstudioPortalsDependencies (1.0.0031)" />
        <Dependent key="8" type="10" schemaName="adx_webpage_navigation_weblinkset" displayName="adx_webpage_navigation_weblinkset" parentSchemaName="adx_webpage" parentDisplayName="Web Page" />
      </MissingDependency>
      <MissingDependency>
        <Required key="9" type="1" schemaName="adx_caseaccess" displayName="Case Access" solution="AdxstudioPortalsDependencies (1.0.0031)" />
        <Dependent key="2" type="62" id="{17a3a638-e33c-e311-93f9-00155d03a503}" />
      </MissingDependency>
      <MissingDependency>
        <Required key="10" type="1" schemaName="adx_websitebinding" displayName="Website Binding" solution="AdxstudioPortals (7.0.0062)" />
        <Dependent key="2" type="62" id="{17a3a638-e33c-e311-93f9-00155d03a503}" />
      </MissingDependency>
      <MissingDependency>
        <Required key="11" type="1" schemaName="adx_contentsnippet" displayName="Content Snippet" solution="AdxstudioPortalsDependencies (1.0.0031)" />
        <Dependent key="2" type="62" id="{17a3a638-e33c-e311-93f9-00155d03a503}" />
      </MissingDependency>
      <MissingDependency>
        <Required key="12" type="1" schemaName="adx_contactaccess" displayName="Contact Access" solution="AdxstudioPortalsDependencies (1.0.0031)" />
        <Dependent key="2" type="62" id="{17a3a638-e33c-e311-93f9-00155d03a503}" />
      </MissingDependency>
      <MissingDependency>
        <Required key="13" type="1" schemaName="adx_webfile" displayName="Web File" solution="AdxstudioPortalsDependencies (1.0.0031)" />
        <Dependent key="14" type="10" schemaName="adx_webfile_webpage_image" displayName="adx_webfile_webpage_image" parentSchemaName="adx_webpage" parentDisplayName="Web Page" />
      </MissingDependency>
      <MissingDependency>
        <Required key="13" type="1" schemaName="adx_webfile" displayName="Web File" solution="AdxstudioPortalsDependencies (1.0.0031)" />
        <Dependent key="2" type="62" id="{17a3a638-e33c-e311-93f9-00155d03a503}" />
      </MissingDependency>
      <MissingDependency>
        <Required key="13" type="1" schemaName="adx_webfile" displayName="Web File" solution="AdxstudioPortalsDependencies (1.0.0031)" />
        <Dependent key="15" type="60" displayName="Information" parentDisplayName="Web Page" id="{007c799c-a87f-4471-b00b-bf7555a0f85d}" />
      </MissingDependency>
      <MissingDependency>
        <Required key="16" type="1" schemaName="adx_redirect" displayName="Redirect" solution="AdxstudioPortals (7.0.0062)" />
        <Dependent key="2" type="62" id="{17a3a638-e33c-e311-93f9-00155d03a503}" />
      </MissingDependency>
      <MissingDependency>
        <Required key="17" type="1" schemaName="adx_website" displayName="Website" solution="AdxstudioPortalsDependencies (1.0.0031)" />
        <Dependent key="18" type="10" schemaName="adx_website_webpage" displayName="adx_website_webpage" parentSchemaName="adx_webpage" parentDisplayName="Web Page" />
      </MissingDependency>
      <MissingDependency>
        <Required key="17" type="1" schemaName="adx_website" displayName="Website" solution="AdxstudioPortalsDependencies (1.0.0031)" />
        <Dependent key="2" type="62" id="{17a3a638-e33c-e311-93f9-00155d03a503}" />
      </MissingDependency>
      <MissingDependency>
        <Required key="17" type="1" schemaName="adx_website" displayName="Website" solution="AdxstudioPortalsDependencies (1.0.0031)" />
        <Dependent key="15" type="60" displayName="Information" parentDisplayName="Web Page" id="{007c799c-a87f-4471-b00b-bf7555a0f85d}" />
      </MissingDependency>
      <MissingDependency>
        <Required key="19" type="1" schemaName="adx_webrole" displayName="Web Role" solution="AdxstudioPortalsDependencies (1.0.0031)" />
        <Dependent key="2" type="62" id="{17a3a638-e33c-e311-93f9-00155d03a503}" />
      </MissingDependency>
      <MissingDependency>
        <Required key="20" type="1" schemaName="adx_pagetemplate" displayName="Page Template" solution="AdxstudioPortalsDependencies (1.0.0031)" />
        <Dependent key="2" type="62" id="{17a3a638-e33c-e311-93f9-00155d03a503}" />
      </MissingDependency>
      <MissingDependency>
        <Required key="20" type="1" schemaName="adx_pagetemplate" displayName="Page Template" solution="AdxstudioPortalsDependencies (1.0.0031)" />
        <Dependent key="21" type="10" schemaName="adx_pagetemplate_webpage" displayName="adx_pagetemplate_webpage" parentSchemaName="adx_webpage" parentDisplayName="Web Page" />
      </MissingDependency>
      <MissingDependency>
        <Required key="22" type="1" schemaName="adx_publishingstatetransitionrule" displayName="Publishing State Transition Rule" solution="AdxstudioPortals (7.0.0062)" />
        <Dependent key="2" type="62" id="{17a3a638-e33c-e311-93f9-00155d03a503}" />
      </MissingDependency>
      <MissingDependency>
        <Required key="23" type="1" schemaName="adx_sitemarker" displayName="Site Marker" solution="AdxstudioPortalsDependencies (1.0.0031)" />
        <Dependent key="2" type="62" id="{17a3a638-e33c-e311-93f9-00155d03a503}" />
      </MissingDependency>
      <MissingDependency>
        <Required key="24" type="1" schemaName="adx_entitypermission" displayName="Entity Permission" solution="AdxstudioPortals (7.0.0062)" />
        <Dependent key="2" type="62" id="{17a3a638-e33c-e311-93f9-00155d03a503}" />
      </MissingDependency>
      <MissingDependency>
        <Required key="25" type="1" schemaName="adx_shortcut" displayName="Shortcut" solution="AdxstudioPortals (7.0.0062)" />
        <Dependent key="2" type="62" id="{17a3a638-e33c-e311-93f9-00155d03a503}" />
      </MissingDependency>
      <MissingDependency>
        <Required key="26" type="1" schemaName="adx_ad" displayName="Ad" solution="AdxstudioPortals (7.0.0062)" />
        <Dependent key="2" type="62" id="{17a3a638-e33c-e311-93f9-00155d03a503}" />
      </MissingDependency>
      <MissingDependency>
        <Required key="27" type="1" schemaName="adx_pollplacement" displayName="Poll Placement" solution="AdxstudioPortals (7.0.0062)" />
        <Dependent key="2" type="62" id="{17a3a638-e33c-e311-93f9-00155d03a503}" />
      </MissingDependency>
      <MissingDependency>
        <Required key="28" type="1" schemaName="adx_accountaccess" displayName="Account Access" solution="AdxstudioPortalsDependencies (1.0.0031)" />
        <Dependent key="2" type="62" id="{17a3a638-e33c-e311-93f9-00155d03a503}" />
      </MissingDependency>
      <MissingDependency>
        <Required key="29" type="1" schemaName="adx_websiteaccess" displayName="Website Access" solution="AdxstudioPortals (7.0.0062)" />
        <Dependent key="2" type="62" id="{17a3a638-e33c-e311-93f9-00155d03a503}" />
      </MissingDependency>
      <MissingDependency>
        <Required key="30" type="1" schemaName="adx_adplacement" displayName="Ad Placement" solution="AdxstudioPortals (7.0.0062)" />
        <Dependent key="2" type="62" id="{17a3a638-e33c-e311-93f9-00155d03a503}" />
      </MissingDependency>
      <MissingDependency>
        <Required key="31" type="1" schemaName="adx_webpageaccesscontrolrule" displayName="Web Page Access Control Rule" solution="AdxstudioPortals (7.0.0062)" />
        <Dependent key="15" type="60" displayName="Information" parentDisplayName="Web Page" id="{007c799c-a87f-4471-b00b-bf7555a0f85d}" />
      </MissingDependency>
      <MissingDependency>
        <Required key="31" type="1" schemaName="adx_webpageaccesscontrolrule" displayName="Web Page Access Control Rule" solution="AdxstudioPortals (7.0.0062)" />
        <Dependent key="2" type="62" id="{17a3a638-e33c-e311-93f9-00155d03a503}" />
      </MissingDependency>
      <MissingDependency>
        <Required key="32" type="1" schemaName="adx_poll" displayName="Poll" solution="AdxstudioPortals (7.0.0062)" />
        <Dependent key="2" type="62" id="{17a3a638-e33c-e311-93f9-00155d03a503}" />
      </MissingDependency>
      <MissingDependency>
        <Required key="33" type="2" schemaName="adx_name" displayName="Name" parentSchemaName="adx_webfile" parentDisplayName="Web File" solution="AdxstudioPortalsDependencies (1.0.0031)" />
        <Dependent key="14" type="10" schemaName="adx_webfile_webpage_image" displayName="adx_webfile_webpage_image" parentSchemaName="adx_webpage" parentDisplayName="Web Page" />
      </MissingDependency>
      <MissingDependency>
        <Required key="34" type="2" schemaName="adx_name" displayName="Name" parentSchemaName="adx_website" parentDisplayName="Website" solution="AdxstudioPortalsDependencies (1.0.0031)" />
        <Dependent key="18" type="10" schemaName="adx_website_webpage" displayName="adx_website_webpage" parentSchemaName="adx_webpage" parentDisplayName="Web Page" />
      </MissingDependency>
      <MissingDependency>
        <Required key="35" type="2" schemaName="adx_weblinksetid" displayName="Web Link Set" parentSchemaName="adx_weblinkset" parentDisplayName="Web Link Set" solution="AdxstudioPortalsDependencies (1.0.0031)" />
        <Dependent key="8" type="10" schemaName="adx_webpage_navigation_weblinkset" displayName="adx_webpage_navigation_weblinkset" parentSchemaName="adx_webpage" parentDisplayName="Web Page" />
      </MissingDependency>
      <MissingDependency>
        <Required key="36" type="2" schemaName="adx_name" displayName="Name" parentSchemaName="adx_weblinkset" parentDisplayName="Web Link Set" solution="AdxstudioPortalsDependencies (1.0.0031)" />
        <Dependent key="8" type="10" schemaName="adx_webpage_navigation_weblinkset" displayName="adx_webpage_navigation_weblinkset" parentSchemaName="adx_webpage" parentDisplayName="Web Page" />
      </MissingDependency>
      <MissingDependency>
        <Required key="37" type="2" schemaName="adx_publishingstateid" displayName="Publishing State" parentSchemaName="adx_publishingstate" parentDisplayName="Publishing State" solution="AdxstudioPortals (7.0.0062)" />
        <Dependent key="4" type="10" schemaName="adx_publishingstate_webpage" displayName="adx_publishingstate_webpage" parentSchemaName="adx_webpage" parentDisplayName="Web Page" />
      </MissingDependency>
      <MissingDependency>
        <Required key="38" type="2" schemaName="adx_pagetemplateid" displayName="Page Template" parentSchemaName="adx_pagetemplate" parentDisplayName="Page Template" solution="AdxstudioPortalsDependencies (1.0.0031)" />
        <Dependent key="21" type="10" schemaName="adx_pagetemplate_webpage" displayName="adx_pagetemplate_webpage" parentSchemaName="adx_webpage" parentDisplayName="Web Page" />
      </MissingDependency>
      <MissingDependency>
        <Required key="39" type="2" schemaName="adx_websiteid" displayName="Website" parentSchemaName="adx_website" parentDisplayName="Website" solution="AdxstudioPortalsDependencies (1.0.0031)" />
        <Dependent key="18" type="10" schemaName="adx_website_webpage" displayName="adx_website_webpage" parentSchemaName="adx_webpage" parentDisplayName="Web Page" />
      </MissingDependency>
      <MissingDependency>
        <Required key="40" type="2" schemaName="adx_name" displayName="Name" parentSchemaName="adx_pagetemplate" parentDisplayName="Page Template" solution="AdxstudioPortalsDependencies (1.0.0031)" />
        <Dependent key="21" type="10" schemaName="adx_pagetemplate_webpage" displayName="adx_pagetemplate_webpage" parentSchemaName="adx_webpage" parentDisplayName="Web Page" />
      </MissingDependency>
      <MissingDependency>
        <Required key="41" type="2" schemaName="statecode" displayName="Status" parentSchemaName="adx_webpage" parentDisplayName="Web Page" solution="AdxstudioPortalsDependencies (1.0.0031)" />
        <Dependent key="41" type="2" schemaName="statecode" displayName="Status" parentSchemaName="adx_webpage" parentDisplayName="Web Page" />
      </MissingDependency>
      <MissingDependency>
        <Required key="42" type="2" schemaName="adx_webfileid" displayName="Web File" parentSchemaName="adx_webfile" parentDisplayName="Web File" solution="AdxstudioPortalsDependencies (1.0.0031)" />
        <Dependent key="14" type="10" schemaName="adx_webfile_webpage_image" displayName="adx_webfile_webpage_image" parentSchemaName="adx_webpage" parentDisplayName="Web Page" />
      </MissingDependency>
      <MissingDependency>
        <Required key="43" type="2" schemaName="adx_title" displayName="Title" parentSchemaName="adx_webpage" parentDisplayName="Web Page" solution="AdxstudioPortalsDependencies (1.0.0031)" />
        <Dependent key="15" type="60" displayName="Information" parentDisplayName="Web Page" id="{007c799c-a87f-4471-b00b-bf7555a0f85d}" />
      </MissingDependency>
      <MissingDependency>
        <Required key="44" type="2" schemaName="adx_name" displayName="Name" parentSchemaName="adx_publishingstate" parentDisplayName="Publishing State" solution="AdxstudioPortals (7.0.0062)" />
        <Dependent key="4" type="10" schemaName="adx_publishingstate_webpage" displayName="adx_publishingstate_webpage" parentSchemaName="adx_webpage" parentDisplayName="Web Page" />
      </MissingDependency>
      <MissingDependency>
        <Required key="45" type="2" schemaName="adx_navigation" displayName="Navigation" parentSchemaName="adx_webpage" parentDisplayName="Web Page" solution="AdxstudioPortals (7.0.0062)" />
        <Dependent key="45" type="2" schemaName="adx_navigation" displayName="Navigation" parentSchemaName="adx_webpage" parentDisplayName="Web Page" />
      </MissingDependency>
      <MissingDependency>
        <Required key="46" type="2" schemaName="adx_enablecomments" displayName="Enable Comments" parentSchemaName="adx_webpage" parentDisplayName="Web Page" solution="AdxstudioPortals (7.0.0062)" />
        <Dependent key="15" type="60" displayName="Information" parentDisplayName="Web Page" id="{007c799c-a87f-4471-b00b-bf7555a0f85d}" />
      </MissingDependency>
      <MissingDependency>
        <Required key="47" type="2" schemaName="adx_imageurl" displayName="Image URL" parentSchemaName="adx_webpage" parentDisplayName="Web Page" solution="AdxstudioPortals (7.0.0062)" />
        <Dependent key="15" type="60" displayName="Information" parentDisplayName="Web Page" id="{007c799c-a87f-4471-b00b-bf7555a0f85d}" />
      </MissingDependency>
      <MissingDependency>
        <Required key="48" type="2" schemaName="adx_customjavascript" displayName="Custom JavaScript" parentSchemaName="adx_webpage" parentDisplayName="Web Page" solution="AdxstudioPortals (7.0.0062)" />
        <Dependent key="15" type="60" displayName="Information" parentDisplayName="Web Page" id="{007c799c-a87f-4471-b00b-bf7555a0f85d}" />
      </MissingDependency>
      <MissingDependency>
        <Required key="49" type="2" schemaName="adx_editorialcomments" displayName="Editorial Comments" parentSchemaName="adx_webpage" parentDisplayName="Web Page" solution="AdxstudioPortals (7.0.0062)" />
        <Dependent key="15" type="60" displayName="Information" parentDisplayName="Web Page" id="{007c799c-a87f-4471-b00b-bf7555a0f85d}" />
      </MissingDependency>
      <MissingDependency>
        <Required key="50" type="2" schemaName="adx_meta_description" displayName="Description" parentSchemaName="adx_webpage" parentDisplayName="Web Page" solution="AdxstudioPortals (7.0.0062)" />
        <Dependent key="15" type="60" displayName="Information" parentDisplayName="Web Page" id="{007c799c-a87f-4471-b00b-bf7555a0f85d}" />
      </MissingDependency>
      <MissingDependency>
        <Required key="51" type="2" schemaName="adx_enabletracking" displayName="Enable Tracking" parentSchemaName="adx_webpage" parentDisplayName="Web Page" solution="AdxstudioPortals (7.0.0062)" />
        <Dependent key="15" type="60" displayName="Information" parentDisplayName="Web Page" id="{007c799c-a87f-4471-b00b-bf7555a0f85d}" />
      </MissingDependency>
      <MissingDependency>
        <Required key="52" type="2" schemaName="adx_partialurl" displayName="Partial URL" parentSchemaName="adx_webpage" parentDisplayName="Web Page" solution="AdxstudioPortalsDependencies (1.0.0031)" />
        <Dependent key="15" type="60" displayName="Information" parentDisplayName="Web Page" id="{007c799c-a87f-4471-b00b-bf7555a0f85d}" />
      </MissingDependency>
      <MissingDependency>
        <Required key="53" type="2" schemaName="adx_commentpolicy" displayName="Comment Policy" parentSchemaName="adx_webpage" parentDisplayName="Web Page" solution="AdxstudioPortals (7.0.0062)" />
        <Dependent key="15" type="60" displayName="Information" parentDisplayName="Web Page" id="{007c799c-a87f-4471-b00b-bf7555a0f85d}" />
      </MissingDependency>
      <MissingDependency>
        <Required key="54" type="2" schemaName="adx_authorid" displayName="Author" parentSchemaName="adx_webpage" parentDisplayName="Web Page" solution="AdxstudioPortalsDependencies (1.0.0031)" />
        <Dependent key="54" type="2" schemaName="adx_authorid" displayName="Author" parentSchemaName="adx_webpage" parentDisplayName="Web Page" />
      </MissingDependency>
      <MissingDependency>
        <Required key="55" type="2" schemaName="adx_websiteid" displayName="Website" parentSchemaName="adx_webpage" parentDisplayName="Web Page" solution="AdxstudioPortalsDependencies (1.0.0031)" />
        <Dependent key="55" type="2" schemaName="adx_websiteid" displayName="Website" parentSchemaName="adx_webpage" parentDisplayName="Web Page" />
      </MissingDependency>
      <MissingDependency>
        <Required key="56" type="2" schemaName="adx_image" displayName="Image" parentSchemaName="adx_webpage" parentDisplayName="Web Page" solution="AdxstudioPortals (7.0.0062)" />
        <Dependent key="56" type="2" schemaName="adx_image" displayName="Image" parentSchemaName="adx_webpage" parentDisplayName="Web Page" />
      </MissingDependency>
      <MissingDependency>
        <Required key="57" type="2" schemaName="adx_hiddenfromsitemap" displayName="Hidden From Sitemap" parentSchemaName="adx_webpage" parentDisplayName="Web Page" solution="AdxstudioPortalsDependencies (1.0.0031)" />
        <Dependent key="57" type="2" schemaName="adx_hiddenfromsitemap" displayName="Hidden From Sitemap" parentSchemaName="adx_webpage" parentDisplayName="Web Page" />
      </MissingDependency>
      <MissingDependency>
        <Required key="58" type="2" schemaName="statuscode" displayName="Status Reason" parentSchemaName="adx_webpage" parentDisplayName="Web Page" solution="AdxstudioPortalsDependencies (1.0.0031)" />
        <Dependent key="58" type="2" schemaName="statuscode" displayName="Status Reason" parentSchemaName="adx_webpage" parentDisplayName="Web Page" />
      </MissingDependency>
      <MissingDependency>
        <Required key="59" type="2" schemaName="adx_masterwebpageid" displayName="Master Web Page" parentSchemaName="adx_webpage" parentDisplayName="Web Page" solution="AdxstudioPortals (7.0.0062)" />
        <Dependent key="59" type="2" schemaName="adx_masterwebpageid" displayName="Master Web Page" parentSchemaName="adx_webpage" parentDisplayName="Web Page" />
      </MissingDependency>
      <MissingDependency>
        <Required key="60" type="2" schemaName="adx_publishingstateid" displayName="Publishing State" parentSchemaName="adx_webpage" parentDisplayName="Web Page" solution="AdxstudioPortals (7.0.0062)" />
        <Dependent key="60" type="2" schemaName="adx_publishingstateid" displayName="Publishing State" parentSchemaName="adx_webpage" parentDisplayName="Web Page" />
      </MissingDependency>
      <MissingDependency>
        <Required key="61" type="2" schemaName="adx_parentpageid" displayName="Parent Page" parentSchemaName="adx_webpage" parentDisplayName="Web Page" solution="AdxstudioPortalsDependencies (1.0.0031)" />
        <Dependent key="61" type="2" schemaName="adx_parentpageid" displayName="Parent Page" parentSchemaName="adx_webpage" parentDisplayName="Web Page" />
      </MissingDependency>
      <MissingDependency>
        <Required key="62" type="2" schemaName="adx_category" displayName="Category" parentSchemaName="adx_webpage" parentDisplayName="Web Page" solution="AdxstudioPortalsDependencies (1.0.0031)" />
        <Dependent key="62" type="2" schemaName="adx_category" displayName="Category" parentSchemaName="adx_webpage" parentDisplayName="Web Page" />
      </MissingDependency>
      <MissingDependency>
        <Required key="63" type="2" schemaName="adx_pagetemplateid" displayName="Page Template" parentSchemaName="adx_webpage" parentDisplayName="Web Page" solution="AdxstudioPortalsDependencies (1.0.0031)" />
        <Dependent key="63" type="2" schemaName="adx_pagetemplateid" displayName="Page Template" parentSchemaName="adx_webpage" parentDisplayName="Web Page" />
      </MissingDependency>
      <MissingDependency>
        <Required key="64" type="2" schemaName="adx_subjectid" displayName="Subject" parentSchemaName="adx_webpage" parentDisplayName="Web Page" solution="AdxstudioPortalsDependencies (1.0.0031)" />
        <Dependent key="64" type="2" schemaName="adx_subjectid" displayName="Subject" parentSchemaName="adx_webpage" parentDisplayName="Web Page" />
      </MissingDependency>
      <MissingDependency>
        <Required key="65" type="2" schemaName="adx_copy" displayName="Copy" parentSchemaName="adx_webpage" parentDisplayName="Web Page" solution="AdxstudioPortalsDependencies (1.0.0031)" />
        <Dependent key="15" type="60" displayName="Information" parentDisplayName="Web Page" id="{007c799c-a87f-4471-b00b-bf7555a0f85d}" />
      </MissingDependency>
      <MissingDependency>
        <Required key="66" type="2" schemaName="adx_customcss" displayName="Custom CSS" parentSchemaName="adx_webpage" parentDisplayName="Web Page" solution="AdxstudioPortals (7.0.0062)" />
        <Dependent key="15" type="60" displayName="Information" parentDisplayName="Web Page" id="{007c799c-a87f-4471-b00b-bf7555a0f85d}" />
      </MissingDependency>
      <MissingDependency>
        <Required key="67" type="2" schemaName="adx_excludefromsearch" displayName="Exclude From Search" parentSchemaName="adx_webpage" parentDisplayName="Web Page" solution="AdxstudioPortals (7.0.0062)" />
        <Dependent key="15" type="60" displayName="Information" parentDisplayName="Web Page" id="{007c799c-a87f-4471-b00b-bf7555a0f85d}" />
      </MissingDependency>
      <MissingDependency>
        <Required key="68" type="2" schemaName="adx_releasedate" displayName="Release Date" parentSchemaName="adx_webpage" parentDisplayName="Web Page" solution="AdxstudioPortals (7.0.0062)" />
        <Dependent key="15" type="60" displayName="Information" parentDisplayName="Web Page" id="{007c799c-a87f-4471-b00b-bf7555a0f85d}" />
      </MissingDependency>
      <MissingDependency>
        <Required key="69" type="2" schemaName="adx_displayorder" displayName="Display Order" parentSchemaName="adx_webpage" parentDisplayName="Web Page" solution="AdxstudioPortalsDependencies (1.0.0031)" />
        <Dependent key="15" type="60" displayName="Information" parentDisplayName="Web Page" id="{007c799c-a87f-4471-b00b-bf7555a0f85d}" />
      </MissingDependency>
      <MissingDependency>
        <Required key="70" type="2" schemaName="adx_summary" displayName="Summary" parentSchemaName="adx_webpage" parentDisplayName="Web Page" solution="AdxstudioPortalsDependencies (1.0.0031)" />
        <Dependent key="15" type="60" displayName="Information" parentDisplayName="Web Page" id="{007c799c-a87f-4471-b00b-bf7555a0f85d}" />
      </MissingDependency>
      <MissingDependency>
        <Required key="71" type="2" schemaName="adx_enableratings" displayName="Enable Ratings" parentSchemaName="adx_webpage" parentDisplayName="Web Page" solution="AdxstudioPortals (7.0.0062)" />
        <Dependent key="15" type="60" displayName="Information" parentDisplayName="Web Page" id="{007c799c-a87f-4471-b00b-bf7555a0f85d}" />
      </MissingDependency>
      <MissingDependency>
        <Required key="72" type="2" schemaName="adx_name" displayName="Name" parentSchemaName="adx_webpage" parentDisplayName="Web Page" solution="AdxstudioPortalsDependencies (1.0.0031)" />
        <Dependent key="73" type="10" schemaName="adx_webpage_webpage" displayName="adx_webpage_webpage" parentSchemaName="adx_webpage" parentDisplayName="Web Page" />
      </MissingDependency>
      <MissingDependency>
        <Required key="72" type="2" schemaName="adx_name" displayName="Name" parentSchemaName="adx_webpage" parentDisplayName="Web Page" solution="AdxstudioPortalsDependencies (1.0.0031)" />
        <Dependent key="74" type="10" schemaName="adx_entityform_redirectwebpage" displayName="adx_entityform_redirectwebpage" parentSchemaName="adx_entityform" parentDisplayName="Entity Form" />
      </MissingDependency>
      <MissingDependency>
        <Required key="72" type="2" schemaName="adx_name" displayName="Name" parentSchemaName="adx_webpage" parentDisplayName="Web Page" solution="AdxstudioPortalsDependencies (1.0.0031)" />
        <Dependent key="74" type="10" schemaName="adx_entityform_redirectwebpage" displayName="adx_entityform_redirectwebpage" parentSchemaName="adx_entityform" parentDisplayName="Entity Form" />
      </MissingDependency>
      <MissingDependency>
        <Required key="72" type="2" schemaName="adx_name" displayName="Name" parentSchemaName="adx_webpage" parentDisplayName="Web Page" solution="AdxstudioPortalsDependencies (1.0.0031)" />
        <Dependent key="75" type="10" schemaName="adx_webformstep_redirectwebpage" displayName="adx_webformstep_redirectwebpage" parentSchemaName="adx_webformstep" parentDisplayName="Web Form Step" />
      </MissingDependency>
      <MissingDependency>
        <Required key="72" type="2" schemaName="adx_name" displayName="Name" parentSchemaName="adx_webpage" parentDisplayName="Web Page" solution="AdxstudioPortalsDependencies (1.0.0031)" />
        <Dependent key="73" type="10" schemaName="adx_webpage_webpage" displayName="adx_webpage_webpage" parentSchemaName="adx_webpage" parentDisplayName="Web Page" />
      </MissingDependency>
      <MissingDependency>
        <Required key="72" type="2" schemaName="adx_name" displayName="Name" parentSchemaName="adx_webpage" parentDisplayName="Web Page" solution="AdxstudioPortalsDependencies (1.0.0031)" />
        <Dependent key="76" type="10" schemaName="adx_entitylist_webpageforcreate" displayName="adx_entitylist_webpageforcreate" parentSchemaName="adx_entitylist" parentDisplayName="Entity List" />
      </MissingDependency>
      <MissingDependency>
        <Required key="72" type="2" schemaName="adx_name" displayName="Name" parentSchemaName="adx_webpage" parentDisplayName="Web Page" solution="AdxstudioPortalsDependencies (1.0.0031)" />
        <Dependent key="15" type="60" displayName="Information" parentDisplayName="Web Page" id="{007c799c-a87f-4471-b00b-bf7555a0f85d}" />
      </MissingDependency>
      <MissingDependency>
        <Required key="72" type="2" schemaName="adx_name" displayName="Name" parentSchemaName="adx_webpage" parentDisplayName="Web Page" solution="AdxstudioPortalsDependencies (1.0.0031)" />
        <Dependent key="76" type="10" schemaName="adx_entitylist_webpageforcreate" displayName="adx_entitylist_webpageforcreate" parentSchemaName="adx_entitylist" parentDisplayName="Entity List" />
      </MissingDependency>
      <MissingDependency>
        <Required key="72" type="2" schemaName="adx_name" displayName="Name" parentSchemaName="adx_webpage" parentDisplayName="Web Page" solution="AdxstudioPortalsDependencies (1.0.0031)" />
        <Dependent key="76" type="10" schemaName="adx_entitylist_webpageforcreate" displayName="adx_entitylist_webpageforcreate" parentSchemaName="adx_entitylist" parentDisplayName="Entity List" />
      </MissingDependency>
      <MissingDependency>
        <Required key="72" type="2" schemaName="adx_name" displayName="Name" parentSchemaName="adx_webpage" parentDisplayName="Web Page" solution="AdxstudioPortalsDependencies (1.0.0031)" />
        <Dependent key="75" type="10" schemaName="adx_webformstep_redirectwebpage" displayName="adx_webformstep_redirectwebpage" parentSchemaName="adx_webformstep" parentDisplayName="Web Form Step" />
      </MissingDependency>
      <MissingDependency>
        <Required key="72" type="2" schemaName="adx_name" displayName="Name" parentSchemaName="adx_webpage" parentDisplayName="Web Page" solution="AdxstudioPortalsDependencies (1.0.0031)" />
        <Dependent key="77" type="10" schemaName="adx_entitylist_webpagefordetailsview" displayName="adx_entitylist_webpagefordetailsview" parentSchemaName="adx_entitylist" parentDisplayName="Entity List" />
      </MissingDependency>
      <MissingDependency>
        <Required key="78" type="2" schemaName="adx_expirationdate" displayName="Expiration Date" parentSchemaName="adx_webpage" parentDisplayName="Web Page" solution="AdxstudioPortals (7.0.0062)" />
        <Dependent key="15" type="60" displayName="Information" parentDisplayName="Web Page" id="{007c799c-a87f-4471-b00b-bf7555a0f85d}" />
      </MissingDependency>
      <MissingDependency>
        <Required key="79" type="2" schemaName="adx_webpageid" displayName="Web Page" parentSchemaName="adx_webpage" parentDisplayName="Web Page" solution="AdxstudioPortalsDependencies (1.0.0031)" />
        <Dependent key="75" type="10" schemaName="adx_webformstep_redirectwebpage" displayName="adx_webformstep_redirectwebpage" parentSchemaName="adx_webformstep" parentDisplayName="Web Form Step" />
      </MissingDependency>
      <MissingDependency>
        <Required key="79" type="2" schemaName="adx_webpageid" displayName="Web Page" parentSchemaName="adx_webpage" parentDisplayName="Web Page" solution="AdxstudioPortalsDependencies (1.0.0031)" />
        <Dependent key="76" type="10" schemaName="adx_entitylist_webpageforcreate" displayName="adx_entitylist_webpageforcreate" parentSchemaName="adx_entitylist" parentDisplayName="Entity List" />
      </MissingDependency>
      <MissingDependency>
        <Required key="79" type="2" schemaName="adx_webpageid" displayName="Web Page" parentSchemaName="adx_webpage" parentDisplayName="Web Page" solution="AdxstudioPortalsDependencies (1.0.0031)" />
        <Dependent key="74" type="10" schemaName="adx_entityform_redirectwebpage" displayName="adx_entityform_redirectwebpage" parentSchemaName="adx_entityform" parentDisplayName="Entity Form" />
      </MissingDependency>
      <MissingDependency>
        <Required key="79" type="2" schemaName="adx_webpageid" displayName="Web Page" parentSchemaName="adx_webpage" parentDisplayName="Web Page" solution="AdxstudioPortalsDependencies (1.0.0031)" />
        <Dependent key="76" type="10" schemaName="adx_entitylist_webpageforcreate" displayName="adx_entitylist_webpageforcreate" parentSchemaName="adx_entitylist" parentDisplayName="Entity List" />
      </MissingDependency>
      <MissingDependency>
        <Required key="79" type="2" schemaName="adx_webpageid" displayName="Web Page" parentSchemaName="adx_webpage" parentDisplayName="Web Page" solution="AdxstudioPortalsDependencies (1.0.0031)" />
        <Dependent key="73" type="10" schemaName="adx_webpage_webpage" displayName="adx_webpage_webpage" parentSchemaName="adx_webpage" parentDisplayName="Web Page" />
      </MissingDependency>
      <MissingDependency>
        <Required key="79" type="2" schemaName="adx_webpageid" displayName="Web Page" parentSchemaName="adx_webpage" parentDisplayName="Web Page" solution="AdxstudioPortalsDependencies (1.0.0031)" />
        <Dependent key="73" type="10" schemaName="adx_webpage_webpage" displayName="adx_webpage_webpage" parentSchemaName="adx_webpage" parentDisplayName="Web Page" />
      </MissingDependency>
      <MissingDependency>
        <Required key="80" type="2" schemaName="adx_displaydate" displayName="Display Date" parentSchemaName="adx_webpage" parentDisplayName="Web Page" solution="AdxstudioPortalsDependencies (1.0.0031)" />
        <Dependent key="15" type="60" displayName="Information" parentDisplayName="Web Page" id="{007c799c-a87f-4471-b00b-bf7555a0f85d}" />
      </MissingDependency>
      <MissingDependency>
        <Required key="14" type="10" schemaName="adx_webfile_webpage_image" displayName="adx_webfile_webpage_image" parentSchemaName="adx_webpage" parentDisplayName="Web Page" solution="AdxstudioPortals (7.0.0062)" />
        <Dependent key="14" type="10" schemaName="adx_webfile_webpage_image" displayName="adx_webfile_webpage_image" parentSchemaName="adx_webpage" parentDisplayName="Web Page" />
      </MissingDependency>
      <MissingDependency>
        <Required key="81" type="10" schemaName="adx_webpage_masterwebpage" displayName="adx_webpage_masterwebpage" parentSchemaName="adx_webpage" parentDisplayName="Web Page" solution="AdxstudioPortals (7.0.0062)" />
        <Dependent key="81" type="10" schemaName="adx_webpage_masterwebpage" displayName="adx_webpage_masterwebpage" parentSchemaName="adx_webpage" parentDisplayName="Web Page" />
      </MissingDependency>
      <MissingDependency>
        <Required key="21" type="10" schemaName="adx_pagetemplate_webpage" displayName="adx_pagetemplate_webpage" parentSchemaName="adx_webpage" parentDisplayName="Web Page" solution="AdxstudioPortalsDependencies (1.0.0031)" />
        <Dependent key="21" type="10" schemaName="adx_pagetemplate_webpage" displayName="adx_pagetemplate_webpage" parentSchemaName="adx_webpage" parentDisplayName="Web Page" />
      </MissingDependency>
      <MissingDependency>
        <Required key="8" type="10" schemaName="adx_webpage_navigation_weblinkset" displayName="adx_webpage_navigation_weblinkset" parentSchemaName="adx_webpage" parentDisplayName="Web Page" solution="AdxstudioPortals (7.0.0062)" />
        <Dependent key="8" type="10" schemaName="adx_webpage_navigation_weblinkset" displayName="adx_webpage_navigation_weblinkset" parentSchemaName="adx_webpage" parentDisplayName="Web Page" />
      </MissingDependency>
      <MissingDependency>
        <Required key="18" type="10" schemaName="adx_website_webpage" displayName="adx_website_webpage" parentSchemaName="adx_webpage" parentDisplayName="Web Page" solution="AdxstudioPortalsDependencies (1.0.0031)" />
        <Dependent key="18" type="10" schemaName="adx_website_webpage" displayName="adx_website_webpage" parentSchemaName="adx_webpage" parentDisplayName="Web Page" />
      </MissingDependency>
      <MissingDependency>
        <Required key="82" type="10" schemaName="adx_pagetag_webpage" displayName="adx_pagetag_webpage" parentSchemaName="adx_pagetag" parentDisplayName="Page Tag" solution="AdxstudioPortals (7.0.0062)" />
        <Dependent key="82" type="10" schemaName="adx_pagetag_webpage" displayName="adx_pagetag_webpage" parentSchemaName="adx_pagetag" parentDisplayName="Page Tag" />
      </MissingDependency>
      <MissingDependency>
        <Required key="4" type="10" schemaName="adx_publishingstate_webpage" displayName="adx_publishingstate_webpage" parentSchemaName="adx_webpage" parentDisplayName="Web Page" solution="AdxstudioPortals (7.0.0062)" />
        <Dependent key="4" type="10" schemaName="adx_publishingstate_webpage" displayName="adx_publishingstate_webpage" parentSchemaName="adx_webpage" parentDisplayName="Web Page" />
      </MissingDependency>
      <MissingDependency>
        <Required key="83" type="10" schemaName="adx_subject_webpage" displayName="adx_subject_webpage" parentSchemaName="adx_webpage" parentDisplayName="Web Page" solution="AdxstudioPortalsDependencies (1.0.0031)" />
        <Dependent key="83" type="10" schemaName="adx_subject_webpage" displayName="adx_subject_webpage" parentSchemaName="adx_webpage" parentDisplayName="Web Page" />
      </MissingDependency>
      <MissingDependency>
        <Required key="84" type="10" schemaName="adx_contact_webpage" displayName="adx_contact_webpage" parentSchemaName="adx_webpage" parentDisplayName="Web Page" solution="AdxstudioPortalsDependencies (1.0.0031)" />
        <Dependent key="84" type="10" schemaName="adx_contact_webpage" displayName="adx_contact_webpage" parentSchemaName="adx_webpage" parentDisplayName="Web Page" />
      </MissingDependency>
      <MissingDependency>
        <Required key="73" type="10" schemaName="adx_webpage_webpage" displayName="adx_webpage_webpage" parentSchemaName="adx_webpage" parentDisplayName="Web Page" solution="AdxstudioPortalsDependencies (1.0.0031)" />
        <Dependent key="73" type="10" schemaName="adx_webpage_webpage" displayName="adx_webpage_webpage" parentSchemaName="adx_webpage" parentDisplayName="Web Page" />
      </MissingDependency>
      <MissingDependency>
        <Required key="82" type="10" schemaName="adx_pagetag_webpage" displayName="adx_pagetag_webpage" parentSchemaName="adx_pagetag" parentDisplayName="Page Tag" solution="AdxstudioPortals (7.0.0062)" />
        <Dependent key="82" type="10" schemaName="adx_pagetag_webpage" displayName="adx_pagetag_webpage" parentSchemaName="adx_pagetag" parentDisplayName="Page Tag" />
      </MissingDependency>
      <MissingDependency>
        <Required key="85" type="10" schemaName="adx_webpage_tag" displayName="adx_webpage_tag" parentSchemaName="adx_tag" parentDisplayName="Tag" solution="AdxstudioPortals (7.0.0062)" />
        <Dependent key="85" type="10" schemaName="adx_webpage_tag" displayName="adx_webpage_tag" parentSchemaName="adx_tag" parentDisplayName="Tag" />
      </MissingDependency>
      <MissingDependency>
        <Required key="85" type="10" schemaName="adx_webpage_tag" displayName="adx_webpage_tag" parentSchemaName="adx_tag" parentDisplayName="Tag" solution="AdxstudioPortals (7.0.0062)" />
        <Dependent key="85" type="10" schemaName="adx_webpage_tag" displayName="adx_webpage_tag" parentSchemaName="adx_tag" parentDisplayName="Tag" />
      </MissingDependency>
      <MissingDependency>
        <Required key="86" type="9" schemaName="adx_webpage_adx_hiddenfromsitemap" displayName="Hidden From Sitemap" solution="AdxstudioPortalsDependencies (1.0.0031)" />
        <Dependent key="86" type="9" schemaName="adx_webpage_adx_hiddenfromsitemap" displayName="Hidden From Sitemap" />
      </MissingDependency>
      <MissingDependency>
        <Required key="87" type="9" schemaName="adx_webpage_statecode" displayName="Status" solution="AdxstudioPortalsDependencies (1.0.0031)" />
        <Dependent key="87" type="9" schemaName="adx_webpage_statecode" displayName="Status" />
      </MissingDependency>
      <MissingDependency>
        <Required key="88" type="9" schemaName="adx_webpage_statuscode" displayName="Status Reason" solution="AdxstudioPortalsDependencies (1.0.0031)" />
        <Dependent key="88" type="9" schemaName="adx_webpage_statuscode" displayName="Status Reason" />
      </MissingDependency>
      <MissingDependency>
        <Required key="89" type="9" schemaName="adx_webpage_adx_category" displayName="Category" solution="AdxstudioPortalsDependencies (1.0.0031)" />
        <Dependent key="89" type="9" schemaName="adx_webpage_adx_category" displayName="Category" />
      </MissingDependency>
      <MissingDependency>
        <Required key="87" type="9" schemaName="adx_webpage_statecode" displayName="Status" solution="AdxstudioPortalsDependencies (1.0.0031)" />
        <Dependent key="87" type="9" schemaName="adx_webpage_statecode" displayName="Status" />
      </MissingDependency>
      <MissingDependency>
        <Required key="88" type="9" schemaName="adx_webpage_statuscode" displayName="Status Reason" solution="AdxstudioPortalsDependencies (1.0.0031)" />
        <Dependent key="88" type="9" schemaName="adx_webpage_statuscode" displayName="Status Reason" />
      </MissingDependency>
      <MissingDependency>
        <Required key="86" type="9" schemaName="adx_webpage_adx_hiddenfromsitemap" displayName="Hidden From Sitemap" solution="AdxstudioPortalsDependencies (1.0.0031)" />
        <Dependent key="86" type="9" schemaName="adx_webpage_adx_hiddenfromsitemap" displayName="Hidden From Sitemap" />
      </MissingDependency>
      <MissingDependency>
        <Required key="83" type="10" schemaName="adx_subject_webpage" displayName="adx_subject_webpage" parentSchemaName="adx_webpage" parentDisplayName="Web Page" solution="AdxstudioPortalsDependencies (1.0.0031)" />
        <Dependent key="90" type="2" schemaName="adx_subjectidname" parentSchemaName="adx_webpage" parentDisplayName="Web Page" />
      </MissingDependency>
      <MissingDependency>
        <Required key="21" type="10" schemaName="adx_pagetemplate_webpage" displayName="adx_pagetemplate_webpage" parentSchemaName="adx_webpage" parentDisplayName="Web Page" solution="AdxstudioPortalsDependencies (1.0.0031)" />
        <Dependent key="91" type="2" schemaName="adx_pagetemplateidname" parentSchemaName="adx_webpage" parentDisplayName="Web Page" />
      </MissingDependency>
      <MissingDependency>
        <Required key="18" type="10" schemaName="adx_website_webpage" displayName="adx_website_webpage" parentSchemaName="adx_webpage" parentDisplayName="Web Page" solution="AdxstudioPortalsDependencies (1.0.0031)" />
        <Dependent key="92" type="2" schemaName="adx_websiteidname" parentSchemaName="adx_webpage" parentDisplayName="Web Page" />
      </MissingDependency>
      <MissingDependency>
        <Required key="4" type="10" schemaName="adx_publishingstate_webpage" displayName="adx_publishingstate_webpage" parentSchemaName="adx_webpage" parentDisplayName="Web Page" solution="AdxstudioPortals (7.0.0062)" />
        <Dependent key="93" type="2" schemaName="adx_publishingstateidname" parentSchemaName="adx_webpage" parentDisplayName="Web Page" />
      </MissingDependency>
      <MissingDependency>
        <Required key="14" type="10" schemaName="adx_webfile_webpage_image" displayName="adx_webfile_webpage_image" parentSchemaName="adx_webpage" parentDisplayName="Web Page" solution="AdxstudioPortals (7.0.0062)" />
        <Dependent key="94" type="2" schemaName="adx_imagename" parentSchemaName="adx_webpage" parentDisplayName="Web Page" />
      </MissingDependency>
      <MissingDependency>
        <Required key="73" type="10" schemaName="adx_webpage_webpage" displayName="adx_webpage_webpage" parentSchemaName="adx_webpage" parentDisplayName="Web Page" solution="AdxstudioPortalsDependencies (1.0.0031)" />
        <Dependent key="95" type="2" schemaName="adx_parentpageidname" parentSchemaName="adx_webpage" parentDisplayName="Web Page" />
      </MissingDependency>
      <MissingDependency>
        <Required key="81" type="10" schemaName="adx_webpage_masterwebpage" displayName="adx_webpage_masterwebpage" parentSchemaName="adx_webpage" parentDisplayName="Web Page" solution="AdxstudioPortals (7.0.0062)" />
        <Dependent key="96" type="2" schemaName="adx_masterwebpageidname" parentSchemaName="adx_webpage" parentDisplayName="Web Page" />
      </MissingDependency>
      <MissingDependency>
        <Required key="8" type="10" schemaName="adx_webpage_navigation_weblinkset" displayName="adx_webpage_navigation_weblinkset" parentSchemaName="adx_webpage" parentDisplayName="Web Page" solution="AdxstudioPortals (7.0.0062)" />
        <Dependent key="97" type="2" schemaName="adx_navigationname" parentSchemaName="adx_webpage" parentDisplayName="Web Page" />
      </MissingDependency>
      <MissingDependency>
        <Required key="84" type="10" schemaName="adx_contact_webpage" displayName="adx_contact_webpage" parentSchemaName="adx_webpage" parentDisplayName="Web Page" solution="AdxstudioPortalsDependencies (1.0.0031)" />
        <Dependent key="98" type="2" schemaName="adx_authoridyominame" parentSchemaName="adx_webpage" parentDisplayName="Web Page" />
      </MissingDependency>
      <MissingDependency>
        <Required key="84" type="10" schemaName="adx_contact_webpage" displayName="adx_contact_webpage" parentSchemaName="adx_webpage" parentDisplayName="Web Page" solution="AdxstudioPortalsDependencies (1.0.0031)" />
        <Dependent key="99" type="2" schemaName="adx_authoridname" parentSchemaName="adx_webpage" parentDisplayName="Web Page" />
      </MissingDependency>
      <MissingDependency>
        <Required key="89" type="9" schemaName="adx_webpage_adx_category" displayName="Category" solution="AdxstudioPortalsDependencies (1.0.0031)" />
        <Dependent key="89" type="9" schemaName="adx_webpage_adx_category" displayName="Category" />
      </MissingDependency>
      <MissingDependency>
        <Required key="88" type="9" schemaName="adx_webpage_statuscode" displayName="Status Reason" solution="AdxstudioPortalsDependencies (1.0.0031)" />
        <Dependent key="88" type="9" schemaName="adx_webpage_statuscode" displayName="Status Reason" />
      </MissingDependency>
      <MissingDependency>
        <Required key="86" type="9" schemaName="adx_webpage_adx_hiddenfromsitemap" displayName="Hidden From Sitemap" solution="AdxstudioPortalsDependencies (1.0.0031)" />
        <Dependent key="86" type="9" schemaName="adx_webpage_adx_hiddenfromsitemap" displayName="Hidden From Sitemap" />
      </MissingDependency>
      <MissingDependency>
        <Required key="87" type="9" schemaName="adx_webpage_statecode" displayName="Status" solution="AdxstudioPortalsDependencies (1.0.0031)" />
        <Dependent key="87" type="9" schemaName="adx_webpage_statecode" displayName="Status" />
      </MissingDependency>
      <MissingDependency>
        <Required key="84" type="10" schemaName="adx_contact_webpage" displayName="adx_contact_webpage" parentSchemaName="adx_webpage" parentDisplayName="Web Page" solution="AdxstudioPortalsDependencies (1.0.0031)" />
        <Dependent key="15" type="60" displayName="Information" parentDisplayName="Web Page" id="{007c799c-a87f-4471-b00b-bf7555a0f85d}" />
      </MissingDependency>
      <MissingDependency>
        <Required key="18" type="10" schemaName="adx_website_webpage" displayName="adx_website_webpage" parentSchemaName="adx_webpage" parentDisplayName="Web Page" solution="AdxstudioPortalsDependencies (1.0.0031)" />
        <Dependent key="15" type="60" displayName="Information" parentDisplayName="Web Page" id="{007c799c-a87f-4471-b00b-bf7555a0f85d}" />
      </MissingDependency>
      <MissingDependency>
        <Required key="4" type="10" schemaName="adx_publishingstate_webpage" displayName="adx_publishingstate_webpage" parentSchemaName="adx_webpage" parentDisplayName="Web Page" solution="AdxstudioPortals (7.0.0062)" />
        <Dependent key="15" type="60" displayName="Information" parentDisplayName="Web Page" id="{007c799c-a87f-4471-b00b-bf7555a0f85d}" />
      </MissingDependency>
      <MissingDependency>
        <Required key="81" type="10" schemaName="adx_webpage_masterwebpage" displayName="adx_webpage_masterwebpage" parentSchemaName="adx_webpage" parentDisplayName="Web Page" solution="AdxstudioPortals (7.0.0062)" />
        <Dependent key="15" type="60" displayName="Information" parentDisplayName="Web Page" id="{007c799c-a87f-4471-b00b-bf7555a0f85d}" />
      </MissingDependency>
      <MissingDependency>
        <Required key="8" type="10" schemaName="adx_webpage_navigation_weblinkset" displayName="adx_webpage_navigation_weblinkset" parentSchemaName="adx_webpage" parentDisplayName="Web Page" solution="AdxstudioPortals (7.0.0062)" />
        <Dependent key="15" type="60" displayName="Information" parentDisplayName="Web Page" id="{007c799c-a87f-4471-b00b-bf7555a0f85d}" />
      </MissingDependency>
      <MissingDependency>
        <Required key="14" type="10" schemaName="adx_webfile_webpage_image" displayName="adx_webfile_webpage_image" parentSchemaName="adx_webpage" parentDisplayName="Web Page" solution="AdxstudioPortals (7.0.0062)" />
        <Dependent key="15" type="60" displayName="Information" parentDisplayName="Web Page" id="{007c799c-a87f-4471-b00b-bf7555a0f85d}" />
      </MissingDependency>
      <MissingDependency>
        <Required key="73" type="10" schemaName="adx_webpage_webpage" displayName="adx_webpage_webpage" parentSchemaName="adx_webpage" parentDisplayName="Web Page" solution="AdxstudioPortalsDependencies (1.0.0031)" />
        <Dependent key="15" type="60" displayName="Information" parentDisplayName="Web Page" id="{007c799c-a87f-4471-b00b-bf7555a0f85d}" />
      </MissingDependency>
      <MissingDependency>
        <Required key="83" type="10" schemaName="adx_subject_webpage" displayName="adx_subject_webpage" parentSchemaName="adx_webpage" parentDisplayName="Web Page" solution="AdxstudioPortalsDependencies (1.0.0031)" />
        <Dependent key="15" type="60" displayName="Information" parentDisplayName="Web Page" id="{007c799c-a87f-4471-b00b-bf7555a0f85d}" />
      </MissingDependency>
      <MissingDependency>
        <Required key="21" type="10" schemaName="adx_pagetemplate_webpage" displayName="adx_pagetemplate_webpage" parentSchemaName="adx_webpage" parentDisplayName="Web Page" solution="AdxstudioPortalsDependencies (1.0.0031)" />
        <Dependent key="15" type="60" displayName="Information" parentDisplayName="Web Page" id="{007c799c-a87f-4471-b00b-bf7555a0f85d}" />
      </MissingDependency>
      <MissingDependency>
        <Required key="100" type="10" schemaName="adx_webpage_webfile" displayName="adx_webpage_webfile" parentSchemaName="adx_webfile" parentDisplayName="Web File" solution="AdxstudioPortalsDependencies (1.0.0031)" />
        <Dependent key="15" type="60" displayName="Information" parentDisplayName="Web Page" id="{007c799c-a87f-4471-b00b-bf7555a0f85d}" />
      </MissingDependency>
      <MissingDependency>
        <Required key="101" type="10" schemaName="adx_website_pagetemplate" displayName="adx_website_pagetemplate" parentSchemaName="adx_pagetemplate" parentDisplayName="Page Template" solution="AdxstudioPortalsDependencies (1.0.0031)" />
        <Dependent key="15" type="60" displayName="Information" parentDisplayName="Web Page" id="{007c799c-a87f-4471-b00b-bf7555a0f85d}" />
      </MissingDependency>
      <MissingDependency>
        <Required key="102" type="10" schemaName="adx_website_publishingstate" displayName="adx_website_publishingstate" parentSchemaName="adx_publishingstate" parentDisplayName="Publishing State" solution="AdxstudioPortals (7.0.0062)" />
        <Dependent key="15" type="60" displayName="Information" parentDisplayName="Web Page" id="{007c799c-a87f-4471-b00b-bf7555a0f85d}" />
      </MissingDependency>
      <MissingDependency>
        <Required key="103" type="10" schemaName="adx_webpage_webpageaccesscontrolrule" displayName="adx_webpage_webpageaccesscontrolrule" parentSchemaName="adx_webpageaccesscontrolrule" parentDisplayName="Web Page Access Control Rule" solution="AdxstudioPortals (7.0.0062)" />
        <Dependent key="15" type="60" displayName="Information" parentDisplayName="Web Page" id="{007c799c-a87f-4471-b00b-bf7555a0f85d}" />
      </MissingDependency>
      <MissingDependency>
        <Required key="104" type="1" schemaName="contact" displayName="Contact" solution="System" />
        <Dependent key="105" type="10" schemaName="adx_webformsession_contact" displayName="adx_webformsession_contact" parentSchemaName="adx_webformsession" parentDisplayName="Web Form Session" />
      </MissingDependency>
      <MissingDependency>
        <Required key="106" type="1" schemaName="quote" displayName="Quote" solution="System" />
        <Dependent key="107" type="10" schemaName="adx_webformsession_quote" displayName="adx_webformsession_quote" parentSchemaName="adx_webformsession" parentDisplayName="Web Form Session" />
      </MissingDependency>
      <MissingDependency>
        <Required key="108" type="1" schemaName="systemuser" displayName="User" solution="System" />
        <Dependent key="109" type="10" schemaName="adx_webformsession_systemuser" displayName="adx_webformsession_systemuser" parentSchemaName="adx_webformsession" parentDisplayName="Web Form Session" />
      </MissingDependency>
      <MissingDependency>
        <Required key="110" type="26" schemaName="Web File Lookup View" displayName="Web File Lookup View" parentSchemaName="adx_webfile" parentDisplayName="Web File" solution="AdxstudioPortalsDependencies (1.0.0031)" id="{284bcd7a-a506-4f40-a709-1a4384af1f02}" />
        <Dependent key="15" type="60" displayName="Information" parentDisplayName="Web Page" id="{007c799c-a87f-4471-b00b-bf7555a0f85d}" />
      </MissingDependency>
      <MissingDependency>
        <Required key="111" type="26" schemaName="Page Template Lookup View" displayName="Page Template Lookup View" parentSchemaName="adx_pagetemplate" parentDisplayName="Page Template" solution="AdxstudioPortalsDependencies (1.0.0031)" id="{a90e04f7-39cc-40f5-88d6-c4c756c1083c}" />
        <Dependent key="15" type="60" displayName="Information" parentDisplayName="Web Page" id="{007c799c-a87f-4471-b00b-bf7555a0f85d}" />
      </MissingDependency>
      <MissingDependency>
        <Required key="112" type="26" schemaName="User Lookup View" displayName="User Lookup View" parentSchemaName="systemuser" parentDisplayName="User" solution="System" id="{e88ca999-0b16-4ae9-b6a9-9edc840d42d8}" />
        <Dependent key="113" type="60" displayName="Information" parentDisplayName="Web Form Session" id="{a7d7d790-84ca-4247-9d72-9fe7a8683cf6}" />
      </MissingDependency>
      <MissingDependency>
        <Required key="114" type="26" schemaName="Active Web Files" displayName="Active Web Files" parentSchemaName="adx_webfile" parentDisplayName="Web File" solution="AdxstudioPortalsDependencies (1.0.0031)" id="{031f8184-11b6-44ee-8fad-3d968385580c}" />
        <Dependent key="15" type="60" displayName="Information" parentDisplayName="Web Page" id="{007c799c-a87f-4471-b00b-bf7555a0f85d}" />
      </MissingDependency>
      <MissingDependency>
        <Required key="115" type="26" schemaName="All Subjects" displayName="All Subjects" parentSchemaName="subject" parentDisplayName="Subject" solution="System" id="{796024e0-4525-4dfe-a23f-6b3b6000099d}" />
        <Dependent key="15" type="60" displayName="Information" parentDisplayName="Web Page" id="{007c799c-a87f-4471-b00b-bf7555a0f85d}" />
      </MissingDependency>
      <MissingDependency>
        <Required key="116" type="26" schemaName="Subject Lookup View" displayName="Subject Lookup View" parentSchemaName="subject" parentDisplayName="Subject" solution="System" id="{fa1a7ef7-53e4-40a6-97d2-5935adaf1277}" />
        <Dependent key="15" type="60" displayName="Information" parentDisplayName="Web Page" id="{007c799c-a87f-4471-b00b-bf7555a0f85d}" />
      </MissingDependency>
      <MissingDependency>
        <Required key="117" type="26" schemaName="Active Web Page Access Control Rules" displayName="Active Web Page Access Control Rules" parentSchemaName="adx_webpageaccesscontrolrule" parentDisplayName="Web Page Access Control Rule" solution="AdxstudioPortals (7.0.0062)" id="{6563c717-a829-4b71-94de-a27dc5a4aaf4}" />
        <Dependent key="15" type="60" displayName="Information" parentDisplayName="Web Page" id="{007c799c-a87f-4471-b00b-bf7555a0f85d}" />
      </MissingDependency>
      <MissingDependency>
        <Required key="118" type="26" schemaName="Quote Lookup View" displayName="Quote Lookup View" parentSchemaName="quote" parentDisplayName="Quote" solution="System" id="{30969771-f303-4b8e-ae91-1e4f5a7feefb}" />
        <Dependent key="113" type="60" displayName="Information" parentDisplayName="Web Form Session" id="{a7d7d790-84ca-4247-9d72-9fe7a8683cf6}" />
      </MissingDependency>
      <MissingDependency>
        <Required key="119" type="26" schemaName="Publishing State Lookup View" displayName="Publishing State Lookup View" parentSchemaName="adx_publishingstate" parentDisplayName="Publishing State" solution="AdxstudioPortals (7.0.0062)" id="{c0fc9644-2a90-43cb-93ba-7e06dd4b9641}" />
        <Dependent key="15" type="60" displayName="Information" parentDisplayName="Web Page" id="{007c799c-a87f-4471-b00b-bf7555a0f85d}" />
      </MissingDependency>
      <MissingDependency>
        <Required key="120" type="26" schemaName="Contacts Lookup View" displayName="Contacts Lookup View" parentSchemaName="contact" parentDisplayName="Contact" solution="System" id="{a2d479c5-53e3-4c69-addd-802327e67a0d}" />
        <Dependent key="113" type="60" displayName="Information" parentDisplayName="Web Form Session" id="{a7d7d790-84ca-4247-9d72-9fe7a8683cf6}" />
      </MissingDependency>
      <MissingDependency>
        <Required key="120" type="26" schemaName="Contacts Lookup View" displayName="Contacts Lookup View" parentSchemaName="contact" parentDisplayName="Contact" solution="System" id="{a2d479c5-53e3-4c69-addd-802327e67a0d}" />
        <Dependent key="15" type="60" displayName="Information" parentDisplayName="Web Page" id="{007c799c-a87f-4471-b00b-bf7555a0f85d}" />
      </MissingDependency>
      <MissingDependency>
        <Required key="121" type="26" schemaName="Inactive WebPages" displayName="Inactive WebPages" parentSchemaName="adx_webpage" parentDisplayName="Web Page" solution="AdxstudioPortalsDependencies (1.0.0031)" id="{aab2f4bb-7813-46b2-9891-4c050325962b}" />
        <Dependent key="15" type="60" displayName="Information" parentDisplayName="Web Page" id="{007c799c-a87f-4471-b00b-bf7555a0f85d}" />
      </MissingDependency>
      <MissingDependency>
        <Required key="122" type="26" schemaName="Root Web Pages" displayName="Root Web Pages" parentSchemaName="adx_webpage" parentDisplayName="Web Page" solution="AdxstudioPortalsDependencies (1.0.0031)" id="{de9079ab-17e2-df11-8658-00155d036405}" />
        <Dependent key="15" type="60" displayName="Information" parentDisplayName="Web Page" id="{007c799c-a87f-4471-b00b-bf7555a0f85d}" />
      </MissingDependency>
      <MissingDependency>
        <Required key="123" type="26" schemaName="Event Management Web Pages" displayName="Event Management Web Pages" parentSchemaName="adx_webpage" parentDisplayName="Web Page" solution="AdxstudioPortalsDependencies (1.0.0031)" id="{d0f45133-c02a-df11-ac48-00155d035a12}" />
        <Dependent key="15" type="60" displayName="Information" parentDisplayName="Web Page" id="{007c799c-a87f-4471-b00b-bf7555a0f85d}" />
      </MissingDependency>
      <MissingDependency>
        <Required key="124" type="26" schemaName="Active WebPages" displayName="Active WebPages" parentSchemaName="adx_webpage" parentDisplayName="Web Page" solution="AdxstudioPortalsDependencies (1.0.0031)" id="{ebc6fc95-4c19-44e0-8ba5-cb188ddf8a14}" />
        <Dependent key="125" type="60" displayName="Information" parentDisplayName="Entity List" id="{9be1dc51-076b-4c69-9a19-374f9faa05b0}" />
      </MissingDependency>
      <MissingDependency>
        <Required key="124" type="26" schemaName="Active WebPages" displayName="Active WebPages" parentSchemaName="adx_webpage" parentDisplayName="Web Page" solution="AdxstudioPortalsDependencies (1.0.0031)" id="{ebc6fc95-4c19-44e0-8ba5-cb188ddf8a14}" />
        <Dependent key="15" type="60" displayName="Information" parentDisplayName="Web Page" id="{007c799c-a87f-4471-b00b-bf7555a0f85d}" />
      </MissingDependency>
      <MissingDependency>
        <Required key="124" type="26" schemaName="Active WebPages" displayName="Active WebPages" parentSchemaName="adx_webpage" parentDisplayName="Web Page" solution="AdxstudioPortalsDependencies (1.0.0031)" id="{ebc6fc95-4c19-44e0-8ba5-cb188ddf8a14}" />
        <Dependent key="126" type="60" displayName="Information" parentDisplayName="Web Form" id="{ed26206d-9745-4706-9f11-b3448deb51bd}" />
      </MissingDependency>
      <MissingDependency>
        <Required key="127" type="26" schemaName="Web Page Lookup View" displayName="Web Page Lookup View" parentSchemaName="adx_webpage" parentDisplayName="Web Page" solution="AdxstudioPortalsDependencies (1.0.0031)" id="{d40f1c4b-2b80-4d7d-8ed1-d5817562ab54}" />
        <Dependent key="128" type="60" displayName="Information" parentDisplayName="Entity Form" id="{2b970b06-8b9e-40fd-bedb-1cc99a09a258}" />
      </MissingDependency>
      <MissingDependency>
        <Required key="127" type="26" schemaName="Web Page Lookup View" displayName="Web Page Lookup View" parentSchemaName="adx_webpage" parentDisplayName="Web Page" solution="AdxstudioPortalsDependencies (1.0.0031)" id="{d40f1c4b-2b80-4d7d-8ed1-d5817562ab54}" />
        <Dependent key="15" type="60" displayName="Information" parentDisplayName="Web Page" id="{007c799c-a87f-4471-b00b-bf7555a0f85d}" />
      </MissingDependency>
      <MissingDependency>
        <Required key="127" type="26" schemaName="Web Page Lookup View" displayName="Web Page Lookup View" parentSchemaName="adx_webpage" parentDisplayName="Web Page" solution="AdxstudioPortalsDependencies (1.0.0031)" id="{d40f1c4b-2b80-4d7d-8ed1-d5817562ab54}" />
        <Dependent key="129" type="60" displayName="Information" parentDisplayName="Web Form Step" id="{85ccf31c-db3f-47fb-8c7a-56938671d99e}" />
      </MissingDependency>
      <MissingDependency>
        <Required key="15" type="60" displayName="Information" parentDisplayName="Web Page" solution="AdxstudioPortalsDependencies (1.0.0031)" id="{007c799c-a87f-4471-b00b-bf7555a0f85d}" />
        <Dependent key="15" type="60" displayName="Information" parentDisplayName="Web Page" id="{007c799c-a87f-4471-b00b-bf7555a0f85d}" />
      </MissingDependency>
      <MissingDependency>
        <Required key="130" type="61" schemaName="adx_entity_view_selector.htm" displayName="adx_entity_view_selector.htm" solution="AdxstudioPortals (7.0.0062)" />
        <Dependent key="125" type="60" displayName="Information" parentDisplayName="Entity List" id="{9be1dc51-076b-4c69-9a19-374f9faa05b0}" />
      </MissingDependency>
      <MissingDependency>
        <Required key="131" type="61" schemaName="adx_ace/ace_js.html" displayName="adx_ace/ace_js.html" solution="AdxstudioPortals (7.0.0062)" />
        <Dependent key="125" type="60" displayName="Information" parentDisplayName="Entity List" id="{9be1dc51-076b-4c69-9a19-374f9faa05b0}" />
      </MissingDependency>
      <MissingDependency>
        <Required key="131" type="61" schemaName="adx_ace/ace_js.html" displayName="adx_ace/ace_js.html" solution="AdxstudioPortals (7.0.0062)" />
        <Dependent key="129" type="60" displayName="Information" parentDisplayName="Web Form Step" id="{85ccf31c-db3f-47fb-8c7a-56938671d99e}" />
      </MissingDependency>
      <MissingDependency>
        <Required key="131" type="61" schemaName="adx_ace/ace_js.html" displayName="adx_ace/ace_js.html" solution="AdxstudioPortals (7.0.0062)" />
        <Dependent key="128" type="60" displayName="Information" parentDisplayName="Entity Form" id="{2b970b06-8b9e-40fd-bedb-1cc99a09a258}" />
      </MissingDependency>
      <MissingDependency>
        <Required key="131" type="61" schemaName="adx_ace/ace_js.html" displayName="adx_ace/ace_js.html" solution="AdxstudioPortals (7.0.0062)" />
        <Dependent key="15" type="60" displayName="Information" parentDisplayName="Web Page" id="{007c799c-a87f-4471-b00b-bf7555a0f85d}" />
      </MissingDependency>
      <MissingDependency>
        <Required key="132" type="61" schemaName="adx_ace/ace_css.html" displayName="adx_ace/ace_css.html" solution="AdxstudioPortals (7.0.0062)" />
        <Dependent key="15" type="60" displayName="Information" parentDisplayName="Web Page" id="{007c799c-a87f-4471-b00b-bf7555a0f85d}" />
      </MissingDependency>
      <MissingDependency>
        <Required key="133" type="61" schemaName="msa_adx_webpage_medium" displayName="msa_adx_webpage_medium" solution="AdxstudioPortalsDependencies (1.0.0031)" />
        <Dependent key="0" type="1" schemaName="adx_webpage" displayName="Web Page" />
      </MissingDependency>
      <MissingDependency>
        <Required key="134" type="61" schemaName="Icon_Adx_webfile_Small" displayName="Icon_Adx_webfile_Small" solution="AdxstudioPortalsDependencies (1.0.0031)" />
        <Dependent key="0" type="1" schemaName="adx_webpage" displayName="Web Page" />
      </MissingDependency>
      <MissingDependency>
        <Required key="135" type="61" schemaName="adx_entity_form_tab_selector.htm" displayName="adx_entity_form_tab_selector.htm" solution="AdxstudioPortals (7.0.0062)" />
        <Dependent key="129" type="60" displayName="Information" parentDisplayName="Web Form Step" id="{85ccf31c-db3f-47fb-8c7a-56938671d99e}" />
      </MissingDependency>
      <MissingDependency>
        <Required key="135" type="61" schemaName="adx_entity_form_tab_selector.htm" displayName="adx_entity_form_tab_selector.htm" solution="AdxstudioPortals (7.0.0062)" />
        <Dependent key="128" type="60" displayName="Information" parentDisplayName="Entity Form" id="{2b970b06-8b9e-40fd-bedb-1cc99a09a258}" />
      </MissingDependency>
      <MissingDependency>
        <Required key="136" type="61" schemaName="adx_icon_nav_cms_small" displayName="adx_icon_nav_cms_small" solution="AdxstudioPortals (7.0.0062)" />
        <Dependent key="2" type="62" id="{17a3a638-e33c-e311-93f9-00155d03a503}" />
      </MissingDependency>
      <MissingDependency>
        <Required key="137" type="61" schemaName="adx_entity_selector.htm" displayName="adx_entity_selector.htm" solution="AdxstudioPortals (7.0.0062)" />
        <Dependent key="129" type="60" displayName="Information" parentDisplayName="Web Form Step" id="{85ccf31c-db3f-47fb-8c7a-56938671d99e}" />
      </MissingDependency>
      <MissingDependency>
        <Required key="137" type="61" schemaName="adx_entity_selector.htm" displayName="adx_entity_selector.htm" solution="AdxstudioPortals (7.0.0062)" />
        <Dependent key="125" type="60" displayName="Information" parentDisplayName="Entity List" id="{9be1dc51-076b-4c69-9a19-374f9faa05b0}" />
      </MissingDependency>
      <MissingDependency>
        <Required key="137" type="61" schemaName="adx_entity_selector.htm" displayName="adx_entity_selector.htm" solution="AdxstudioPortals (7.0.0062)" />
        <Dependent key="128" type="60" displayName="Information" parentDisplayName="Entity Form" id="{2b970b06-8b9e-40fd-bedb-1cc99a09a258}" />
      </MissingDependency>
      <MissingDependency>
        <Required key="138" type="61" schemaName="adx_entity_form_selector.htm" displayName="adx_entity_form_selector.htm" solution="AdxstudioPortals (7.0.0062)" />
        <Dependent key="129" type="60" displayName="Information" parentDisplayName="Web Form Step" id="{85ccf31c-db3f-47fb-8c7a-56938671d99e}" />
      </MissingDependency>
      <MissingDependency>
        <Required key="138" type="61" schemaName="adx_entity_form_selector.htm" displayName="adx_entity_form_selector.htm" solution="AdxstudioPortals (7.0.0062)" />
        <Dependent key="128" type="60" displayName="Information" parentDisplayName="Entity Form" id="{2b970b06-8b9e-40fd-bedb-1cc99a09a258}" />
      </MissingDependency>
      <MissingDependency>
        <Required key="139" type="61" schemaName="adx_entity_relationship_selector.htm" displayName="adx_entity_relationship_selector.htm" solution="AdxstudioPortals (7.0.0062)" />
        <Dependent key="128" type="60" displayName="Information" parentDisplayName="Entity Form" id="{2b970b06-8b9e-40fd-bedb-1cc99a09a258}" />
      </MissingDependency>
      <MissingDependency>
        <Required key="140" type="61" schemaName="adx_jsoneditor/adx.jsoneditor.html" displayName="adx_jsoneditor/adx.jsoneditor.html" solution="AdxstudioPortals (7.0.0062)" />
        <Dependent key="125" type="60" displayName="Information" parentDisplayName="Entity List" id="{9be1dc51-076b-4c69-9a19-374f9faa05b0}" />
      </MissingDependency>
      <MissingDependency>
        <Required key="140" type="61" schemaName="adx_jsoneditor/adx.jsoneditor.html" displayName="adx_jsoneditor/adx.jsoneditor.html" solution="AdxstudioPortals (7.0.0062)" />
        <Dependent key="129" type="60" displayName="Information" parentDisplayName="Web Form Step" id="{85ccf31c-db3f-47fb-8c7a-56938671d99e}" />
      </MissingDependency>
      <MissingDependency>
        <Required key="140" type="61" schemaName="adx_jsoneditor/adx.jsoneditor.html" displayName="adx_jsoneditor/adx.jsoneditor.html" solution="AdxstudioPortals (7.0.0062)" />
        <Dependent key="128" type="60" displayName="Information" parentDisplayName="Entity Form" id="{2b970b06-8b9e-40fd-bedb-1cc99a09a258}" />
      </MissingDependency>
      <MissingDependency>
        <Required key="140" type="61" schemaName="adx_jsoneditor/adx.jsoneditor.html" displayName="adx_jsoneditor/adx.jsoneditor.html" solution="AdxstudioPortals (7.0.0062)" />
        <Dependent key="141" type="60" displayName="Information" parentDisplayName="Web Form Metadata" id="{d1e40190-ccb6-49d5-866e-5a493206cdc5}" />
      </MissingDependency>
      <MissingDependency>
        <Required key="140" type="61" schemaName="adx_jsoneditor/adx.jsoneditor.html" displayName="adx_jsoneditor/adx.jsoneditor.html" solution="AdxstudioPortals (7.0.0062)" />
        <Dependent key="142" type="60" displayName="Information" parentDisplayName="Entity Form Metadata" id="{f9e44486-155b-4e29-b787-927b41d5cde9}" />
      </MissingDependency>
      <MissingDependency>
        <Required key="143" type="61" schemaName="adx_adx.js" displayName="adx_adx.js" solution="AdxstudioPortals (7.0.0062)" />
        <Dependent key="125" type="60" displayName="Information" parentDisplayName="Entity List" id="{9be1dc51-076b-4c69-9a19-374f9faa05b0}" />
      </MissingDependency>
      <MissingDependency>
        <Required key="144" type="61" schemaName="adx_localizeStrings.html" displayName="adx_localizeStrings.html" solution="AdxstudioPortals (7.0.0062)" />
        <Dependent key="142" type="60" displayName="Information" parentDisplayName="Entity Form Metadata" id="{f9e44486-155b-4e29-b787-927b41d5cde9}" />
      </MissingDependency>
      <MissingDependency>
        <Required key="144" type="61" schemaName="adx_localizeStrings.html" displayName="adx_localizeStrings.html" solution="AdxstudioPortals (7.0.0062)" />
        <Dependent key="126" type="60" displayName="Information" parentDisplayName="Web Form" id="{ed26206d-9745-4706-9f11-b3448deb51bd}" />
      </MissingDependency>
      <MissingDependency>
        <Required key="144" type="61" schemaName="adx_localizeStrings.html" displayName="adx_localizeStrings.html" solution="AdxstudioPortals (7.0.0062)" />
        <Dependent key="129" type="60" displayName="Information" parentDisplayName="Web Form Step" id="{85ccf31c-db3f-47fb-8c7a-56938671d99e}" />
      </MissingDependency>
      <MissingDependency>
        <Required key="144" type="61" schemaName="adx_localizeStrings.html" displayName="adx_localizeStrings.html" solution="AdxstudioPortals (7.0.0062)" />
        <Dependent key="125" type="60" displayName="Information" parentDisplayName="Entity List" id="{9be1dc51-076b-4c69-9a19-374f9faa05b0}" />
      </MissingDependency>
      <MissingDependency>
        <Required key="144" type="61" schemaName="adx_localizeStrings.html" displayName="adx_localizeStrings.html" solution="AdxstudioPortals (7.0.0062)" />
        <Dependent key="141" type="60" displayName="Information" parentDisplayName="Web Form Metadata" id="{d1e40190-ccb6-49d5-866e-5a493206cdc5}" />
      </MissingDependency>
      <MissingDependency>
        <Required key="144" type="61" schemaName="adx_localizeStrings.html" displayName="adx_localizeStrings.html" solution="AdxstudioPortals (7.0.0062)" />
        <Dependent key="128" type="60" displayName="Information" parentDisplayName="Entity Form" id="{2b970b06-8b9e-40fd-bedb-1cc99a09a258}" />
      </MissingDependency>
      <MissingDependency>
        <Required key="145" type="61" schemaName="adx_entity_attribute_selector.htm" displayName="adx_entity_attribute_selector.htm" solution="AdxstudioPortals (7.0.0062)" />
        <Dependent key="142" type="60" displayName="Information" parentDisplayName="Entity Form Metadata" id="{f9e44486-155b-4e29-b787-927b41d5cde9}" />
      </MissingDependency>
      <MissingDependency>
        <Required key="145" type="61" schemaName="adx_entity_attribute_selector.htm" displayName="adx_entity_attribute_selector.htm" solution="AdxstudioPortals (7.0.0062)" />
        <Dependent key="129" type="60" displayName="Information" parentDisplayName="Web Form Step" id="{85ccf31c-db3f-47fb-8c7a-56938671d99e}" />
      </MissingDependency>
      <MissingDependency>
        <Required key="145" type="61" schemaName="adx_entity_attribute_selector.htm" displayName="adx_entity_attribute_selector.htm" solution="AdxstudioPortals (7.0.0062)" />
        <Dependent key="125" type="60" displayName="Information" parentDisplayName="Entity List" id="{9be1dc51-076b-4c69-9a19-374f9faa05b0}" />
      </MissingDependency>
      <MissingDependency>
        <Required key="145" type="61" schemaName="adx_entity_attribute_selector.htm" displayName="adx_entity_attribute_selector.htm" solution="AdxstudioPortals (7.0.0062)" />
        <Dependent key="128" type="60" displayName="Information" parentDisplayName="Entity Form" id="{2b970b06-8b9e-40fd-bedb-1cc99a09a258}" />
      </MissingDependency>
      <MissingDependency>
        <Required key="145" type="61" schemaName="adx_entity_attribute_selector.htm" displayName="adx_entity_attribute_selector.htm" solution="AdxstudioPortals (7.0.0062)" />
        <Dependent key="141" type="60" displayName="Information" parentDisplayName="Web Form Metadata" id="{d1e40190-ccb6-49d5-866e-5a493206cdc5}" />
      </MissingDependency>
      <MissingDependency>
        <Required key="146" type="61" schemaName="adx_/tinymce/tinymce.html" displayName="adx_/tinymce/tinymce.html" solution="AdxstudioPortals (7.0.0062)" />
        <Dependent key="15" type="60" displayName="Information" parentDisplayName="Web Page" id="{007c799c-a87f-4471-b00b-bf7555a0f85d}" />
      </MissingDependency>
    </MissingDependencies>
  </SolutionManifest>
</ImportExportXml>