﻿<?xml version="1.0" encoding="utf-8"?>
<ImportExportXml version="6.1.0000.0581" SolutionPackageVersion="6.0" languagecode="1033" generatedBy="OnPremise" xmlns:xsi="http://www.w3.org/2001/XMLSchema-instance">
  <SolutionManifest>
    <UniqueName>AdxstudioPartnerPipelineWorkflows</UniqueName>
    <LocalizedNames>
      <LocalizedName description="Adxstudio Partner Pipeline Workflows" languagecode="1033" />
    </LocalizedNames>
    <Descriptions>
      <Description description="Workflow processes utilized by Adxstudio Partner Pipeline." languagecode="1033" />
    </Descriptions>
    <Version>7.0.0005</Version>
    <Managed>1</Managed>
    <Publisher>
      <UniqueName>adxstudio</UniqueName>
      <LocalizedNames>
        <LocalizedName description="Adxstudio Inc." languagecode="1033" />
      </LocalizedNames>
      <Descriptions>
        <Description description="Adxstudio brings qualified expertise in web portal and CMS frameworks to Microsoft Dynamics CRM with xRM Portals (CfMD), an integrated bundle of web portal accelerators which add sophisticated content management, event coordination, membership, profile and self-service capabilities to Dynamics CRM." languagecode="1033" />
      </Descriptions>
      <EMailAddress>support@adxstudio.com</EMailAddress>
      <SupportingWebsiteUrl>http://www.adxstudio.com</SupportingWebsiteUrl>
      <CustomizationPrefix>adx</CustomizationPrefix>
      <CustomizationOptionValuePrefix>75615</CustomizationOptionValuePrefix>
      <Addresses>
        <Address>
          <AddressNumber>1</AddressNumber>
          <AddressTypeCode>1</AddressTypeCode>
          <City xsi:nil="true"></City>
          <County xsi:nil="true"></County>
          <Country xsi:nil="true"></Country>
          <Fax xsi:nil="true"></Fax>
          <FreightTermsCode xsi:nil="true"></FreightTermsCode>
          <ImportSequenceNumber xsi:nil="true"></ImportSequenceNumber>
          <Latitude xsi:nil="true"></Latitude>
          <Line1 xsi:nil="true"></Line1>
          <Line2 xsi:nil="true"></Line2>
          <Line3 xsi:nil="true"></Line3>
          <Longitude xsi:nil="true"></Longitude>
          <Name xsi:nil="true"></Name>
          <PostalCode xsi:nil="true"></PostalCode>
          <PostOfficeBox xsi:nil="true"></PostOfficeBox>
          <PrimaryContactName xsi:nil="true"></PrimaryContactName>
          <ShippingMethodCode>1</ShippingMethodCode>
          <StateOrProvince xsi:nil="true"></StateOrProvince>
          <Telephone1 xsi:nil="true"></Telephone1>
          <Telephone2 xsi:nil="true"></Telephone2>
          <Telephone3 xsi:nil="true"></Telephone3>
          <TimeZoneRuleVersionNumber xsi:nil="true"></TimeZoneRuleVersionNumber>
          <UPSZone xsi:nil="true"></UPSZone>
          <UTCOffset xsi:nil="true"></UTCOffset>
          <UTCConversionTimeZoneCode xsi:nil="true"></UTCConversionTimeZoneCode>
        </Address>
        <Address>
          <AddressNumber>2</AddressNumber>
          <AddressTypeCode>1</AddressTypeCode>
          <City xsi:nil="true"></City>
          <County xsi:nil="true"></County>
          <Country xsi:nil="true"></Country>
          <Fax xsi:nil="true"></Fax>
          <FreightTermsCode xsi:nil="true"></FreightTermsCode>
          <ImportSequenceNumber xsi:nil="true"></ImportSequenceNumber>
          <Latitude xsi:nil="true"></Latitude>
          <Line1 xsi:nil="true"></Line1>
          <Line2 xsi:nil="true"></Line2>
          <Line3 xsi:nil="true"></Line3>
          <Longitude xsi:nil="true"></Longitude>
          <Name xsi:nil="true"></Name>
          <PostalCode xsi:nil="true"></PostalCode>
          <PostOfficeBox xsi:nil="true"></PostOfficeBox>
          <PrimaryContactName xsi:nil="true"></PrimaryContactName>
          <ShippingMethodCode>1</ShippingMethodCode>
          <StateOrProvince xsi:nil="true"></StateOrProvince>
          <Telephone1 xsi:nil="true"></Telephone1>
          <Telephone2 xsi:nil="true"></Telephone2>
          <Telephone3 xsi:nil="true"></Telephone3>
          <TimeZoneRuleVersionNumber xsi:nil="true"></TimeZoneRuleVersionNumber>
          <UPSZone xsi:nil="true"></UPSZone>
          <UTCOffset xsi:nil="true"></UTCOffset>
          <UTCConversionTimeZoneCode xsi:nil="true"></UTCConversionTimeZoneCode>
        </Address>
      </Addresses>
    </Publisher>
    <RootComponents>
      <RootComponent type="29" id="{02588535-6efb-4eb1-a1ac-b6f506f78690}" />
      <RootComponent type="29" id="{4410c57a-1070-4dfc-a619-dd713c492856}" />
      <RootComponent type="29" id="{78065380-0909-4f3a-bd68-9e539f9487f2}" />
      <RootComponent type="29" id="{ef659f32-f7d9-477e-ac4b-5f7505d570cd}" />
    </RootComponents>
    <MissingDependencies>
      <MissingDependency>
        <Required key="0" type="1" schemaName="adx_triggerdistributionworkflowaction" displayName="Trigger Distribution Workflow Action" solution="Active" />
        <Dependent key="1" type="29" displayName="Trigger Opportunity Distribution" id="{4410c57a-1070-4dfc-a619-dd713c492856}" />
      </MissingDependency>
      <MissingDependency>
        <Required key="2" type="1" schemaName="adx_calculatepartnercapacityworkflowaction" displayName="Calculate Partner Capacity Workflow Action" solution="Active" />
        <Dependent key="3" type="29" displayName="Calculate Partner Capacity Workflow" id="{78065380-0909-4f3a-bd68-9e539f9487f2}" />
      </MissingDependency>
      <MissingDependency>
        <Required key="4" type="1" schemaName="adx_triggerexpirationofleadsworkflowaction" displayName="Trigger Expiration of Leads Workflow Action" solution="Active" />
        <Dependent key="5" type="29" displayName="Trigger Expiration of Opportunities" id="{ef659f32-f7d9-477e-ac4b-5f7505d570cd}" />
      </MissingDependency>
      <MissingDependency>
        <Required key="6" type="2" schemaName="adx_referencecode" displayName="Reference Code" parentSchemaName="opportunity" parentDisplayName="Opportunity" solution="Active" />
        <Dependent key="7" type="29" displayName="Create reference Code for opportunity" id="{02588535-6efb-4eb1-a1ac-b6f506f78690}" />
      </MissingDependency>
      <MissingDependency>
        <Required key="8" type="2" schemaName="adx_triggerdistributionworkflowactionid" displayName="Trigger Distribution Workflow Action" parentSchemaName="adx_triggerdistributionworkflowaction" parentDisplayName="Trigger Distribution Workflow Action" solution="Active" />
        <Dependent key="1" type="29" displayName="Trigger Opportunity Distribution" id="{4410c57a-1070-4dfc-a619-dd713c492856}" />
      </MissingDependency>
      <MissingDependency>
        <Required key="9" type="2" schemaName="adx_name" displayName="Name" parentSchemaName="adx_triggerdistributionworkflowaction" parentDisplayName="Trigger Distribution Workflow Action" solution="Active" />
        <Dependent key="1" type="29" displayName="Trigger Opportunity Distribution" id="{4410c57a-1070-4dfc-a619-dd713c492856}" />
      </MissingDependency>
      <MissingDependency>
        <Required key="10" type="2" schemaName="adx_name" displayName="Name" parentSchemaName="adx_triggerexpirationofleadsworkflowaction" parentDisplayName="Trigger Expiration of Leads Workflow Action" solution="Active" />
        <Dependent key="5" type="29" displayName="Trigger Expiration of Opportunities" id="{ef659f32-f7d9-477e-ac4b-5f7505d570cd}" />
      </MissingDependency>
      <MissingDependency>
        <Required key="11" type="2" schemaName="adx_triggerexpirationofleadsworkflowactionid" displayName="Trigger Expiration of Leads Workflow Action" parentSchemaName="adx_triggerexpirationofleadsworkflowaction" parentDisplayName="Trigger Expiration of Leads Workflow Action" solution="Active" />
        <Dependent key="5" type="29" displayName="Trigger Expiration of Opportunities" id="{ef659f32-f7d9-477e-ac4b-5f7505d570cd}" />
      </MissingDependency>
      <MissingDependency>
        <Required key="12" type="2" schemaName="adx_calculatepartnercapacityworkflowactionid" displayName="Calculate Partner Capacity Workflow Action" parentSchemaName="adx_calculatepartnercapacityworkflowaction" parentDisplayName="Calculate Partner Capacity Workflow Action" solution="Active" />
        <Dependent key="3" type="29" displayName="Calculate Partner Capacity Workflow" id="{78065380-0909-4f3a-bd68-9e539f9487f2}" />
      </MissingDependency>
      <MissingDependency>
        <Required key="13" type="2" schemaName="adx_accountid" displayName="Account" parentSchemaName="adx_calculatepartnercapacityworkflowaction" parentDisplayName="Calculate Partner Capacity Workflow Action" solution="Active" />
        <Dependent key="3" type="29" displayName="Calculate Partner Capacity Workflow" id="{78065380-0909-4f3a-bd68-9e539f9487f2}" />
      </MissingDependency>
      <MissingDependency>
        <Required key="14" type="2" schemaName="adx_name" displayName="Name" parentSchemaName="adx_calculatepartnercapacityworkflowaction" parentDisplayName="Calculate Partner Capacity Workflow Action" solution="Active" />
        <Dependent key="3" type="29" displayName="Calculate Partner Capacity Workflow" id="{78065380-0909-4f3a-bd68-9e539f9487f2}" />
      </MissingDependency>
    </MissingDependencies>
  </SolutionManifest>
</ImportExportXml>