﻿<?xml version="1.0" encoding="utf-8"?>
<ImportExportXml version="6.1.0002.0112" SolutionPackageVersion="6.0" languagecode="1033" generatedBy="OnPremise" xmlns:xsi="http://www.w3.org/2001/XMLSchema-instance">
  <SolutionManifest>
    <UniqueName>AdxstudioRetailDonationRequests</UniqueName>
    <LocalizedNames>
      <LocalizedName description="Adxstudio Retail Donation Requests" languagecode="1033" />
    </LocalizedNames>
    <Descriptions>
      <Description description="Extends Adxstudio Portals with donation requests." languagecode="1033" />
    </Descriptions>
    <Version>7.0.0008</Version>
    <Managed>1</Managed>
    <Publisher>
      <UniqueName>adxstudio</UniqueName>
      <LocalizedNames>
        <LocalizedName description="Adxstudio Inc." languagecode="1033" />
      </LocalizedNames>
      <Descriptions>
        <Description description="Adxstudio brings qualified expertise in web portal and CMS frameworks to Microsoft Dynamics CRM with xRM Portals (CfMD), an integrated bundle of web portal accelerators which add sophisticated content management, event coordination, membership, profile and self-service capabilities to Dynamics CRM." languagecode="1033" />
      </Descriptions>
      <EMailAddress>support@adxstudio.com</EMailAddress>
      <SupportingWebsiteUrl>http://www.adxstudio.com</SupportingWebsiteUrl>
      <CustomizationPrefix>adx</CustomizationPrefix>
      <CustomizationOptionValuePrefix>75615</CustomizationOptionValuePrefix>
      <Addresses>
        <Address>
          <AddressNumber>1</AddressNumber>
          <AddressTypeCode>1</AddressTypeCode>
          <City xsi:nil="true"></City>
          <County xsi:nil="true"></County>
          <Country xsi:nil="true"></Country>
          <Fax xsi:nil="true"></Fax>
          <FreightTermsCode xsi:nil="true"></FreightTermsCode>
          <ImportSequenceNumber xsi:nil="true"></ImportSequenceNumber>
          <Latitude xsi:nil="true"></Latitude>
          <Line1 xsi:nil="true"></Line1>
          <Line2 xsi:nil="true"></Line2>
          <Line3 xsi:nil="true"></Line3>
          <Longitude xsi:nil="true"></Longitude>
          <Name xsi:nil="true"></Name>
          <PostalCode xsi:nil="true"></PostalCode>
          <PostOfficeBox xsi:nil="true"></PostOfficeBox>
          <PrimaryContactName xsi:nil="true"></PrimaryContactName>
          <ShippingMethodCode>1</ShippingMethodCode>
          <StateOrProvince xsi:nil="true"></StateOrProvince>
          <Telephone1 xsi:nil="true"></Telephone1>
          <Telephone2 xsi:nil="true"></Telephone2>
          <Telephone3 xsi:nil="true"></Telephone3>
          <TimeZoneRuleVersionNumber xsi:nil="true"></TimeZoneRuleVersionNumber>
          <UPSZone xsi:nil="true"></UPSZone>
          <UTCOffset xsi:nil="true"></UTCOffset>
          <UTCConversionTimeZoneCode xsi:nil="true"></UTCConversionTimeZoneCode>
        </Address>
        <Address>
          <AddressNumber>2</AddressNumber>
          <AddressTypeCode>1</AddressTypeCode>
          <City xsi:nil="true"></City>
          <County xsi:nil="true"></County>
          <Country xsi:nil="true"></Country>
          <Fax xsi:nil="true"></Fax>
          <FreightTermsCode xsi:nil="true"></FreightTermsCode>
          <ImportSequenceNumber xsi:nil="true"></ImportSequenceNumber>
          <Latitude xsi:nil="true"></Latitude>
          <Line1 xsi:nil="true"></Line1>
          <Line2 xsi:nil="true"></Line2>
          <Line3 xsi:nil="true"></Line3>
          <Longitude xsi:nil="true"></Longitude>
          <Name xsi:nil="true"></Name>
          <PostalCode xsi:nil="true"></PostalCode>
          <PostOfficeBox xsi:nil="true"></PostOfficeBox>
          <PrimaryContactName xsi:nil="true"></PrimaryContactName>
          <ShippingMethodCode>1</ShippingMethodCode>
          <StateOrProvince xsi:nil="true"></StateOrProvince>
          <Telephone1 xsi:nil="true"></Telephone1>
          <Telephone2 xsi:nil="true"></Telephone2>
          <Telephone3 xsi:nil="true"></Telephone3>
          <TimeZoneRuleVersionNumber xsi:nil="true"></TimeZoneRuleVersionNumber>
          <UPSZone xsi:nil="true"></UPSZone>
          <UTCOffset xsi:nil="true"></UTCOffset>
          <UTCConversionTimeZoneCode xsi:nil="true"></UTCConversionTimeZoneCode>
        </Address>
      </Addresses>
    </Publisher>
    <RootComponents>
      <RootComponent type="1" schemaName="account" />
      <RootComponent type="1" schemaName="adx_donationrequest" />
      <RootComponent type="61" schemaName="adx_donationrequest_icon_16x16.png" />
      <RootComponent type="61" schemaName="adx_donationrequest_icon_32x32.png" />
      <RootComponent type="62" />
    </RootComponents>
    <MissingDependencies>
      <MissingDependency>
        <Required key="0" type="1" schemaName="adx_pagetemplate" displayName="Page Template" solution="AdxstudioPortalsDependencies (1.0.0031)" />
        <Dependent key="1" type="62" id="{17a3a638-e33c-e311-93f9-00155d03a503}" />
      </MissingDependency>
      <MissingDependency>
        <Required key="2" type="1" schemaName="adx_shortcut" displayName="Shortcut" solution="AdxstudioPortals (7.0.0060)" />
        <Dependent key="1" type="62" id="{17a3a638-e33c-e311-93f9-00155d03a503}" />
      </MissingDependency>
      <MissingDependency>
        <Required key="3" type="1" schemaName="adx_sitemarker" displayName="Site Marker" solution="AdxstudioPortalsDependencies (1.0.0031)" />
        <Dependent key="1" type="62" id="{17a3a638-e33c-e311-93f9-00155d03a503}" />
      </MissingDependency>
      <MissingDependency>
        <Required key="4" type="1" schemaName="adx_caseaccess" displayName="Case Access" solution="AdxstudioPortalsDependencies (1.0.0031)" />
        <Dependent key="1" type="62" id="{17a3a638-e33c-e311-93f9-00155d03a503}" />
      </MissingDependency>
      <MissingDependency>
        <Required key="5" type="1" schemaName="adx_adplacement" displayName="Ad Placement" solution="AdxstudioPortals (7.0.0060)" />
        <Dependent key="1" type="62" id="{17a3a638-e33c-e311-93f9-00155d03a503}" />
      </MissingDependency>
      <MissingDependency>
        <Required key="6" type="1" schemaName="adx_sitesetting" displayName="Site Setting" solution="AdxstudioPortalsDependencies (1.0.0031)" />
        <Dependent key="1" type="62" id="{17a3a638-e33c-e311-93f9-00155d03a503}" />
      </MissingDependency>
      <MissingDependency>
        <Required key="7" type="1" schemaName="adx_webpage" displayName="Web Page" solution="AdxstudioPortalsDependencies (1.0.0031)" />
        <Dependent key="1" type="62" id="{17a3a638-e33c-e311-93f9-00155d03a503}" />
      </MissingDependency>
      <MissingDependency>
        <Required key="8" type="1" schemaName="adx_redirect" displayName="Redirect" solution="AdxstudioPortals (7.0.0060)" />
        <Dependent key="1" type="62" id="{17a3a638-e33c-e311-93f9-00155d03a503}" />
      </MissingDependency>
      <MissingDependency>
        <Required key="9" type="1" schemaName="adx_publishingstatetransitionrule" displayName="Publishing State Transition Rule" solution="AdxstudioPortals (7.0.0060)" />
        <Dependent key="1" type="62" id="{17a3a638-e33c-e311-93f9-00155d03a503}" />
      </MissingDependency>
      <MissingDependency>
        <Required key="10" type="1" schemaName="adx_websitebinding" displayName="Website Binding" solution="AdxstudioPortals (7.0.0060)" />
        <Dependent key="1" type="62" id="{17a3a638-e33c-e311-93f9-00155d03a503}" />
      </MissingDependency>
      <MissingDependency>
        <Required key="11" type="1" schemaName="adx_webrole" displayName="Web Role" solution="AdxstudioPortalsDependencies (1.0.0031)" />
        <Dependent key="1" type="62" id="{17a3a638-e33c-e311-93f9-00155d03a503}" />
      </MissingDependency>
      <MissingDependency>
        <Required key="12" type="1" schemaName="adx_ad" displayName="Ad" solution="AdxstudioPortals (7.0.0060)" />
        <Dependent key="1" type="62" id="{17a3a638-e33c-e311-93f9-00155d03a503}" />
      </MissingDependency>
      <MissingDependency>
        <Required key="13" type="1" schemaName="adx_accountaccess" displayName="Account Access" solution="AdxstudioPortalsDependencies (1.0.0031)" />
        <Dependent key="1" type="62" id="{17a3a638-e33c-e311-93f9-00155d03a503}" />
      </MissingDependency>
      <MissingDependency>
        <Required key="14" type="1" schemaName="adx_poll" displayName="Poll" solution="AdxstudioPortals (7.0.0060)" />
        <Dependent key="1" type="62" id="{17a3a638-e33c-e311-93f9-00155d03a503}" />
      </MissingDependency>
      <MissingDependency>
        <Required key="15" type="1" schemaName="adx_webpageaccesscontrolrule" displayName="Web Page Access Control Rule" solution="AdxstudioPortals (7.0.0060)" />
        <Dependent key="1" type="62" id="{17a3a638-e33c-e311-93f9-00155d03a503}" />
      </MissingDependency>
      <MissingDependency>
        <Required key="16" type="1" schemaName="adx_website" displayName="Website" solution="AdxstudioPortalsDependencies (1.0.0031)" />
        <Dependent key="1" type="62" id="{17a3a638-e33c-e311-93f9-00155d03a503}" />
      </MissingDependency>
      <MissingDependency>
        <Required key="17" type="1" schemaName="adx_store" displayName="Store" solution="AdxstudioRetail (7.0.0008)" />
        <Dependent key="18" type="10" schemaName="adx_donationrequest_store" displayName="adx_donationrequest_store" parentSchemaName="adx_donationrequest" parentDisplayName="Donation Request" />
      </MissingDependency>
      <MissingDependency>
        <Required key="19" type="1" schemaName="adx_recall" displayName="Recall" solution="AdxstudioRetail (7.0.0008)" />
        <Dependent key="1" type="62" id="{17a3a638-e33c-e311-93f9-00155d03a503}" />
      </MissingDependency>
      <MissingDependency>
        <Required key="20" type="1" schemaName="adx_webfile" displayName="Web File" solution="AdxstudioPortalsDependencies (1.0.0031)" />
        <Dependent key="1" type="62" id="{17a3a638-e33c-e311-93f9-00155d03a503}" />
      </MissingDependency>
      <MissingDependency>
        <Required key="21" type="1" schemaName="adx_weblinkset" displayName="Web Link Set" solution="AdxstudioPortalsDependencies (1.0.0031)" />
        <Dependent key="1" type="62" id="{17a3a638-e33c-e311-93f9-00155d03a503}" />
      </MissingDependency>
      <MissingDependency>
        <Required key="17" type="1" schemaName="adx_store" displayName="Store" solution="AdxstudioRetail (7.0.0008)" />
        <Dependent key="1" type="62" id="{17a3a638-e33c-e311-93f9-00155d03a503}" />
      </MissingDependency>
      <MissingDependency>
        <Required key="22" type="1" schemaName="adx_brand" displayName="Brand" solution="AdxstudioRetail (7.0.0008)" />
        <Dependent key="1" type="62" id="{17a3a638-e33c-e311-93f9-00155d03a503}" />
      </MissingDependency>
      <MissingDependency>
        <Required key="23" type="1" schemaName="adx_contentsnippet" displayName="Content Snippet" solution="AdxstudioPortalsDependencies (1.0.0031)" />
        <Dependent key="1" type="62" id="{17a3a638-e33c-e311-93f9-00155d03a503}" />
      </MissingDependency>
      <MissingDependency>
        <Required key="24" type="1" schemaName="adx_websiteaccess" displayName="Website Access" solution="AdxstudioPortals (7.0.0060)" />
        <Dependent key="1" type="62" id="{17a3a638-e33c-e311-93f9-00155d03a503}" />
      </MissingDependency>
      <MissingDependency>
        <Required key="25" type="1" schemaName="adx_webnotificationurl" displayName="Web Notification URL" solution="AdxstudioPortalsDependencies (1.0.0031)" />
        <Dependent key="1" type="62" id="{17a3a638-e33c-e311-93f9-00155d03a503}" />
      </MissingDependency>
      <MissingDependency>
        <Required key="26" type="1" schemaName="adx_pollplacement" displayName="Poll Placement" solution="AdxstudioPortals (7.0.0060)" />
        <Dependent key="1" type="62" id="{17a3a638-e33c-e311-93f9-00155d03a503}" />
      </MissingDependency>
      <MissingDependency>
        <Required key="27" type="1" schemaName="adx_contactaccess" displayName="Contact Access" solution="AdxstudioPortalsDependencies (1.0.0031)" />
        <Dependent key="1" type="62" id="{17a3a638-e33c-e311-93f9-00155d03a503}" />
      </MissingDependency>
      <MissingDependency>
        <Required key="28" type="1" schemaName="adx_licensekey" displayName="Adxstudio License Key" solution="AdxstudioPortals (7.0.0060)" />
        <Dependent key="1" type="62" id="{17a3a638-e33c-e311-93f9-00155d03a503}" />
      </MissingDependency>
      <MissingDependency>
        <Required key="30" type="2" schemaName="adx_name" displayName="Name" parentSchemaName="adx_store" parentDisplayName="Store" solution="AdxstudioRetail (7.0.0008)" />
        <Dependent key="18" type="10" schemaName="adx_donationrequest_store" displayName="adx_donationrequest_store" parentSchemaName="adx_donationrequest" parentDisplayName="Donation Request" />
      </MissingDependency>
      <MissingDependency>
        <Required key="31" type="2" schemaName="msa_managingpartnerid" displayName="Managing Partner" parentSchemaName="account" parentDisplayName="Account" solution="AdxstudioPortalsDependencies (1.0.0031)" />
        <Dependent key="31" type="2" schemaName="msa_managingpartnerid" displayName="Managing Partner" parentSchemaName="account" parentDisplayName="Account" />
      </MissingDependency>
      <MissingDependency>
        <Required key="30" type="2" schemaName="adx_name" displayName="Name" parentSchemaName="adx_store" parentDisplayName="Store" solution="AdxstudioRetail (7.0.0008)" />
        <Dependent key="18" type="10" schemaName="adx_donationrequest_store" displayName="adx_donationrequest_store" parentSchemaName="adx_donationrequest" parentDisplayName="Donation Request" />
      </MissingDependency>
      <MissingDependency>
        <Required key="32" type="2" schemaName="adx_storeid" displayName="Store" parentSchemaName="adx_store" parentDisplayName="Store" solution="AdxstudioRetail (7.0.0008)" />
        <Dependent key="18" type="10" schemaName="adx_donationrequest_store" displayName="adx_donationrequest_store" parentSchemaName="adx_donationrequest" parentDisplayName="Donation Request" />
      </MissingDependency>
      <MissingDependency>
        <Required key="33" type="10" schemaName="msa_account_managingpartner" displayName="msa_account_managingpartner" parentSchemaName="account" parentDisplayName="Account" solution="AdxstudioPortalsDependencies (1.0.0031)" />
        <Dependent key="33" type="10" schemaName="msa_account_managingpartner" displayName="msa_account_managingpartner" parentSchemaName="account" parentDisplayName="Account" />
      </MissingDependency>
      <MissingDependency>
        <Required key="34" type="10" schemaName="adx_website_sponsor" displayName="adx_website_sponsor" parentSchemaName="adx_website" parentDisplayName="Website" solution="AdxstudioPortalsDependencies (1.0.0031)" />
        <Dependent key="34" type="10" schemaName="adx_website_sponsor" displayName="adx_website_sponsor" parentSchemaName="adx_website" parentDisplayName="Website" />
      </MissingDependency>
      <MissingDependency>
        <Required key="35" type="10" schemaName="adx_webrole_account" displayName="adx_webrole_account" parentSchemaName="adx_webrole" parentDisplayName="Web Role" solution="AdxstudioPortals (7.0.0060)" />
        <Dependent key="35" type="10" schemaName="adx_webrole_account" displayName="adx_webrole_account" parentSchemaName="adx_webrole" parentDisplayName="Web Role" />
      </MissingDependency>
      <MissingDependency>
        <Required key="35" type="10" schemaName="adx_webrole_account" displayName="adx_webrole_account" parentSchemaName="adx_webrole" parentDisplayName="Web Role" solution="AdxstudioPortals (7.0.0060)" />
        <Dependent key="35" type="10" schemaName="adx_webrole_account" displayName="adx_webrole_account" parentSchemaName="adx_webrole" parentDisplayName="Web Role" />
      </MissingDependency>
      <MissingDependency>
        <Required key="34" type="10" schemaName="adx_website_sponsor" displayName="adx_website_sponsor" parentSchemaName="adx_website" parentDisplayName="Website" solution="AdxstudioPortalsDependencies (1.0.0031)" />
        <Dependent key="34" type="10" schemaName="adx_website_sponsor" displayName="adx_website_sponsor" parentSchemaName="adx_website" parentDisplayName="Website" />
      </MissingDependency>
      <MissingDependency>
        <Required key="33" type="10" schemaName="msa_account_managingpartner" displayName="msa_account_managingpartner" parentSchemaName="account" parentDisplayName="Account" solution="AdxstudioPortalsDependencies (1.0.0031)" />
        <Dependent key="36" type="2" schemaName="msa_managingpartneridyominame" parentSchemaName="account" parentDisplayName="Account" />
      </MissingDependency>
      <MissingDependency>
        <Required key="33" type="10" schemaName="msa_account_managingpartner" displayName="msa_account_managingpartner" parentSchemaName="account" parentDisplayName="Account" solution="AdxstudioPortalsDependencies (1.0.0031)" />
        <Dependent key="37" type="2" schemaName="msa_managingpartneridname" parentSchemaName="account" parentDisplayName="Account" />
      </MissingDependency>
      <MissingDependency>
        <Required key="38" type="1" schemaName="contact" displayName="Contact" solution="System" />
        <Dependent key="39" type="10" schemaName="adx_donationrequest_requestedby_contact" displayName="adx_donationrequest_requestedby_contact" parentSchemaName="adx_donationrequest" parentDisplayName="Donation Request" />
      </MissingDependency>
      <MissingDependency>
        <Required key="17" type="1" schemaName="adx_store" displayName="Store" solution="AdxstudioRetail (7.0.0008)" />
        <Dependent key="18" type="10" schemaName="adx_donationrequest_store" displayName="adx_donationrequest_store" parentSchemaName="adx_donationrequest" parentDisplayName="Donation Request" />
      </MissingDependency>
      <MissingDependency>
        <Required key="40" type="1" schemaName="product" displayName="Product" solution="System" />
        <Dependent key="41" type="10" schemaName="adx_donationrequest_productdonated" displayName="adx_donationrequest_productdonated" parentSchemaName="adx_donationrequest" parentDisplayName="Donation Request" />
      </MissingDependency>
      <MissingDependency>
        <Required key="42" type="20" displayName="System Customizer" solution="System" id="{6de33915-e33c-e311-93f9-00155d03a503}" parentId="{119f245c-3cc8-4b62-b31c-d1a046ced15d}" />
        <Dependent key="43" type="60" displayName="Donation Request Web Form" parentDisplayName="Donation Request" id="{a9ca49d6-5167-4c47-b091-62e9401db630}" />
      </MissingDependency>
      <MissingDependency>
        <Required key="44" type="26" schemaName="My Active Contacts" displayName="My Active Contacts" parentSchemaName="contact" parentDisplayName="Contact" solution="System" id="{00000000-0000-0000-00aa-000010001003}" />
        <Dependent key="45" type="60" displayName="Information" parentDisplayName="Account" id="{b053a39a-041a-4356-acef-ddf00182762b}" />
      </MissingDependency>
      <MissingDependency>
        <Required key="46" type="26" schemaName="Open Activities" displayName="Open Activities" parentSchemaName="activitypointer" parentDisplayName="Activity" solution="System" id="{00000000-0000-0000-00aa-000010001900}" />
        <Dependent key="45" type="60" displayName="Information" parentDisplayName="Account" id="{b053a39a-041a-4356-acef-ddf00182762b}" />
      </MissingDependency>
      <MissingDependency>
        <Required key="47" type="26" schemaName="Active Services" displayName="Active Services" parentSchemaName="service" parentDisplayName="Service" solution="System" id="{2bd4de5e-a7b4-4f5d-8fde-eb3b62d8e2b2}" />
        <Dependent key="45" type="60" displayName="Information" parentDisplayName="Account" id="{b053a39a-041a-4356-acef-ddf00182762b}" />
      </MissingDependency>
      <MissingDependency>
        <Required key="48" type="61" schemaName="adx_icon_nav_cms_small" displayName="adx_icon_nav_cms_small" solution="AdxstudioPortals (7.0.0060)" />
        <Dependent key="1" type="62" id="{17a3a638-e33c-e311-93f9-00155d03a503}" />
      </MissingDependency>
      <MissingDependency>
        <Required key="49" type="61" schemaName="msdyn_/RecordWall.htm" displayName="msdyn_/RecordWall.htm" solution="ActivityFeedsCore (6.1.2.112)" />
        <Dependent key="45" type="60" displayName="Information" parentDisplayName="Account" id="{b053a39a-041a-4356-acef-ddf00182762b}" />
      </MissingDependency>
      <MissingDependency>
        <Required key="50" type="61" schemaName="msdyn_/ActivityFeeds.Form.js" displayName="msdyn_/ActivityFeeds.Form.js" solution="ActivityFeedsCore (6.1.2.112)" />
        <Dependent key="45" type="60" displayName="Information" parentDisplayName="Account" id="{b053a39a-041a-4356-acef-ddf00182762b}" />
      </MissingDependency>
    </MissingDependencies>
  </SolutionManifest>
</ImportExportXml>