﻿<?xml version="1.0" encoding="utf-8"?>
<ImportExportXml version="6.1.0002.0112" SolutionPackageVersion="6.0" languagecode="1033" generatedBy="OnPremise" xmlns:xsi="http://www.w3.org/2001/XMLSchema-instance">
  <SolutionManifest>
    <UniqueName>AdxstudioForums</UniqueName>
    <LocalizedNames>
      <LocalizedName description="Adxstudio Forums" languagecode="1033" />
    </LocalizedNames>
    <Descriptions>
      <Description description="Forums extend Adxstudio Portals with online discussions to allow users to hold conversations in the form of posted messages." languagecode="1033" />
    </Descriptions>
    <Version>7.0.0010</Version>
    <Managed>1</Managed>
    <Publisher>
      <UniqueName>adxstudio</UniqueName>
      <LocalizedNames>
        <LocalizedName description="Adxstudio Inc." languagecode="1033" />
      </LocalizedNames>
      <Descriptions>
        <Description description="Adxstudio brings qualified expertise in web portal and CMS frameworks to Microsoft Dynamics CRM with xRM Portals (CfMD), an integrated bundle of web portal accelerators which add sophisticated content management, event coordination, membership, profile and self-service capabilities to Dynamics CRM." languagecode="1033" />
      </Descriptions>
      <EMailAddress>support@adxstudio.com</EMailAddress>
      <SupportingWebsiteUrl>http://www.adxstudio.com</SupportingWebsiteUrl>
      <CustomizationPrefix>adx</CustomizationPrefix>
      <CustomizationOptionValuePrefix>75615</CustomizationOptionValuePrefix>
      <Addresses>
        <Address>
          <AddressNumber>1</AddressNumber>
          <AddressTypeCode>1</AddressTypeCode>
          <City xsi:nil="true"></City>
          <County xsi:nil="true"></County>
          <Country xsi:nil="true"></Country>
          <Fax xsi:nil="true"></Fax>
          <FreightTermsCode xsi:nil="true"></FreightTermsCode>
          <ImportSequenceNumber xsi:nil="true"></ImportSequenceNumber>
          <Latitude xsi:nil="true"></Latitude>
          <Line1 xsi:nil="true"></Line1>
          <Line2 xsi:nil="true"></Line2>
          <Line3 xsi:nil="true"></Line3>
          <Longitude xsi:nil="true"></Longitude>
          <Name xsi:nil="true"></Name>
          <PostalCode xsi:nil="true"></PostalCode>
          <PostOfficeBox xsi:nil="true"></PostOfficeBox>
          <PrimaryContactName xsi:nil="true"></PrimaryContactName>
          <ShippingMethodCode>1</ShippingMethodCode>
          <StateOrProvince xsi:nil="true"></StateOrProvince>
          <Telephone1 xsi:nil="true"></Telephone1>
          <Telephone2 xsi:nil="true"></Telephone2>
          <Telephone3 xsi:nil="true"></Telephone3>
          <TimeZoneRuleVersionNumber xsi:nil="true"></TimeZoneRuleVersionNumber>
          <UPSZone xsi:nil="true"></UPSZone>
          <UTCOffset xsi:nil="true"></UTCOffset>
          <UTCConversionTimeZoneCode xsi:nil="true"></UTCConversionTimeZoneCode>
        </Address>
        <Address>
          <AddressNumber>2</AddressNumber>
          <AddressTypeCode>1</AddressTypeCode>
          <City xsi:nil="true"></City>
          <County xsi:nil="true"></County>
          <Country xsi:nil="true"></Country>
          <Fax xsi:nil="true"></Fax>
          <FreightTermsCode xsi:nil="true"></FreightTermsCode>
          <ImportSequenceNumber xsi:nil="true"></ImportSequenceNumber>
          <Latitude xsi:nil="true"></Latitude>
          <Line1 xsi:nil="true"></Line1>
          <Line2 xsi:nil="true"></Line2>
          <Line3 xsi:nil="true"></Line3>
          <Longitude xsi:nil="true"></Longitude>
          <Name xsi:nil="true"></Name>
          <PostalCode xsi:nil="true"></PostalCode>
          <PostOfficeBox xsi:nil="true"></PostOfficeBox>
          <PrimaryContactName xsi:nil="true"></PrimaryContactName>
          <ShippingMethodCode>1</ShippingMethodCode>
          <StateOrProvince xsi:nil="true"></StateOrProvince>
          <Telephone1 xsi:nil="true"></Telephone1>
          <Telephone2 xsi:nil="true"></Telephone2>
          <Telephone3 xsi:nil="true"></Telephone3>
          <TimeZoneRuleVersionNumber xsi:nil="true"></TimeZoneRuleVersionNumber>
          <UPSZone xsi:nil="true"></UPSZone>
          <UTCOffset xsi:nil="true"></UTCOffset>
          <UTCConversionTimeZoneCode xsi:nil="true"></UTCConversionTimeZoneCode>
        </Address>
      </Addresses>
    </Publisher>
    <RootComponents>
      <RootComponent type="1" schemaName="adx_communityforum" />
      <RootComponent type="1" schemaName="adx_communityforumaccesspermission" />
      <RootComponent type="1" schemaName="adx_communityforumalert" />
      <RootComponent type="1" schemaName="adx_communityforumannouncement" />
      <RootComponent type="1" schemaName="adx_communityforumpost" />
      <RootComponent type="1" schemaName="adx_communityforumthread" />
      <RootComponent type="1" schemaName="adx_forumnotification" />
      <RootComponent type="1" schemaName="adx_forumthreadtype" />
      <RootComponent type="1" schemaName="adx_shortcut" />
      <RootComponent type="61" schemaName="adx_forumaccess_medium" />
      <RootComponent type="61" schemaName="adx_forumaccess_small" />
      <RootComponent type="61" schemaName="adx_forumnthreadtag_medium" />
      <RootComponent type="61" schemaName="adx_forumnthreadtag_small" />
      <RootComponent type="61" schemaName="adx_icon_forumalert_medium" />
      <RootComponent type="61" schemaName="adx_icon_forumalert_small" />
      <RootComponent type="61" schemaName="adx_icon_forumannouncement_medium" />
      <RootComponent type="61" schemaName="adx_icon_forumannouncement_small" />
      <RootComponent type="61" schemaName="adx_icon_forumpost_medium" />
      <RootComponent type="61" schemaName="adx_icon_forumpost_small" />
      <RootComponent type="61" schemaName="adx_icon_forumthreadtype_medium" />
      <RootComponent type="61" schemaName="adx_icon_forumthreadtype_small" />
      <RootComponent type="61" schemaName="adx_icon_forumthread_medium" />
      <RootComponent type="61" schemaName="adx_icon_forumthread_small" />
      <RootComponent type="61" schemaName="adx_icon_forum_medium" />
      <RootComponent type="61" schemaName="adx_icon_forum_small" />
      <RootComponent type="61" schemaName="adx_icon_nav_community_32.png" />
      <RootComponent type="61" schemaName="adx_icon_nav_social_small" />
      <RootComponent type="62" />
      <RootComponent type="91" schemaName="Adxstudio.Xrm.Plugins.Forums, Version=5.0.0.0, Culture=neutral, PublicKeyToken=33116b9f1e2c247a" />
      <RootComponent type="92" id="{b82e4daa-db7d-e111-89a7-00155d03a708}" />
    </RootComponents>
    <MissingDependencies>
      <MissingDependency>
        <Required key="0" type="1" schemaName="adx_shortcut" displayName="Shortcut" solution="AdxstudioPortals (7.0.0060)" />
        <Dependent key="0" type="1" schemaName="adx_shortcut" displayName="Shortcut" />
      </MissingDependency>
      <MissingDependency>
        <Required key="1" type="1" schemaName="adx_contactaccess" displayName="Contact Access" solution="AdxstudioPortalsDependencies (1.0.0031)" />
        <Dependent key="2" type="62" id="{17a3a638-e33c-e311-93f9-00155d03a503}" />
      </MissingDependency>
      <MissingDependency>
        <Required key="3" type="1" schemaName="adx_adplacement" displayName="Ad Placement" solution="AdxstudioPortals (7.0.0060)" />
        <Dependent key="2" type="62" id="{17a3a638-e33c-e311-93f9-00155d03a503}" />
      </MissingDependency>
      <MissingDependency>
        <Required key="4" type="1" schemaName="adx_publishingstatetransitionrule" displayName="Publishing State Transition Rule" solution="AdxstudioPortals (7.0.0060)" />
        <Dependent key="2" type="62" id="{17a3a638-e33c-e311-93f9-00155d03a503}" />
      </MissingDependency>
      <MissingDependency>
        <Required key="5" type="1" schemaName="adx_publishingstate" displayName="Publishing State" solution="AdxstudioPortals (7.0.0060)" />
        <Dependent key="6" type="10" schemaName="adx_publishingstate_communityforum" displayName="adx_publishingstate_communityforum" parentSchemaName="adx_communityforum" parentDisplayName="Forum" />
      </MissingDependency>
      <MissingDependency>
        <Required key="5" type="1" schemaName="adx_publishingstate" displayName="Publishing State" solution="AdxstudioPortals (7.0.0060)" />
        <Dependent key="7" type="10" schemaName="adx_publishingstate_communityforumthread" displayName="adx_publishingstate_communityforumthread" parentSchemaName="adx_communityforumthread" parentDisplayName="Forum Thread" />
      </MissingDependency>
      <MissingDependency>
        <Required key="5" type="1" schemaName="adx_publishingstate" displayName="Publishing State" solution="AdxstudioPortals (7.0.0060)" />
        <Dependent key="8" type="10" schemaName="adx_publishingstate_communityforumpost" displayName="adx_publishingstate_communityforumpost" parentSchemaName="adx_communityforumpost" parentDisplayName="Forum Post" />
      </MissingDependency>
      <MissingDependency>
        <Required key="5" type="1" schemaName="adx_publishingstate" displayName="Publishing State" solution="AdxstudioPortals (7.0.0060)" />
        <Dependent key="9" type="26" schemaName="Portal Search" displayName="Portal Search" parentSchemaName="adx_communityforumpost" parentDisplayName="Forum Post" id="{9d14236e-f3d7-df11-a3be-00155d036405}" />
      </MissingDependency>
      <MissingDependency>
        <Required key="10" type="1" schemaName="adx_redirect" displayName="Redirect" solution="AdxstudioPortals (7.0.0060)" />
        <Dependent key="2" type="62" id="{17a3a638-e33c-e311-93f9-00155d03a503}" />
      </MissingDependency>
      <MissingDependency>
        <Required key="11" type="1" schemaName="adx_webpageaccesscontrolrule" displayName="Web Page Access Control Rule" solution="AdxstudioPortals (7.0.0060)" />
        <Dependent key="2" type="62" id="{17a3a638-e33c-e311-93f9-00155d03a503}" />
      </MissingDependency>
      <MissingDependency>
        <Required key="12" type="1" schemaName="adx_websiteaccess" displayName="Website Access" solution="AdxstudioPortals (7.0.0060)" />
        <Dependent key="2" type="62" id="{17a3a638-e33c-e311-93f9-00155d03a503}" />
      </MissingDependency>
      <MissingDependency>
        <Required key="13" type="1" schemaName="adx_websitebinding" displayName="Website Binding" solution="AdxstudioPortals (7.0.0060)" />
        <Dependent key="2" type="62" id="{17a3a638-e33c-e311-93f9-00155d03a503}" />
      </MissingDependency>
      <MissingDependency>
        <Required key="14" type="1" schemaName="adx_website" displayName="Website" solution="AdxstudioPortalsDependencies (1.0.0031)" />
        <Dependent key="15" type="10" schemaName="adx_website_forumnotification" displayName="adx_website_forumnotification" parentSchemaName="adx_forumnotification" parentDisplayName="Forum Notification" />
      </MissingDependency>
      <MissingDependency>
        <Required key="14" type="1" schemaName="adx_website" displayName="Website" solution="AdxstudioPortalsDependencies (1.0.0031)" />
        <Dependent key="16" type="10" schemaName="adx_website_forumthreadtype" displayName="adx_website_forumthreadtype" parentSchemaName="adx_forumthreadtype" parentDisplayName="Forum Thread Type" />
      </MissingDependency>
      <MissingDependency>
        <Required key="14" type="1" schemaName="adx_website" displayName="Website" solution="AdxstudioPortalsDependencies (1.0.0031)" />
        <Dependent key="17" type="10" schemaName="adx_website_communityforum" displayName="adx_website_communityforum" parentSchemaName="adx_communityforum" parentDisplayName="Forum" />
      </MissingDependency>
      <MissingDependency>
        <Required key="14" type="1" schemaName="adx_website" displayName="Website" solution="AdxstudioPortalsDependencies (1.0.0031)" />
        <Dependent key="2" type="62" id="{17a3a638-e33c-e311-93f9-00155d03a503}" />
      </MissingDependency>
      <MissingDependency>
        <Required key="14" type="1" schemaName="adx_website" displayName="Website" solution="AdxstudioPortalsDependencies (1.0.0031)" />
        <Dependent key="18" type="60" displayName="Information" parentDisplayName="Shortcut" id="{7b5e00b8-5515-4f92-9dd2-a37492153435}" />
      </MissingDependency>
      <MissingDependency>
        <Required key="14" type="1" schemaName="adx_website" displayName="Website" solution="AdxstudioPortalsDependencies (1.0.0031)" />
        <Dependent key="19" type="60" displayName="Information" parentDisplayName="Forum" id="{b3aa8ee3-42a4-4983-bc25-fde77738edb0}" />
      </MissingDependency>
      <MissingDependency>
        <Required key="14" type="1" schemaName="adx_website" displayName="Website" solution="AdxstudioPortalsDependencies (1.0.0031)" />
        <Dependent key="20" type="10" schemaName="adx_website_shortcut" displayName="adx_website_shortcut" parentSchemaName="adx_shortcut" parentDisplayName="Shortcut" />
      </MissingDependency>
      <MissingDependency>
        <Required key="21" type="1" schemaName="adx_pagetemplate" displayName="Page Template" solution="AdxstudioPortalsDependencies (1.0.0031)" />
        <Dependent key="2" type="62" id="{17a3a638-e33c-e311-93f9-00155d03a503}" />
      </MissingDependency>
      <MissingDependency>
        <Required key="21" type="1" schemaName="adx_pagetemplate" displayName="Page Template" solution="AdxstudioPortalsDependencies (1.0.0031)" />
        <Dependent key="22" type="10" schemaName="adx_forumpagetemplate_communityforum" displayName="adx_forumpagetemplate_communityforum" parentSchemaName="adx_communityforum" parentDisplayName="Forum" />
      </MissingDependency>
      <MissingDependency>
        <Required key="23" type="1" schemaName="adx_sitesetting" displayName="Site Setting" solution="AdxstudioPortalsDependencies (1.0.0031)" />
        <Dependent key="2" type="62" id="{17a3a638-e33c-e311-93f9-00155d03a503}" />
      </MissingDependency>
      <MissingDependency>
        <Required key="24" type="1" schemaName="adx_sitemarker" displayName="Site Marker" solution="AdxstudioPortalsDependencies (1.0.0031)" />
        <Dependent key="2" type="62" id="{17a3a638-e33c-e311-93f9-00155d03a503}" />
      </MissingDependency>
      <MissingDependency>
        <Required key="25" type="1" schemaName="adx_accountaccess" displayName="Account Access" solution="AdxstudioPortalsDependencies (1.0.0031)" />
        <Dependent key="2" type="62" id="{17a3a638-e33c-e311-93f9-00155d03a503}" />
      </MissingDependency>
      <MissingDependency>
        <Required key="26" type="1" schemaName="adx_webrole" displayName="Web Role" solution="AdxstudioPortalsDependencies (1.0.0031)" />
        <Dependent key="2" type="62" id="{17a3a638-e33c-e311-93f9-00155d03a503}" />
      </MissingDependency>
      <MissingDependency>
        <Required key="26" type="1" schemaName="adx_webrole" displayName="Web Role" solution="AdxstudioPortalsDependencies (1.0.0031)" />
        <Dependent key="27" type="60" displayName="Information" parentDisplayName="Forum Access Permission" id="{69616887-89b2-421c-a369-666319ac7404}" />
      </MissingDependency>
      <MissingDependency>
        <Required key="28" type="1" schemaName="adx_weblinkset" displayName="Web Link Set" solution="AdxstudioPortalsDependencies (1.0.0031)" />
        <Dependent key="2" type="62" id="{17a3a638-e33c-e311-93f9-00155d03a503}" />
      </MissingDependency>
      <MissingDependency>
        <Required key="29" type="1" schemaName="adx_poll" displayName="Poll" solution="AdxstudioPortals (7.0.0060)" />
        <Dependent key="2" type="62" id="{17a3a638-e33c-e311-93f9-00155d03a503}" />
      </MissingDependency>
      <MissingDependency>
        <Required key="30" type="1" schemaName="adx_caseaccess" displayName="Case Access" solution="AdxstudioPortalsDependencies (1.0.0031)" />
        <Dependent key="2" type="62" id="{17a3a638-e33c-e311-93f9-00155d03a503}" />
      </MissingDependency>
      <MissingDependency>
        <Required key="31" type="1" schemaName="adx_webpage" displayName="Web Page" solution="AdxstudioPortalsDependencies (1.0.0031)" />
        <Dependent key="32" type="10" schemaName="adx_webpage_shortcut" displayName="adx_webpage_shortcut" parentSchemaName="adx_shortcut" parentDisplayName="Shortcut" />
      </MissingDependency>
      <MissingDependency>
        <Required key="31" type="1" schemaName="adx_webpage" displayName="Web Page" solution="AdxstudioPortalsDependencies (1.0.0031)" />
        <Dependent key="33" type="10" schemaName="adx_webpage_forumnotification" displayName="adx_webpage_forumnotification" parentSchemaName="adx_forumnotification" parentDisplayName="Forum Notification" />
      </MissingDependency>
      <MissingDependency>
        <Required key="31" type="1" schemaName="adx_webpage" displayName="Web Page" solution="AdxstudioPortalsDependencies (1.0.0031)" />
        <Dependent key="2" type="62" id="{17a3a638-e33c-e311-93f9-00155d03a503}" />
      </MissingDependency>
      <MissingDependency>
        <Required key="31" type="1" schemaName="adx_webpage" displayName="Web Page" solution="AdxstudioPortalsDependencies (1.0.0031)" />
        <Dependent key="34" type="10" schemaName="adx_webpage_communityforum" displayName="adx_webpage_communityforum" parentSchemaName="adx_communityforum" parentDisplayName="Forum" />
      </MissingDependency>
      <MissingDependency>
        <Required key="35" type="1" schemaName="adx_licensekey" displayName="Adxstudio License Key" solution="AdxstudioPortals (7.0.0060)" />
        <Dependent key="2" type="62" id="{17a3a638-e33c-e311-93f9-00155d03a503}" />
      </MissingDependency>
      <MissingDependency>
        <Required key="36" type="1" schemaName="adx_webnotificationurl" displayName="Web Notification URL" solution="AdxstudioPortalsDependencies (1.0.0031)" />
        <Dependent key="2" type="62" id="{17a3a638-e33c-e311-93f9-00155d03a503}" />
      </MissingDependency>
      <MissingDependency>
        <Required key="37" type="1" schemaName="adx_ad" displayName="Ad" solution="AdxstudioPortals (7.0.0060)" />
        <Dependent key="2" type="62" id="{17a3a638-e33c-e311-93f9-00155d03a503}" />
      </MissingDependency>
      <MissingDependency>
        <Required key="38" type="1" schemaName="adx_contentsnippet" displayName="Content Snippet" solution="AdxstudioPortalsDependencies (1.0.0031)" />
        <Dependent key="2" type="62" id="{17a3a638-e33c-e311-93f9-00155d03a503}" />
      </MissingDependency>
      <MissingDependency>
        <Required key="39" type="1" schemaName="adx_webfile" displayName="Web File" solution="AdxstudioPortalsDependencies (1.0.0031)" />
        <Dependent key="2" type="62" id="{17a3a638-e33c-e311-93f9-00155d03a503}" />
      </MissingDependency>
      <MissingDependency>
        <Required key="39" type="1" schemaName="adx_webfile" displayName="Web File" solution="AdxstudioPortalsDependencies (1.0.0031)" />
        <Dependent key="40" type="10" schemaName="adx_webfile_shortcut" displayName="adx_webfile_shortcut" parentSchemaName="adx_shortcut" parentDisplayName="Shortcut" />
      </MissingDependency>
      <MissingDependency>
        <Required key="41" type="1" schemaName="adx_pollplacement" displayName="Poll Placement" solution="AdxstudioPortals (7.0.0060)" />
        <Dependent key="2" type="62" id="{17a3a638-e33c-e311-93f9-00155d03a503}" />
      </MissingDependency>
      <MissingDependency>
        <Required key="42" type="2" schemaName="adx_websiteid" displayName="Website" parentSchemaName="adx_publishingstate" parentDisplayName="Publishing State" solution="AdxstudioPortals (7.0.0060)" />
        <Dependent key="9" type="26" schemaName="Portal Search" displayName="Portal Search" parentSchemaName="adx_communityforumpost" parentDisplayName="Forum Post" id="{9d14236e-f3d7-df11-a3be-00155d036405}" />
      </MissingDependency>
      <MissingDependency>
        <Required key="43" type="2" schemaName="adx_websiteid" displayName="Website" parentSchemaName="adx_website" parentDisplayName="Website" solution="AdxstudioPortalsDependencies (1.0.0031)" />
        <Dependent key="17" type="10" schemaName="adx_website_communityforum" displayName="adx_website_communityforum" parentSchemaName="adx_communityforum" parentDisplayName="Forum" />
      </MissingDependency>
      <MissingDependency>
        <Required key="43" type="2" schemaName="adx_websiteid" displayName="Website" parentSchemaName="adx_website" parentDisplayName="Website" solution="AdxstudioPortalsDependencies (1.0.0031)" />
        <Dependent key="15" type="10" schemaName="adx_website_forumnotification" displayName="adx_website_forumnotification" parentSchemaName="adx_forumnotification" parentDisplayName="Forum Notification" />
      </MissingDependency>
      <MissingDependency>
        <Required key="43" type="2" schemaName="adx_websiteid" displayName="Website" parentSchemaName="adx_website" parentDisplayName="Website" solution="AdxstudioPortalsDependencies (1.0.0031)" />
        <Dependent key="20" type="10" schemaName="adx_website_shortcut" displayName="adx_website_shortcut" parentSchemaName="adx_shortcut" parentDisplayName="Shortcut" />
      </MissingDependency>
      <MissingDependency>
        <Required key="43" type="2" schemaName="adx_websiteid" displayName="Website" parentSchemaName="adx_website" parentDisplayName="Website" solution="AdxstudioPortalsDependencies (1.0.0031)" />
        <Dependent key="16" type="10" schemaName="adx_website_forumthreadtype" displayName="adx_website_forumthreadtype" parentSchemaName="adx_forumthreadtype" parentDisplayName="Forum Thread Type" />
      </MissingDependency>
      <MissingDependency>
        <Required key="44" type="2" schemaName="adx_name" displayName="Name" parentSchemaName="adx_publishingstate" parentDisplayName="Publishing State" solution="AdxstudioPortals (7.0.0060)" />
        <Dependent key="7" type="10" schemaName="adx_publishingstate_communityforumthread" displayName="adx_publishingstate_communityforumthread" parentSchemaName="adx_communityforumthread" parentDisplayName="Forum Thread" />
      </MissingDependency>
      <MissingDependency>
        <Required key="44" type="2" schemaName="adx_name" displayName="Name" parentSchemaName="adx_publishingstate" parentDisplayName="Publishing State" solution="AdxstudioPortals (7.0.0060)" />
        <Dependent key="8" type="10" schemaName="adx_publishingstate_communityforumpost" displayName="adx_publishingstate_communityforumpost" parentSchemaName="adx_communityforumpost" parentDisplayName="Forum Post" />
      </MissingDependency>
      <MissingDependency>
        <Required key="44" type="2" schemaName="adx_name" displayName="Name" parentSchemaName="adx_publishingstate" parentDisplayName="Publishing State" solution="AdxstudioPortals (7.0.0060)" />
        <Dependent key="6" type="10" schemaName="adx_publishingstate_communityforum" displayName="adx_publishingstate_communityforum" parentSchemaName="adx_communityforum" parentDisplayName="Forum" />
      </MissingDependency>
      <MissingDependency>
        <Required key="44" type="2" schemaName="adx_name" displayName="Name" parentSchemaName="adx_publishingstate" parentDisplayName="Publishing State" solution="AdxstudioPortals (7.0.0060)" />
        <Dependent key="6" type="10" schemaName="adx_publishingstate_communityforum" displayName="adx_publishingstate_communityforum" parentSchemaName="adx_communityforum" parentDisplayName="Forum" />
      </MissingDependency>
      <MissingDependency>
        <Required key="44" type="2" schemaName="adx_name" displayName="Name" parentSchemaName="adx_publishingstate" parentDisplayName="Publishing State" solution="AdxstudioPortals (7.0.0060)" />
        <Dependent key="8" type="10" schemaName="adx_publishingstate_communityforumpost" displayName="adx_publishingstate_communityforumpost" parentSchemaName="adx_communityforumpost" parentDisplayName="Forum Post" />
      </MissingDependency>
      <MissingDependency>
        <Required key="44" type="2" schemaName="adx_name" displayName="Name" parentSchemaName="adx_publishingstate" parentDisplayName="Publishing State" solution="AdxstudioPortals (7.0.0060)" />
        <Dependent key="7" type="10" schemaName="adx_publishingstate_communityforumthread" displayName="adx_publishingstate_communityforumthread" parentSchemaName="adx_communityforumthread" parentDisplayName="Forum Thread" />
      </MissingDependency>
      <MissingDependency>
        <Required key="45" type="2" schemaName="adx_webfileid" displayName="Web File" parentSchemaName="adx_webfile" parentDisplayName="Web File" solution="AdxstudioPortalsDependencies (1.0.0031)" />
        <Dependent key="40" type="10" schemaName="adx_webfile_shortcut" displayName="adx_webfile_shortcut" parentSchemaName="adx_shortcut" parentDisplayName="Shortcut" />
      </MissingDependency>
      <MissingDependency>
        <Required key="46" type="2" schemaName="adx_name" displayName="Name" parentSchemaName="adx_website" parentDisplayName="Website" solution="AdxstudioPortalsDependencies (1.0.0031)" />
        <Dependent key="15" type="10" schemaName="adx_website_forumnotification" displayName="adx_website_forumnotification" parentSchemaName="adx_forumnotification" parentDisplayName="Forum Notification" />
      </MissingDependency>
      <MissingDependency>
        <Required key="46" type="2" schemaName="adx_name" displayName="Name" parentSchemaName="adx_website" parentDisplayName="Website" solution="AdxstudioPortalsDependencies (1.0.0031)" />
        <Dependent key="16" type="10" schemaName="adx_website_forumthreadtype" displayName="adx_website_forumthreadtype" parentSchemaName="adx_forumthreadtype" parentDisplayName="Forum Thread Type" />
      </MissingDependency>
      <MissingDependency>
        <Required key="46" type="2" schemaName="adx_name" displayName="Name" parentSchemaName="adx_website" parentDisplayName="Website" solution="AdxstudioPortalsDependencies (1.0.0031)" />
        <Dependent key="16" type="10" schemaName="adx_website_forumthreadtype" displayName="adx_website_forumthreadtype" parentSchemaName="adx_forumthreadtype" parentDisplayName="Forum Thread Type" />
      </MissingDependency>
      <MissingDependency>
        <Required key="46" type="2" schemaName="adx_name" displayName="Name" parentSchemaName="adx_website" parentDisplayName="Website" solution="AdxstudioPortalsDependencies (1.0.0031)" />
        <Dependent key="15" type="10" schemaName="adx_website_forumnotification" displayName="adx_website_forumnotification" parentSchemaName="adx_forumnotification" parentDisplayName="Forum Notification" />
      </MissingDependency>
      <MissingDependency>
        <Required key="46" type="2" schemaName="adx_name" displayName="Name" parentSchemaName="adx_website" parentDisplayName="Website" solution="AdxstudioPortalsDependencies (1.0.0031)" />
        <Dependent key="17" type="10" schemaName="adx_website_communityforum" displayName="adx_website_communityforum" parentSchemaName="adx_communityforum" parentDisplayName="Forum" />
      </MissingDependency>
      <MissingDependency>
        <Required key="46" type="2" schemaName="adx_name" displayName="Name" parentSchemaName="adx_website" parentDisplayName="Website" solution="AdxstudioPortalsDependencies (1.0.0031)" />
        <Dependent key="17" type="10" schemaName="adx_website_communityforum" displayName="adx_website_communityforum" parentSchemaName="adx_communityforum" parentDisplayName="Forum" />
      </MissingDependency>
      <MissingDependency>
        <Required key="46" type="2" schemaName="adx_name" displayName="Name" parentSchemaName="adx_website" parentDisplayName="Website" solution="AdxstudioPortalsDependencies (1.0.0031)" />
        <Dependent key="20" type="10" schemaName="adx_website_shortcut" displayName="adx_website_shortcut" parentSchemaName="adx_shortcut" parentDisplayName="Shortcut" />
      </MissingDependency>
      <MissingDependency>
        <Required key="47" type="2" schemaName="adx_name" displayName="Name" parentSchemaName="adx_webfile" parentDisplayName="Web File" solution="AdxstudioPortalsDependencies (1.0.0031)" />
        <Dependent key="40" type="10" schemaName="adx_webfile_shortcut" displayName="adx_webfile_shortcut" parentSchemaName="adx_shortcut" parentDisplayName="Shortcut" />
      </MissingDependency>
      <MissingDependency>
        <Required key="48" type="2" schemaName="adx_pagetemplateid" displayName="Page Template" parentSchemaName="adx_pagetemplate" parentDisplayName="Page Template" solution="AdxstudioPortalsDependencies (1.0.0031)" />
        <Dependent key="22" type="10" schemaName="adx_forumpagetemplate_communityforum" displayName="adx_forumpagetemplate_communityforum" parentSchemaName="adx_communityforum" parentDisplayName="Forum" />
      </MissingDependency>
      <MissingDependency>
        <Required key="48" type="2" schemaName="adx_pagetemplateid" displayName="Page Template" parentSchemaName="adx_pagetemplate" parentDisplayName="Page Template" solution="AdxstudioPortalsDependencies (1.0.0031)" />
        <Dependent key="22" type="10" schemaName="adx_forumpagetemplate_communityforum" displayName="adx_forumpagetemplate_communityforum" parentSchemaName="adx_communityforum" parentDisplayName="Forum" />
      </MissingDependency>
      <MissingDependency>
        <Required key="49" type="2" schemaName="adx_publishingstateid" displayName="Publishing State" parentSchemaName="adx_publishingstate" parentDisplayName="Publishing State" solution="AdxstudioPortals (7.0.0060)" />
        <Dependent key="7" type="10" schemaName="adx_publishingstate_communityforumthread" displayName="adx_publishingstate_communityforumthread" parentSchemaName="adx_communityforumthread" parentDisplayName="Forum Thread" />
      </MissingDependency>
      <MissingDependency>
        <Required key="49" type="2" schemaName="adx_publishingstateid" displayName="Publishing State" parentSchemaName="adx_publishingstate" parentDisplayName="Publishing State" solution="AdxstudioPortals (7.0.0060)" />
        <Dependent key="8" type="10" schemaName="adx_publishingstate_communityforumpost" displayName="adx_publishingstate_communityforumpost" parentSchemaName="adx_communityforumpost" parentDisplayName="Forum Post" />
      </MissingDependency>
      <MissingDependency>
        <Required key="49" type="2" schemaName="adx_publishingstateid" displayName="Publishing State" parentSchemaName="adx_publishingstate" parentDisplayName="Publishing State" solution="AdxstudioPortals (7.0.0060)" />
        <Dependent key="6" type="10" schemaName="adx_publishingstate_communityforum" displayName="adx_publishingstate_communityforum" parentSchemaName="adx_communityforum" parentDisplayName="Forum" />
      </MissingDependency>
      <MissingDependency>
        <Required key="49" type="2" schemaName="adx_publishingstateid" displayName="Publishing State" parentSchemaName="adx_publishingstate" parentDisplayName="Publishing State" solution="AdxstudioPortals (7.0.0060)" />
        <Dependent key="9" type="26" schemaName="Portal Search" displayName="Portal Search" parentSchemaName="adx_communityforumpost" parentDisplayName="Forum Post" id="{9d14236e-f3d7-df11-a3be-00155d036405}" />
      </MissingDependency>
      <MissingDependency>
        <Required key="50" type="2" schemaName="adx_name" displayName="Name" parentSchemaName="adx_pagetemplate" parentDisplayName="Page Template" solution="AdxstudioPortalsDependencies (1.0.0031)" />
        <Dependent key="22" type="10" schemaName="adx_forumpagetemplate_communityforum" displayName="adx_forumpagetemplate_communityforum" parentSchemaName="adx_communityforum" parentDisplayName="Forum" />
      </MissingDependency>
      <MissingDependency>
        <Required key="50" type="2" schemaName="adx_name" displayName="Name" parentSchemaName="adx_pagetemplate" parentDisplayName="Page Template" solution="AdxstudioPortalsDependencies (1.0.0031)" />
        <Dependent key="22" type="10" schemaName="adx_forumpagetemplate_communityforum" displayName="adx_forumpagetemplate_communityforum" parentSchemaName="adx_communityforum" parentDisplayName="Forum" />
      </MissingDependency>
      <MissingDependency>
        <Required key="50" type="2" schemaName="adx_name" displayName="Name" parentSchemaName="adx_pagetemplate" parentDisplayName="Page Template" solution="AdxstudioPortalsDependencies (1.0.0031)" />
        <Dependent key="51" type="10" schemaName="adx_threadpagetemplate_communityforum" displayName="adx_threadpagetemplate_communityforum" parentSchemaName="adx_communityforum" parentDisplayName="Forum" />
      </MissingDependency>
      <MissingDependency>
        <Required key="50" type="2" schemaName="adx_name" displayName="Name" parentSchemaName="adx_pagetemplate" parentDisplayName="Page Template" solution="AdxstudioPortalsDependencies (1.0.0031)" />
        <Dependent key="22" type="10" schemaName="adx_forumpagetemplate_communityforum" displayName="adx_forumpagetemplate_communityforum" parentSchemaName="adx_communityforum" parentDisplayName="Forum" />
      </MissingDependency>
      <MissingDependency>
        <Required key="52" type="2" schemaName="adx_webpageid" displayName="Web Page" parentSchemaName="adx_webpage" parentDisplayName="Web Page" solution="AdxstudioPortalsDependencies (1.0.0031)" />
        <Dependent key="53" type="10" schemaName="adx_parentwebpage_shortcut" displayName="adx_parentwebpage_shortcut" parentSchemaName="adx_shortcut" parentDisplayName="Shortcut" />
      </MissingDependency>
      <MissingDependency>
        <Required key="52" type="2" schemaName="adx_webpageid" displayName="Web Page" parentSchemaName="adx_webpage" parentDisplayName="Web Page" solution="AdxstudioPortalsDependencies (1.0.0031)" />
        <Dependent key="33" type="10" schemaName="adx_webpage_forumnotification" displayName="adx_webpage_forumnotification" parentSchemaName="adx_forumnotification" parentDisplayName="Forum Notification" />
      </MissingDependency>
      <MissingDependency>
        <Required key="52" type="2" schemaName="adx_webpageid" displayName="Web Page" parentSchemaName="adx_webpage" parentDisplayName="Web Page" solution="AdxstudioPortalsDependencies (1.0.0031)" />
        <Dependent key="34" type="10" schemaName="adx_webpage_communityforum" displayName="adx_webpage_communityforum" parentSchemaName="adx_communityforum" parentDisplayName="Forum" />
      </MissingDependency>
      <MissingDependency>
        <Required key="52" type="2" schemaName="adx_webpageid" displayName="Web Page" parentSchemaName="adx_webpage" parentDisplayName="Web Page" solution="AdxstudioPortalsDependencies (1.0.0031)" />
        <Dependent key="53" type="10" schemaName="adx_parentwebpage_shortcut" displayName="adx_parentwebpage_shortcut" parentSchemaName="adx_shortcut" parentDisplayName="Shortcut" />
      </MissingDependency>
      <MissingDependency>
        <Required key="54" type="2" schemaName="adx_name" displayName="Name" parentSchemaName="adx_webpage" parentDisplayName="Web Page" solution="AdxstudioPortalsDependencies (1.0.0031)" />
        <Dependent key="34" type="10" schemaName="adx_webpage_communityforum" displayName="adx_webpage_communityforum" parentSchemaName="adx_communityforum" parentDisplayName="Forum" />
      </MissingDependency>
      <MissingDependency>
        <Required key="54" type="2" schemaName="adx_name" displayName="Name" parentSchemaName="adx_webpage" parentDisplayName="Web Page" solution="AdxstudioPortalsDependencies (1.0.0031)" />
        <Dependent key="33" type="10" schemaName="adx_webpage_forumnotification" displayName="adx_webpage_forumnotification" parentSchemaName="adx_forumnotification" parentDisplayName="Forum Notification" />
      </MissingDependency>
      <MissingDependency>
        <Required key="54" type="2" schemaName="adx_name" displayName="Name" parentSchemaName="adx_webpage" parentDisplayName="Web Page" solution="AdxstudioPortalsDependencies (1.0.0031)" />
        <Dependent key="34" type="10" schemaName="adx_webpage_communityforum" displayName="adx_webpage_communityforum" parentSchemaName="adx_communityforum" parentDisplayName="Forum" />
      </MissingDependency>
      <MissingDependency>
        <Required key="54" type="2" schemaName="adx_name" displayName="Name" parentSchemaName="adx_webpage" parentDisplayName="Web Page" solution="AdxstudioPortalsDependencies (1.0.0031)" />
        <Dependent key="33" type="10" schemaName="adx_webpage_forumnotification" displayName="adx_webpage_forumnotification" parentSchemaName="adx_forumnotification" parentDisplayName="Forum Notification" />
      </MissingDependency>
      <MissingDependency>
        <Required key="54" type="2" schemaName="adx_name" displayName="Name" parentSchemaName="adx_webpage" parentDisplayName="Web Page" solution="AdxstudioPortalsDependencies (1.0.0031)" />
        <Dependent key="32" type="10" schemaName="adx_webpage_shortcut" displayName="adx_webpage_shortcut" parentSchemaName="adx_shortcut" parentDisplayName="Shortcut" />
      </MissingDependency>
      <MissingDependency>
        <Required key="54" type="2" schemaName="adx_name" displayName="Name" parentSchemaName="adx_webpage" parentDisplayName="Web Page" solution="AdxstudioPortalsDependencies (1.0.0031)" />
        <Dependent key="32" type="10" schemaName="adx_webpage_shortcut" displayName="adx_webpage_shortcut" parentSchemaName="adx_shortcut" parentDisplayName="Shortcut" />
      </MissingDependency>
      <MissingDependency>
        <Required key="55" type="2" schemaName="adx_externalurl" displayName="External URL" parentSchemaName="adx_shortcut" parentDisplayName="Shortcut" solution="AdxstudioPortals (7.0.0060)" />
        <Dependent key="18" type="60" displayName="Information" parentDisplayName="Shortcut" id="{7b5e00b8-5515-4f92-9dd2-a37492153435}" />
      </MissingDependency>
      <MissingDependency>
        <Required key="56" type="2" schemaName="statecode" displayName="Status" parentSchemaName="adx_shortcut" parentDisplayName="Shortcut" solution="AdxstudioPortals (7.0.0060)" />
        <Dependent key="18" type="60" displayName="Information" parentDisplayName="Shortcut" id="{7b5e00b8-5515-4f92-9dd2-a37492153435}" />
      </MissingDependency>
      <MissingDependency>
        <Required key="57" type="2" schemaName="adx_name" displayName="Name" parentSchemaName="adx_shortcut" parentDisplayName="Shortcut" solution="AdxstudioPortals (7.0.0060)" />
        <Dependent key="18" type="60" displayName="Information" parentDisplayName="Shortcut" id="{7b5e00b8-5515-4f92-9dd2-a37492153435}" />
      </MissingDependency>
      <MissingDependency>
        <Required key="58" type="2" schemaName="adx_displayorder" displayName="Display Order" parentSchemaName="adx_shortcut" parentDisplayName="Shortcut" solution="AdxstudioPortals (7.0.0060)" />
        <Dependent key="18" type="60" displayName="Information" parentDisplayName="Shortcut" id="{7b5e00b8-5515-4f92-9dd2-a37492153435}" />
      </MissingDependency>
      <MissingDependency>
        <Required key="56" type="2" schemaName="statecode" displayName="Status" parentSchemaName="adx_shortcut" parentDisplayName="Shortcut" solution="AdxstudioPortals (7.0.0060)" />
        <Dependent key="59" type="60" displayName="Information" parentDisplayName="Shortcut" id="{59f245f3-67bc-4c9b-84b5-e0c5b38632d1}" />
      </MissingDependency>
      <MissingDependency>
        <Required key="57" type="2" schemaName="adx_name" displayName="Name" parentSchemaName="adx_shortcut" parentDisplayName="Shortcut" solution="AdxstudioPortals (7.0.0060)" />
        <Dependent key="59" type="60" displayName="Information" parentDisplayName="Shortcut" id="{59f245f3-67bc-4c9b-84b5-e0c5b38632d1}" />
      </MissingDependency>
      <MissingDependency>
        <Required key="60" type="2" schemaName="adx_description" displayName="Description" parentSchemaName="adx_shortcut" parentDisplayName="Shortcut" solution="AdxstudioPortals (7.0.0060)" />
        <Dependent key="18" type="60" displayName="Information" parentDisplayName="Shortcut" id="{7b5e00b8-5515-4f92-9dd2-a37492153435}" />
      </MissingDependency>
      <MissingDependency>
        <Required key="61" type="2" schemaName="adx_disabletargetvalidation" displayName="Disable Shortcut Target Validation" parentSchemaName="adx_shortcut" parentDisplayName="Shortcut" solution="AdxstudioPortals (7.0.0060)" />
        <Dependent key="18" type="60" displayName="Information" parentDisplayName="Shortcut" id="{7b5e00b8-5515-4f92-9dd2-a37492153435}" />
      </MissingDependency>
      <MissingDependency>
        <Required key="62" type="2" schemaName="adx_title" displayName="Title" parentSchemaName="adx_shortcut" parentDisplayName="Shortcut" solution="AdxstudioPortals (7.0.0060)" />
        <Dependent key="18" type="60" displayName="Information" parentDisplayName="Shortcut" id="{7b5e00b8-5515-4f92-9dd2-a37492153435}" />
      </MissingDependency>
      <MissingDependency>
        <Required key="63" type="2" schemaName="adx_websiteid" displayName="Website" parentSchemaName="adx_shortcut" parentDisplayName="Shortcut" solution="AdxstudioPortals (7.0.0060)" />
        <Dependent key="63" type="2" schemaName="adx_websiteid" displayName="Website" parentSchemaName="adx_shortcut" parentDisplayName="Shortcut" />
      </MissingDependency>
      <MissingDependency>
        <Required key="64" type="2" schemaName="adx_webfileid" displayName="Web File" parentSchemaName="adx_shortcut" parentDisplayName="Shortcut" solution="AdxstudioPortals (7.0.0060)" />
        <Dependent key="64" type="2" schemaName="adx_webfileid" displayName="Web File" parentSchemaName="adx_shortcut" parentDisplayName="Shortcut" />
      </MissingDependency>
      <MissingDependency>
        <Required key="65" type="2" schemaName="adx_webpageid" displayName="Web Page" parentSchemaName="adx_shortcut" parentDisplayName="Shortcut" solution="AdxstudioPortals (7.0.0060)" />
        <Dependent key="65" type="2" schemaName="adx_webpageid" displayName="Web Page" parentSchemaName="adx_shortcut" parentDisplayName="Shortcut" />
      </MissingDependency>
      <MissingDependency>
        <Required key="66" type="2" schemaName="adx_parentpage_webpageid" displayName="Parent Page" parentSchemaName="adx_shortcut" parentDisplayName="Shortcut" solution="AdxstudioPortals (7.0.0060)" />
        <Dependent key="66" type="2" schemaName="adx_parentpage_webpageid" displayName="Parent Page" parentSchemaName="adx_shortcut" parentDisplayName="Shortcut" />
      </MissingDependency>
      <MissingDependency>
        <Required key="20" type="10" schemaName="adx_website_shortcut" displayName="adx_website_shortcut" parentSchemaName="adx_shortcut" parentDisplayName="Shortcut" solution="AdxstudioPortals (7.0.0060)" />
        <Dependent key="20" type="10" schemaName="adx_website_shortcut" displayName="adx_website_shortcut" parentSchemaName="adx_shortcut" parentDisplayName="Shortcut" />
      </MissingDependency>
      <MissingDependency>
        <Required key="40" type="10" schemaName="adx_webfile_shortcut" displayName="adx_webfile_shortcut" parentSchemaName="adx_shortcut" parentDisplayName="Shortcut" solution="AdxstudioPortals (7.0.0060)" />
        <Dependent key="40" type="10" schemaName="adx_webfile_shortcut" displayName="adx_webfile_shortcut" parentSchemaName="adx_shortcut" parentDisplayName="Shortcut" />
      </MissingDependency>
      <MissingDependency>
        <Required key="32" type="10" schemaName="adx_webpage_shortcut" displayName="adx_webpage_shortcut" parentSchemaName="adx_shortcut" parentDisplayName="Shortcut" solution="AdxstudioPortals (7.0.0060)" />
        <Dependent key="32" type="10" schemaName="adx_webpage_shortcut" displayName="adx_webpage_shortcut" parentSchemaName="adx_shortcut" parentDisplayName="Shortcut" />
      </MissingDependency>
      <MissingDependency>
        <Required key="53" type="10" schemaName="adx_parentwebpage_shortcut" displayName="adx_parentwebpage_shortcut" parentSchemaName="adx_shortcut" parentDisplayName="Shortcut" solution="AdxstudioPortals (7.0.0060)" />
        <Dependent key="53" type="10" schemaName="adx_parentwebpage_shortcut" displayName="adx_parentwebpage_shortcut" parentSchemaName="adx_shortcut" parentDisplayName="Shortcut" />
      </MissingDependency>
      <MissingDependency>
        <Required key="20" type="10" schemaName="adx_website_shortcut" displayName="adx_website_shortcut" parentSchemaName="adx_shortcut" parentDisplayName="Shortcut" solution="AdxstudioPortals (7.0.0060)" />
        <Dependent key="67" type="2" schemaName="adx_websiteidname" parentSchemaName="adx_shortcut" parentDisplayName="Shortcut" />
      </MissingDependency>
      <MissingDependency>
        <Required key="40" type="10" schemaName="adx_webfile_shortcut" displayName="adx_webfile_shortcut" parentSchemaName="adx_shortcut" parentDisplayName="Shortcut" solution="AdxstudioPortals (7.0.0060)" />
        <Dependent key="68" type="2" schemaName="adx_webfileidname" parentSchemaName="adx_shortcut" parentDisplayName="Shortcut" />
      </MissingDependency>
      <MissingDependency>
        <Required key="53" type="10" schemaName="adx_parentwebpage_shortcut" displayName="adx_parentwebpage_shortcut" parentSchemaName="adx_shortcut" parentDisplayName="Shortcut" solution="AdxstudioPortals (7.0.0060)" />
        <Dependent key="69" type="2" schemaName="adx_parentpage_webpageidname" parentSchemaName="adx_shortcut" parentDisplayName="Shortcut" />
      </MissingDependency>
      <MissingDependency>
        <Required key="32" type="10" schemaName="adx_webpage_shortcut" displayName="adx_webpage_shortcut" parentSchemaName="adx_shortcut" parentDisplayName="Shortcut" solution="AdxstudioPortals (7.0.0060)" />
        <Dependent key="70" type="2" schemaName="adx_webpageidname" parentSchemaName="adx_shortcut" parentDisplayName="Shortcut" />
      </MissingDependency>
      <MissingDependency>
        <Required key="20" type="10" schemaName="adx_website_shortcut" displayName="adx_website_shortcut" parentSchemaName="adx_shortcut" parentDisplayName="Shortcut" solution="AdxstudioPortals (7.0.0060)" />
        <Dependent key="18" type="60" displayName="Information" parentDisplayName="Shortcut" id="{7b5e00b8-5515-4f92-9dd2-a37492153435}" />
      </MissingDependency>
      <MissingDependency>
        <Required key="40" type="10" schemaName="adx_webfile_shortcut" displayName="adx_webfile_shortcut" parentSchemaName="adx_shortcut" parentDisplayName="Shortcut" solution="AdxstudioPortals (7.0.0060)" />
        <Dependent key="18" type="60" displayName="Information" parentDisplayName="Shortcut" id="{7b5e00b8-5515-4f92-9dd2-a37492153435}" />
      </MissingDependency>
      <MissingDependency>
        <Required key="32" type="10" schemaName="adx_webpage_shortcut" displayName="adx_webpage_shortcut" parentSchemaName="adx_shortcut" parentDisplayName="Shortcut" solution="AdxstudioPortals (7.0.0060)" />
        <Dependent key="18" type="60" displayName="Information" parentDisplayName="Shortcut" id="{7b5e00b8-5515-4f92-9dd2-a37492153435}" />
      </MissingDependency>
      <MissingDependency>
        <Required key="53" type="10" schemaName="adx_parentwebpage_shortcut" displayName="adx_parentwebpage_shortcut" parentSchemaName="adx_shortcut" parentDisplayName="Shortcut" solution="AdxstudioPortals (7.0.0060)" />
        <Dependent key="18" type="60" displayName="Information" parentDisplayName="Shortcut" id="{7b5e00b8-5515-4f92-9dd2-a37492153435}" />
      </MissingDependency>
      <MissingDependency>
        <Required key="71" type="10" schemaName="adx_website_publishingstate" displayName="adx_website_publishingstate" parentSchemaName="adx_publishingstate" parentDisplayName="Publishing State" solution="AdxstudioPortals (7.0.0060)" />
        <Dependent key="19" type="60" displayName="Information" parentDisplayName="Forum" id="{b3aa8ee3-42a4-4983-bc25-fde77738edb0}" />
      </MissingDependency>
      <MissingDependency>
        <Required key="72" type="10" schemaName="adx_website_pagetemplate" displayName="adx_website_pagetemplate" parentSchemaName="adx_pagetemplate" parentDisplayName="Page Template" solution="AdxstudioPortalsDependencies (1.0.0031)" />
        <Dependent key="19" type="60" displayName="Information" parentDisplayName="Forum" id="{b3aa8ee3-42a4-4983-bc25-fde77738edb0}" />
      </MissingDependency>
      <MissingDependency>
        <Required key="73" type="10" schemaName="adx_website_webpage" displayName="adx_website_webpage" parentSchemaName="adx_webpage" parentDisplayName="Web Page" solution="AdxstudioPortalsDependencies (1.0.0031)" />
        <Dependent key="19" type="60" displayName="Information" parentDisplayName="Forum" id="{b3aa8ee3-42a4-4983-bc25-fde77738edb0}" />
      </MissingDependency>
      <MissingDependency>
        <Required key="73" type="10" schemaName="adx_website_webpage" displayName="adx_website_webpage" parentSchemaName="adx_webpage" parentDisplayName="Web Page" solution="AdxstudioPortalsDependencies (1.0.0031)" />
        <Dependent key="18" type="60" displayName="Information" parentDisplayName="Shortcut" id="{7b5e00b8-5515-4f92-9dd2-a37492153435}" />
      </MissingDependency>
      <MissingDependency>
        <Required key="74" type="10" schemaName="adx_website_webfile" displayName="adx_website_webfile" parentSchemaName="adx_webfile" parentDisplayName="Web File" solution="AdxstudioPortalsDependencies (1.0.0031)" />
        <Dependent key="18" type="60" displayName="Information" parentDisplayName="Shortcut" id="{7b5e00b8-5515-4f92-9dd2-a37492153435}" />
      </MissingDependency>
      <MissingDependency>
        <Required key="75" type="1" schemaName="contact" displayName="Contact" solution="System" />
        <Dependent key="76" type="10" schemaName="adx_contact_communityforumalert" displayName="adx_contact_communityforumalert" parentSchemaName="adx_communityforumalert" parentDisplayName="Forum Alert" />
      </MissingDependency>
      <MissingDependency>
        <Required key="75" type="1" schemaName="contact" displayName="Contact" solution="System" />
        <Dependent key="77" type="10" schemaName="adx_contact_communityforumpost" displayName="adx_contact_communityforumpost" parentSchemaName="adx_communityforumpost" parentDisplayName="Forum Post" />
      </MissingDependency>
      <MissingDependency>
        <Required key="5" type="1" schemaName="adx_publishingstate" displayName="Publishing State" solution="AdxstudioPortals (7.0.0060)" />
        <Dependent key="8" type="10" schemaName="adx_publishingstate_communityforumpost" displayName="adx_publishingstate_communityforumpost" parentSchemaName="adx_communityforumpost" parentDisplayName="Forum Post" />
      </MissingDependency>
      <MissingDependency>
        <Required key="21" type="1" schemaName="adx_pagetemplate" displayName="Page Template" solution="AdxstudioPortalsDependencies (1.0.0031)" />
        <Dependent key="51" type="10" schemaName="adx_threadpagetemplate_communityforum" displayName="adx_threadpagetemplate_communityforum" parentSchemaName="adx_communityforum" parentDisplayName="Forum" />
      </MissingDependency>
      <MissingDependency>
        <Required key="31" type="1" schemaName="adx_webpage" displayName="Web Page" solution="AdxstudioPortalsDependencies (1.0.0031)" />
        <Dependent key="34" type="10" schemaName="adx_webpage_communityforum" displayName="adx_webpage_communityforum" parentSchemaName="adx_communityforum" parentDisplayName="Forum" />
      </MissingDependency>
      <MissingDependency>
        <Required key="31" type="1" schemaName="adx_webpage" displayName="Web Page" solution="AdxstudioPortalsDependencies (1.0.0031)" />
        <Dependent key="33" type="10" schemaName="adx_webpage_forumnotification" displayName="adx_webpage_forumnotification" parentSchemaName="adx_forumnotification" parentDisplayName="Forum Notification" />
      </MissingDependency>
      <MissingDependency>
        <Required key="5" type="1" schemaName="adx_publishingstate" displayName="Publishing State" solution="AdxstudioPortals (7.0.0060)" />
        <Dependent key="7" type="10" schemaName="adx_publishingstate_communityforumthread" displayName="adx_publishingstate_communityforumthread" parentSchemaName="adx_communityforumthread" parentDisplayName="Forum Thread" />
      </MissingDependency>
      <MissingDependency>
        <Required key="14" type="1" schemaName="adx_website" displayName="Website" solution="AdxstudioPortalsDependencies (1.0.0031)" />
        <Dependent key="17" type="10" schemaName="adx_website_communityforum" displayName="adx_website_communityforum" parentSchemaName="adx_communityforum" parentDisplayName="Forum" />
      </MissingDependency>
      <MissingDependency>
        <Required key="75" type="1" schemaName="contact" displayName="Contact" solution="System" />
        <Dependent key="78" type="10" schemaName="adx_communityforumthread_contact" displayName="adx_communityforumthread_contact" parentSchemaName="adx_communityforumthread" parentDisplayName="Forum Thread" />
      </MissingDependency>
      <MissingDependency>
        <Required key="75" type="1" schemaName="contact" displayName="Contact" solution="System" />
        <Dependent key="79" type="10" schemaName="adx_contact_forumnotification" displayName="adx_contact_forumnotification" parentSchemaName="adx_forumnotification" parentDisplayName="Forum Notification" />
      </MissingDependency>
      <MissingDependency>
        <Required key="75" type="1" schemaName="contact" displayName="Contact" solution="System" />
        <Dependent key="80" type="10" schemaName="adx_contact_communityforumannouncement" displayName="adx_contact_communityforumannouncement" parentSchemaName="adx_communityforumannouncement" parentDisplayName="Forum Announcement" />
      </MissingDependency>
      <MissingDependency>
        <Required key="5" type="1" schemaName="adx_publishingstate" displayName="Publishing State" solution="AdxstudioPortals (7.0.0060)" />
        <Dependent key="6" type="10" schemaName="adx_publishingstate_communityforum" displayName="adx_publishingstate_communityforum" parentSchemaName="adx_communityforum" parentDisplayName="Forum" />
      </MissingDependency>
      <MissingDependency>
        <Required key="26" type="1" schemaName="adx_webrole" displayName="Web Role" solution="AdxstudioPortalsDependencies (1.0.0031)" />
        <Dependent key="81" type="10" schemaName="adx_communityforumaccesspermission_webrole" displayName="adx_communityforumaccesspermission_webrole" parentSchemaName="adx_communityforumaccesspermission" parentDisplayName="Forum Access Permission" />
      </MissingDependency>
      <MissingDependency>
        <Required key="21" type="1" schemaName="adx_pagetemplate" displayName="Page Template" solution="AdxstudioPortalsDependencies (1.0.0031)" />
        <Dependent key="22" type="10" schemaName="adx_forumpagetemplate_communityforum" displayName="adx_forumpagetemplate_communityforum" parentSchemaName="adx_communityforum" parentDisplayName="Forum" />
      </MissingDependency>
      <MissingDependency>
        <Required key="14" type="1" schemaName="adx_website" displayName="Website" solution="AdxstudioPortalsDependencies (1.0.0031)" />
        <Dependent key="15" type="10" schemaName="adx_website_forumnotification" displayName="adx_website_forumnotification" parentSchemaName="adx_forumnotification" parentDisplayName="Forum Notification" />
      </MissingDependency>
      <MissingDependency>
        <Required key="75" type="1" schemaName="contact" displayName="Contact" solution="System" />
        <Dependent key="82" type="10" schemaName="adx_forum_activityalert" displayName="adx_forum_activityalert" parentSchemaName="adx_communityforum" parentDisplayName="Forum" />
      </MissingDependency>
      <MissingDependency>
        <Required key="83" type="1" schemaName="adx_tag" displayName="Tag" solution="AdxstudioPortals (7.0.0060)" />
        <Dependent key="84" type="10" schemaName="adx_communityforumthread_tag" displayName="adx_communityforumthread_tag" parentSchemaName="adx_communityforumthread" parentDisplayName="Forum Thread" />
      </MissingDependency>
      <MissingDependency>
        <Required key="14" type="1" schemaName="adx_website" displayName="Website" solution="AdxstudioPortalsDependencies (1.0.0031)" />
        <Dependent key="16" type="10" schemaName="adx_website_forumthreadtype" displayName="adx_website_forumthreadtype" parentSchemaName="adx_forumthreadtype" parentDisplayName="Forum Thread Type" />
      </MissingDependency>
      <MissingDependency>
        <Required key="85" type="26" schemaName="Page Template Lookup View" displayName="Page Template Lookup View" parentSchemaName="adx_pagetemplate" parentDisplayName="Page Template" solution="AdxstudioPortalsDependencies (1.0.0031)" id="{a90e04f7-39cc-40f5-88d6-c4c756c1083c}" />
        <Dependent key="19" type="60" displayName="Information" parentDisplayName="Forum" id="{b3aa8ee3-42a4-4983-bc25-fde77738edb0}" />
      </MissingDependency>
      <MissingDependency>
        <Required key="86" type="26" schemaName="Event Management Web Pages" displayName="Event Management Web Pages" parentSchemaName="adx_webpage" parentDisplayName="Web Page" solution="AdxstudioPortalsDependencies (1.0.0031)" id="{d0f45133-c02a-df11-ac48-00155d035a12}" />
        <Dependent key="19" type="60" displayName="Information" parentDisplayName="Forum" id="{b3aa8ee3-42a4-4983-bc25-fde77738edb0}" />
      </MissingDependency>
      <MissingDependency>
        <Required key="87" type="26" schemaName="Web File Lookup View" displayName="Web File Lookup View" parentSchemaName="adx_webfile" parentDisplayName="Web File" solution="AdxstudioPortalsDependencies (1.0.0031)" id="{284bcd7a-a506-4f40-a709-1a4384af1f02}" />
        <Dependent key="18" type="60" displayName="Information" parentDisplayName="Shortcut" id="{7b5e00b8-5515-4f92-9dd2-a37492153435}" />
      </MissingDependency>
      <MissingDependency>
        <Required key="88" type="26" schemaName="Active Web Roles" displayName="Active Web Roles" parentSchemaName="adx_webrole" parentDisplayName="Web Role" solution="AdxstudioPortalsDependencies (1.0.0031)" id="{8a3aad5d-06ee-40ad-a1ba-000c521a8f83}" />
        <Dependent key="27" type="60" displayName="Information" parentDisplayName="Forum Access Permission" id="{69616887-89b2-421c-a369-666319ac7404}" />
      </MissingDependency>
      <MissingDependency>
        <Required key="89" type="26" schemaName="Contacts Lookup View" displayName="Contacts Lookup View" parentSchemaName="contact" parentDisplayName="Contact" solution="System" id="{a2d479c5-53e3-4c69-addd-802327e67a0d}" />
        <Dependent key="90" type="60" displayName="Information" parentDisplayName="Forum Post" id="{b3c685ab-4609-43b1-aeef-86f80f9649b3}" />
      </MissingDependency>
      <MissingDependency>
        <Required key="91" type="26" schemaName="Active WebPages" displayName="Active WebPages" parentSchemaName="adx_webpage" parentDisplayName="Web Page" solution="AdxstudioPortalsDependencies (1.0.0031)" id="{ebc6fc95-4c19-44e0-8ba5-cb188ddf8a14}" />
        <Dependent key="19" type="60" displayName="Information" parentDisplayName="Forum" id="{b3aa8ee3-42a4-4983-bc25-fde77738edb0}" />
      </MissingDependency>
      <MissingDependency>
        <Required key="92" type="26" schemaName="Inactive WebPages" displayName="Inactive WebPages" parentSchemaName="adx_webpage" parentDisplayName="Web Page" solution="AdxstudioPortalsDependencies (1.0.0031)" id="{aab2f4bb-7813-46b2-9891-4c050325962b}" />
        <Dependent key="19" type="60" displayName="Information" parentDisplayName="Forum" id="{b3aa8ee3-42a4-4983-bc25-fde77738edb0}" />
      </MissingDependency>
      <MissingDependency>
        <Required key="93" type="26" schemaName="Web Page Lookup View" displayName="Web Page Lookup View" parentSchemaName="adx_webpage" parentDisplayName="Web Page" solution="AdxstudioPortalsDependencies (1.0.0031)" id="{d40f1c4b-2b80-4d7d-8ed1-d5817562ab54}" />
        <Dependent key="19" type="60" displayName="Information" parentDisplayName="Forum" id="{b3aa8ee3-42a4-4983-bc25-fde77738edb0}" />
      </MissingDependency>
      <MissingDependency>
        <Required key="93" type="26" schemaName="Web Page Lookup View" displayName="Web Page Lookup View" parentSchemaName="adx_webpage" parentDisplayName="Web Page" solution="AdxstudioPortalsDependencies (1.0.0031)" id="{d40f1c4b-2b80-4d7d-8ed1-d5817562ab54}" />
        <Dependent key="18" type="60" displayName="Information" parentDisplayName="Shortcut" id="{7b5e00b8-5515-4f92-9dd2-a37492153435}" />
      </MissingDependency>
      <MissingDependency>
        <Required key="94" type="26" schemaName="Website Lookup View" displayName="Website Lookup View" parentSchemaName="adx_website" parentDisplayName="Website" solution="AdxstudioPortalsDependencies (1.0.0031)" id="{52f03978-5c2c-426f-a5cf-7b76b8a043db}" />
        <Dependent key="18" type="60" displayName="Information" parentDisplayName="Shortcut" id="{7b5e00b8-5515-4f92-9dd2-a37492153435}" />
      </MissingDependency>
      <MissingDependency>
        <Required key="95" type="26" schemaName="Publishing State Lookup View" displayName="Publishing State Lookup View" parentSchemaName="adx_publishingstate" parentDisplayName="Publishing State" solution="AdxstudioPortals (7.0.0060)" id="{c0fc9644-2a90-43cb-93ba-7e06dd4b9641}" />
        <Dependent key="19" type="60" displayName="Information" parentDisplayName="Forum" id="{b3aa8ee3-42a4-4983-bc25-fde77738edb0}" />
      </MissingDependency>
      <MissingDependency>
        <Required key="59" type="60" displayName="Information" parentDisplayName="Shortcut" solution="AdxstudioPortals (7.0.0060)" id="{59f245f3-67bc-4c9b-84b5-e0c5b38632d1}" />
        <Dependent key="59" type="60" displayName="Information" parentDisplayName="Shortcut" id="{59f245f3-67bc-4c9b-84b5-e0c5b38632d1}" />
      </MissingDependency>
      <MissingDependency>
        <Required key="18" type="60" displayName="Information" parentDisplayName="Shortcut" solution="AdxstudioPortals (7.0.0060)" id="{7b5e00b8-5515-4f92-9dd2-a37492153435}" />
        <Dependent key="18" type="60" displayName="Information" parentDisplayName="Shortcut" id="{7b5e00b8-5515-4f92-9dd2-a37492153435}" />
      </MissingDependency>
      <MissingDependency>
        <Required key="96" type="61" schemaName="adx_icon_pagealert_small" displayName="adx_icon_pagealert_small" solution="AdxstudioPortals (7.0.0060)" />
        <Dependent key="97" type="1" schemaName="adx_forumnotification" displayName="Forum Notification" />
      </MissingDependency>
      <MissingDependency>
        <Required key="98" type="61" schemaName="adx_shortcut_medium" displayName="adx_shortcut_medium" solution="AdxstudioPortals (7.0.0060)" />
        <Dependent key="0" type="1" schemaName="adx_shortcut" displayName="Shortcut" />
      </MissingDependency>
      <MissingDependency>
        <Required key="99" type="61" schemaName="adx_shortcut_small" displayName="adx_shortcut_small" solution="AdxstudioPortals (7.0.0060)" />
        <Dependent key="0" type="1" schemaName="adx_shortcut" displayName="Shortcut" />
      </MissingDependency>
      <MissingDependency>
        <Required key="100" type="61" schemaName="adx_icon_pagealert_medium" displayName="adx_icon_pagealert_medium" solution="AdxstudioPortals (7.0.0060)" />
        <Dependent key="97" type="1" schemaName="adx_forumnotification" displayName="Forum Notification" />
      </MissingDependency>
      <MissingDependency>
        <Required key="101" type="61" schemaName="adx_/tinymce/tinymce.html" displayName="adx_/tinymce/tinymce.html" solution="AdxstudioPortals (7.0.0060)" />
        <Dependent key="102" type="60" displayName="Information" parentDisplayName="Forum Announcement" id="{454e8ad6-0eef-4992-8bab-1f91a9deb732}" />
      </MissingDependency>
      <MissingDependency>
        <Required key="101" type="61" schemaName="adx_/tinymce/tinymce.html" displayName="adx_/tinymce/tinymce.html" solution="AdxstudioPortals (7.0.0060)" />
        <Dependent key="18" type="60" displayName="Information" parentDisplayName="Shortcut" id="{7b5e00b8-5515-4f92-9dd2-a37492153435}" />
      </MissingDependency>
      <MissingDependency>
        <Required key="101" type="61" schemaName="adx_/tinymce/tinymce.html" displayName="adx_/tinymce/tinymce.html" solution="AdxstudioPortals (7.0.0060)" />
        <Dependent key="90" type="60" displayName="Information" parentDisplayName="Forum Post" id="{b3c685ab-4609-43b1-aeef-86f80f9649b3}" />
      </MissingDependency>
      <MissingDependency>
        <Required key="103" type="61" schemaName="adx_icon_nav_cms_small" displayName="adx_icon_nav_cms_small" solution="AdxstudioPortals (7.0.0060)" />
        <Dependent key="2" type="62" id="{17a3a638-e33c-e311-93f9-00155d03a503}" />
      </MissingDependency>
    </MissingDependencies>
  </SolutionManifest>
</ImportExportXml>