<ImportExportXml xmlns:xsi="http://www.w3.org/2001/XMLSchema-instance">
  <Entities></Entities>
  <Roles></Roles>
  <Workflows>
    <Workflow WorkflowId="{345b4f2e-d13a-4f6a-9327-d2549e39e714}" Name="Send Job Applicant Email">
      <XamlFileName>/Workflows/SendJobApplicantEmail-345B4F2E-D13A-4F6A-9327-D2549E39E714.xaml</XamlFileName>
      <Type>1</Type>
      <Subprocess>0</Subprocess>
      <Category>0</Category>
      <Mode>0</Mode>
      <Scope>4</Scope>
      <OnDemand>0</OnDemand>
      <TriggerOnCreate>1</TriggerOnCreate>
      <TriggerOnDelete>0</TriggerOnDelete>
      <AsyncAutodelete>0</AsyncAutodelete>
      <SyncWorkflowLogOnFailure>0</SyncWorkflowLogOnFailure>
      <StateCode>1</StateCode>
      <StatusCode>2</StatusCode>
      <IsTransacted>0</IsTransacted>
      <IntroducedVersion>7.0.0003</IntroducedVersion>
      <IsCustomizable>1</IsCustomizable>
      <PrimaryEntity>Adx_jobapplication</PrimaryEntity>
    </Workflow>
    <Workflow WorkflowId="{15bd2e76-3c8a-473e-aee7-07a8145dec74}" Name="Set Job Application Name Field">
      <XamlFileName>/Workflows/SetJobApplicationNameField-15BD2E76-3C8A-473E-AEE7-07A8145DEC74.xaml</XamlFileName>
      <Type>1</Type>
      <Subprocess>0</Subprocess>
      <Category>0</Category>
      <Mode>0</Mode>
      <Scope>4</Scope>
      <OnDemand>0</OnDemand>
      <TriggerOnUpdateAttributeList>adx_lastname,adx_jobpostingid,adx_firstname,adx_applicantid</TriggerOnUpdateAttributeList>
      <TriggerOnCreate>1</TriggerOnCreate>
      <TriggerOnDelete>0</TriggerOnDelete>
      <AsyncAutodelete>0</AsyncAutodelete>
      <SyncWorkflowLogOnFailure>0</SyncWorkflowLogOnFailure>
      <StateCode>1</StateCode>
      <StatusCode>2</StatusCode>
      <IsTransacted>0</IsTransacted>
      <IntroducedVersion>7.0.0003</IntroducedVersion>
      <IsCustomizable>1</IsCustomizable>
      <PrimaryEntity>Adx_jobapplication</PrimaryEntity>
    </Workflow>
  </Workflows>
  <FieldSecurityProfiles></FieldSecurityProfiles>
  <Templates />
  <EntityMaps />
  <EntityRelationships />
  <OrganizationSettings />
  <optionsets />
  <Languages>
    <Language>1033</Language>
  </Languages>
</ImportExportXml>