<ImportExportXml version="6.0.0000.0809" SolutionPackageVersion="6.0" languagecode="1033" generatedBy="OnPremise" xmlns:xsi="http://www.w3.org/2001/XMLSchema-instance">
  <SolutionManifest>
    <UniqueName>AdxstudioCareersWorkflows</UniqueName>
    <LocalizedNames>
      <LocalizedName description="Adxstudio Careers Workflows" languagecode="1033" />
    </LocalizedNames>
    <Descriptions>
      <Description description="Workflow processes utilized by Adxstudio Careers" languagecode="1033" />
    </Descriptions>
    <Version>7.0.0005</Version>
    <Managed>1</Managed>
    <Publisher>
      <UniqueName>adxstudio</UniqueName>
      <LocalizedNames>
        <LocalizedName description="Adxstudio Inc." languagecode="1033" />
      </LocalizedNames>
      <Descriptions>
        <Description description="Adxstudio brings qualified expertise in web portal and CMS frameworks to Microsoft Dynamics CRM with xRM Portals (CfMD), an integrated bundle of web portal accelerators which add sophisticated content management, event coordination, membership, profile and self-service capabilities to Dynamics CRM." languagecode="1033" />
      </Descriptions>
      <EMailAddress>support@adxstudio.com</EMailAddress>
      <SupportingWebsiteUrl>http://www.adxstudio.com</SupportingWebsiteUrl>
      <CustomizationPrefix>adx</CustomizationPrefix>
      <CustomizationOptionValuePrefix>75615</CustomizationOptionValuePrefix>
      <Addresses>
        <Address>
          <AddressNumber>1</AddressNumber>
          <AddressTypeCode>1</AddressTypeCode>
          <City xsi:nil="true"></City>
          <County xsi:nil="true"></County>
          <Country xsi:nil="true"></Country>
          <Fax xsi:nil="true"></Fax>
          <FreightTermsCode xsi:nil="true"></FreightTermsCode>
          <ImportSequenceNumber xsi:nil="true"></ImportSequenceNumber>
          <Latitude xsi:nil="true"></Latitude>
          <Line1 xsi:nil="true"></Line1>
          <Line2 xsi:nil="true"></Line2>
          <Line3 xsi:nil="true"></Line3>
          <Longitude xsi:nil="true"></Longitude>
          <Name xsi:nil="true"></Name>
          <PostalCode xsi:nil="true"></PostalCode>
          <PostOfficeBox xsi:nil="true"></PostOfficeBox>
          <PrimaryContactName xsi:nil="true"></PrimaryContactName>
          <ShippingMethodCode>1</ShippingMethodCode>
          <StateOrProvince xsi:nil="true"></StateOrProvince>
          <Telephone1 xsi:nil="true"></Telephone1>
          <Telephone2 xsi:nil="true"></Telephone2>
          <Telephone3 xsi:nil="true"></Telephone3>
          <TimeZoneRuleVersionNumber xsi:nil="true"></TimeZoneRuleVersionNumber>
          <UPSZone xsi:nil="true"></UPSZone>
          <UTCOffset xsi:nil="true"></UTCOffset>
          <UTCConversionTimeZoneCode xsi:nil="true"></UTCConversionTimeZoneCode>
        </Address>
        <Address>
          <AddressNumber>2</AddressNumber>
          <AddressTypeCode>1</AddressTypeCode>
          <City xsi:nil="true"></City>
          <County xsi:nil="true"></County>
          <Country xsi:nil="true"></Country>
          <Fax xsi:nil="true"></Fax>
          <FreightTermsCode xsi:nil="true"></FreightTermsCode>
          <ImportSequenceNumber xsi:nil="true"></ImportSequenceNumber>
          <Latitude xsi:nil="true"></Latitude>
          <Line1 xsi:nil="true"></Line1>
          <Line2 xsi:nil="true"></Line2>
          <Line3 xsi:nil="true"></Line3>
          <Longitude xsi:nil="true"></Longitude>
          <Name xsi:nil="true"></Name>
          <PostalCode xsi:nil="true"></PostalCode>
          <PostOfficeBox xsi:nil="true"></PostOfficeBox>
          <PrimaryContactName xsi:nil="true"></PrimaryContactName>
          <ShippingMethodCode>1</ShippingMethodCode>
          <StateOrProvince xsi:nil="true"></StateOrProvince>
          <Telephone1 xsi:nil="true"></Telephone1>
          <Telephone2 xsi:nil="true"></Telephone2>
          <Telephone3 xsi:nil="true"></Telephone3>
          <TimeZoneRuleVersionNumber xsi:nil="true"></TimeZoneRuleVersionNumber>
          <UPSZone xsi:nil="true"></UPSZone>
          <UTCOffset xsi:nil="true"></UTCOffset>
          <UTCConversionTimeZoneCode xsi:nil="true"></UTCConversionTimeZoneCode>
        </Address>
      </Addresses>
    </Publisher>
    <RootComponents>
      <RootComponent type="29" id="{15bd2e76-3c8a-473e-aee7-07a8145dec74}" />
      <RootComponent type="29" id="{345b4f2e-d13a-4f6a-9327-d2549e39e714}" />
    </RootComponents>
    <MissingDependencies>
      <MissingDependency>
        <Required key="0" type="1" schemaName="adx_jobapplication" displayName="Job Application" solution="Active" />
        <Dependent key="1" type="29" displayName="Send Job Applicant Email" id="{345b4f2e-d13a-4f6a-9327-d2549e39e714}" />
      </MissingDependency>
      <MissingDependency>
        <Required key="0" type="1" schemaName="adx_jobapplication" displayName="Job Application" solution="Active" />
        <Dependent key="2" type="29" displayName="Set Job Application Name Field" id="{15bd2e76-3c8a-473e-aee7-07a8145dec74}" />
      </MissingDependency>
      <MissingDependency>
        <Required key="3" type="2" schemaName="adx_name" displayName="Name" parentSchemaName="adx_jobapplication" parentDisplayName="Job Application" solution="Active" />
        <Dependent key="2" type="29" displayName="Set Job Application Name Field" id="{15bd2e76-3c8a-473e-aee7-07a8145dec74}" />
      </MissingDependency>
      <MissingDependency>
        <Required key="4" type="2" schemaName="adx_lastname" displayName="Last Name" parentSchemaName="adx_jobapplication" parentDisplayName="Job Application" solution="Active" />
        <Dependent key="2" type="29" displayName="Set Job Application Name Field" id="{15bd2e76-3c8a-473e-aee7-07a8145dec74}" />
      </MissingDependency>
      <MissingDependency>
        <Required key="5" type="2" schemaName="adx_applicantid" displayName="Applicant" parentSchemaName="adx_jobapplication" parentDisplayName="Job Application" solution="Active" />
        <Dependent key="2" type="29" displayName="Set Job Application Name Field" id="{15bd2e76-3c8a-473e-aee7-07a8145dec74}" />
      </MissingDependency>
      <MissingDependency>
        <Required key="6" type="2" schemaName="adx_firstname" displayName="First Name" parentSchemaName="adx_jobapplication" parentDisplayName="Job Application" solution="Active" />
        <Dependent key="2" type="29" displayName="Set Job Application Name Field" id="{15bd2e76-3c8a-473e-aee7-07a8145dec74}" />
      </MissingDependency>
      <MissingDependency>
        <Required key="7" type="2" schemaName="adx_jobapplicationid" displayName="Job Application" parentSchemaName="adx_jobapplication" parentDisplayName="Job Application" solution="Active" />
        <Dependent key="2" type="29" displayName="Set Job Application Name Field" id="{15bd2e76-3c8a-473e-aee7-07a8145dec74}" />
      </MissingDependency>
      <MissingDependency>
        <Required key="8" type="2" schemaName="adx_jobpostingid" displayName="Job Posting" parentSchemaName="adx_jobapplication" parentDisplayName="Job Application" solution="Active" />
        <Dependent key="2" type="29" displayName="Set Job Application Name Field" id="{15bd2e76-3c8a-473e-aee7-07a8145dec74}" />
      </MissingDependency>
      <MissingDependency>
        <Required key="9" type="2" schemaName="adx_referencenumber" displayName="Reference Number" parentSchemaName="adx_jobapplication" parentDisplayName="Job Application" solution="Active" />
        <Dependent key="1" type="29" displayName="Send Job Applicant Email" id="{345b4f2e-d13a-4f6a-9327-d2549e39e714}" />
      </MissingDependency>
      <MissingDependency>
        <Required key="8" type="2" schemaName="adx_jobpostingid" displayName="Job Posting" parentSchemaName="adx_jobapplication" parentDisplayName="Job Application" solution="Active" />
        <Dependent key="1" type="29" displayName="Send Job Applicant Email" id="{345b4f2e-d13a-4f6a-9327-d2549e39e714}" />
      </MissingDependency>
      <MissingDependency>
        <Required key="7" type="2" schemaName="adx_jobapplicationid" displayName="Job Application" parentSchemaName="adx_jobapplication" parentDisplayName="Job Application" solution="Active" />
        <Dependent key="1" type="29" displayName="Send Job Applicant Email" id="{345b4f2e-d13a-4f6a-9327-d2549e39e714}" />
      </MissingDependency>
      <MissingDependency>
        <Required key="5" type="2" schemaName="adx_applicantid" displayName="Applicant" parentSchemaName="adx_jobapplication" parentDisplayName="Job Application" solution="Active" />
        <Dependent key="1" type="29" displayName="Send Job Applicant Email" id="{345b4f2e-d13a-4f6a-9327-d2549e39e714}" />
      </MissingDependency>
      <MissingDependency>
        <Required key="3" type="2" schemaName="adx_name" displayName="Name" parentSchemaName="adx_jobapplication" parentDisplayName="Job Application" solution="Active" />
        <Dependent key="1" type="29" displayName="Send Job Applicant Email" id="{345b4f2e-d13a-4f6a-9327-d2549e39e714}" />
      </MissingDependency>
      <MissingDependency>
        <Required key="10" type="10" schemaName="adx_contact_adx_jobapplication" solution="Active" />
        <Dependent key="1" type="29" displayName="Send Job Applicant Email" id="{345b4f2e-d13a-4f6a-9327-d2549e39e714}" />
      </MissingDependency>
      <MissingDependency>
        <Required key="10" type="10" schemaName="adx_contact_adx_jobapplication" solution="Active" />
        <Dependent key="2" type="29" displayName="Set Job Application Name Field" id="{15bd2e76-3c8a-473e-aee7-07a8145dec74}" />
      </MissingDependency>
    </MissingDependencies>
  </SolutionManifest>
</ImportExportXml>