﻿<?xml version="1.0" encoding="utf-8"?>
<ImportExportXml version="6.1.0002.0112" SolutionPackageVersion="6.0" languagecode="1033" generatedBy="OnPremise" xmlns:xsi="http://www.w3.org/2001/XMLSchema-instance">
  <SolutionManifest>
    <UniqueName>AdxstudioEventManagement</UniqueName>
    <LocalizedNames>
      <LocalizedName description="Adxstudio Event Management" languagecode="1033" />
    </LocalizedNames>
    <Descriptions>
      <Description description="Event Management extend Adxstudio Portals with a comprehensive Event Management solution, to coordinate your important event information and keep everyone notified as the details emerge." languagecode="1033" />
    </Descriptions>
    <Version>7.0.0009</Version>
    <Managed>1</Managed>
    <Publisher>
      <UniqueName>adxstudio</UniqueName>
      <LocalizedNames>
        <LocalizedName description="Adxstudio Inc." languagecode="1033" />
      </LocalizedNames>
      <Descriptions>
        <Description description="Adxstudio brings qualified expertise in web portal and CMS frameworks to Microsoft Dynamics CRM with xRM Portals (CfMD), an integrated bundle of web portal accelerators which add sophisticated content management, event coordination, membership, profile and self-service capabilities to Dynamics CRM." languagecode="1033" />
      </Descriptions>
      <EMailAddress>support@adxstudio.com</EMailAddress>
      <SupportingWebsiteUrl>http://www.adxstudio.com</SupportingWebsiteUrl>
      <CustomizationPrefix>adx</CustomizationPrefix>
      <CustomizationOptionValuePrefix>75615</CustomizationOptionValuePrefix>
      <Addresses>
        <Address>
          <AddressNumber>1</AddressNumber>
          <AddressTypeCode>1</AddressTypeCode>
          <City xsi:nil="true"></City>
          <County xsi:nil="true"></County>
          <Country xsi:nil="true"></Country>
          <Fax xsi:nil="true"></Fax>
          <FreightTermsCode xsi:nil="true"></FreightTermsCode>
          <ImportSequenceNumber xsi:nil="true"></ImportSequenceNumber>
          <Latitude xsi:nil="true"></Latitude>
          <Line1 xsi:nil="true"></Line1>
          <Line2 xsi:nil="true"></Line2>
          <Line3 xsi:nil="true"></Line3>
          <Longitude xsi:nil="true"></Longitude>
          <Name xsi:nil="true"></Name>
          <PostalCode xsi:nil="true"></PostalCode>
          <PostOfficeBox xsi:nil="true"></PostOfficeBox>
          <PrimaryContactName xsi:nil="true"></PrimaryContactName>
          <ShippingMethodCode>1</ShippingMethodCode>
          <StateOrProvince xsi:nil="true"></StateOrProvince>
          <Telephone1 xsi:nil="true"></Telephone1>
          <Telephone2 xsi:nil="true"></Telephone2>
          <Telephone3 xsi:nil="true"></Telephone3>
          <TimeZoneRuleVersionNumber xsi:nil="true"></TimeZoneRuleVersionNumber>
          <UPSZone xsi:nil="true"></UPSZone>
          <UTCOffset xsi:nil="true"></UTCOffset>
          <UTCConversionTimeZoneCode xsi:nil="true"></UTCConversionTimeZoneCode>
        </Address>
        <Address>
          <AddressNumber>2</AddressNumber>
          <AddressTypeCode>1</AddressTypeCode>
          <City xsi:nil="true"></City>
          <County xsi:nil="true"></County>
          <Country xsi:nil="true"></Country>
          <Fax xsi:nil="true"></Fax>
          <FreightTermsCode xsi:nil="true"></FreightTermsCode>
          <ImportSequenceNumber xsi:nil="true"></ImportSequenceNumber>
          <Latitude xsi:nil="true"></Latitude>
          <Line1 xsi:nil="true"></Line1>
          <Line2 xsi:nil="true"></Line2>
          <Line3 xsi:nil="true"></Line3>
          <Longitude xsi:nil="true"></Longitude>
          <Name xsi:nil="true"></Name>
          <PostalCode xsi:nil="true"></PostalCode>
          <PostOfficeBox xsi:nil="true"></PostOfficeBox>
          <PrimaryContactName xsi:nil="true"></PrimaryContactName>
          <ShippingMethodCode>1</ShippingMethodCode>
          <StateOrProvince xsi:nil="true"></StateOrProvince>
          <Telephone1 xsi:nil="true"></Telephone1>
          <Telephone2 xsi:nil="true"></Telephone2>
          <Telephone3 xsi:nil="true"></Telephone3>
          <TimeZoneRuleVersionNumber xsi:nil="true"></TimeZoneRuleVersionNumber>
          <UPSZone xsi:nil="true"></UPSZone>
          <UTCOffset xsi:nil="true"></UTCOffset>
          <UTCConversionTimeZoneCode xsi:nil="true"></UTCConversionTimeZoneCode>
        </Address>
      </Addresses>
    </Publisher>
    <RootComponents>
      <RootComponent type="1" schemaName="adx_conference" />
      <RootComponent type="1" schemaName="adx_conferenceoption" />
      <RootComponent type="1" schemaName="adx_conferenceregistration" />
      <RootComponent type="1" schemaName="adx_event" />
      <RootComponent type="1" schemaName="adx_eventaccesspermission" />
      <RootComponent type="1" schemaName="adx_eventlocation" />
      <RootComponent type="1" schemaName="adx_eventproduct" />
      <RootComponent type="1" schemaName="adx_eventregistration" />
      <RootComponent type="1" schemaName="adx_eventschedule" />
      <RootComponent type="1" schemaName="adx_eventscheduleexception" />
      <RootComponent type="1" schemaName="adx_eventsessionfeedback" />
      <RootComponent type="1" schemaName="adx_eventspeaker" />
      <RootComponent type="1" schemaName="adx_eventsponsor" />
      <RootComponent type="1" schemaName="adx_eventtag" />
      <RootComponent type="1" schemaName="adx_eventtype" />
      <RootComponent type="1" schemaName="adx_membership" />
      <RootComponent type="1" schemaName="adx_membershipinvitation" />
      <RootComponent type="1" schemaName="adx_membershiptype" />
      <RootComponent type="1" schemaName="adx_shortcut" />
      <RootComponent type="1" schemaName="invoice" />
      <RootComponent type="1" schemaName="product" />
      <RootComponent type="1" schemaName="salesorder" />
      <RootComponent type="61" schemaName="adx_conferenceregistration_small" />
      <RootComponent type="61" schemaName="adx_creg_medium" />
      <RootComponent type="61" schemaName="adx_eventaccess_medium" />
      <RootComponent type="61" schemaName="adx_eventaccess_small" />
      <RootComponent type="61" schemaName="adx_eventproduct_icon_16x16.png" />
      <RootComponent type="61" schemaName="adx_eventproduct_icon_32x32.png" />
      <RootComponent type="61" schemaName="adx_eventreg_medium" />
      <RootComponent type="61" schemaName="adx_eventreg_small" />
      <RootComponent type="61" schemaName="adx_eventtag_small" />
      <RootComponent type="61" schemaName="adx_icon_airplane_medium" />
      <RootComponent type="61" schemaName="adx_icon_airplane_small" />
      <RootComponent type="61" schemaName="adx_icon_briefcase_medium" />
      <RootComponent type="61" schemaName="adx_icon_briefcase_small" />
      <RootComponent type="61" schemaName="adx_icon_building_medium" />
      <RootComponent type="61" schemaName="adx_icon_building_small" />
      <RootComponent type="61" schemaName="adx_icon_carrentalagency_medium" />
      <RootComponent type="61" schemaName="adx_icon_carrentalagency_small" />
      <RootComponent type="61" schemaName="adx_icon_car_medium" />
      <RootComponent type="61" schemaName="adx_icon_car_small" />
      <RootComponent type="61" schemaName="adx_icon_coffee_small" />
      <RootComponent type="61" schemaName="adx_icon_conference_medium" />
      <RootComponent type="61" schemaName="adx_icon_conference_small" />
      <RootComponent type="61" schemaName="adx_icon_cup_medium" />
      <RootComponent type="61" schemaName="adx_icon_eventscheduleexception_medium" />
      <RootComponent type="61" schemaName="adx_icon_eventscheduleexception_small" />
      <RootComponent type="61" schemaName="adx_icon_eventspeaker_medium" />
      <RootComponent type="61" schemaName="adx_icon_eventspeaker_small" />
      <RootComponent type="61" schemaName="adx_icon_eventtype_medium" />
      <RootComponent type="61" schemaName="adx_icon_eventtype_small" />
      <RootComponent type="61" schemaName="adx_icon_event_medium" />
      <RootComponent type="61" schemaName="adx_icon_event_small" />
      <RootComponent type="61" schemaName="adx_icon_flightsegment_medium" />
      <RootComponent type="61" schemaName="adx_icon_flightsegment_small" />
      <RootComponent type="61" schemaName="adx_icon_membershipinvite_medium" />
      <RootComponent type="61" schemaName="adx_icon_membershipinvite_small" />
      <RootComponent type="61" schemaName="adx_icon_membershiptype_medium" />
      <RootComponent type="61" schemaName="adx_icon_membershiptype_small" />
      <RootComponent type="61" schemaName="adx_icon_membership_medium" />
      <RootComponent type="61" schemaName="adx_icon_membership_small" />
      <RootComponent type="61" schemaName="adx_icon_money_medium" />
      <RootComponent type="61" schemaName="adx_icon_money_small" />
      <RootComponent type="61" schemaName="adx_icon_nav_cms_small" />
      <RootComponent type="61" schemaName="adx_icon_nav_events_32.png" />
      <RootComponent type="61" schemaName="adx_icon_nav_membership_small" />
      <RootComponent type="61" schemaName="adx_icon_pagetag_small" />
      <RootComponent type="61" schemaName="adx_icon_scedule_medium" />
      <RootComponent type="61" schemaName="adx_icon_scedule_small" />
      <RootComponent type="61" schemaName="adx_icon_thumbsup_medium" />
      <RootComponent type="61" schemaName="adx_icon_thumbsup_small" />
      <RootComponent type="61" schemaName="adx_pagetag_medium" />
      <RootComponent type="62" />
      <RootComponent type="91" schemaName="Adxstudio.Xrm.Workflow.Events, Version=1.0.0.0, Culture=neutral, PublicKeyToken=919d9fea40b6aa7f" />
    </RootComponents>
    <MissingDependencies>
      <MissingDependency>
        <Required key="0" type="1" schemaName="adx_shortcut" displayName="Shortcut" solution="AdxstudioPortals (7.0.0060)" />
        <Dependent key="0" type="1" schemaName="adx_shortcut" displayName="Shortcut" />
      </MissingDependency>
      <MissingDependency>
        <Required key="1" type="1" schemaName="adx_redirect" displayName="Redirect" solution="AdxstudioPortals (7.0.0060)" />
        <Dependent key="2" type="62" id="{17a3a638-e33c-e311-93f9-00155d03a503}" />
      </MissingDependency>
      <MissingDependency>
        <Required key="3" type="1" schemaName="adx_webrole" displayName="Web Role" solution="AdxstudioPortalsDependencies (1.0.0031)" />
        <Dependent key="2" type="62" id="{17a3a638-e33c-e311-93f9-00155d03a503}" />
      </MissingDependency>
      <MissingDependency>
        <Required key="3" type="1" schemaName="adx_webrole" displayName="Web Role" solution="AdxstudioPortalsDependencies (1.0.0031)" />
        <Dependent key="4" type="60" displayName="Information" parentDisplayName="Event Access Permission" id="{44ff2cd2-9a00-46f9-a575-9b15fe1412db}" />
      </MissingDependency>
      <MissingDependency>
        <Required key="5" type="1" schemaName="adx_publishingstate" displayName="Publishing State" solution="AdxstudioPortals (7.0.0060)" />
        <Dependent key="6" type="10" schemaName="adx_publishingstate_eventschedule" displayName="adx_publishingstate_eventschedule" parentSchemaName="adx_eventschedule" parentDisplayName="Event Schedule" />
      </MissingDependency>
      <MissingDependency>
        <Required key="5" type="1" schemaName="adx_publishingstate" displayName="Publishing State" solution="AdxstudioPortals (7.0.0060)" />
        <Dependent key="7" type="10" schemaName="adx_publishingstate_eventsponsor" displayName="adx_publishingstate_eventsponsor" parentSchemaName="adx_eventsponsor" parentDisplayName="Event Sponsor" />
      </MissingDependency>
      <MissingDependency>
        <Required key="5" type="1" schemaName="adx_publishingstate" displayName="Publishing State" solution="AdxstudioPortals (7.0.0060)" />
        <Dependent key="8" type="10" schemaName="adx_publishingstate_eventspeaker" displayName="adx_publishingstate_eventspeaker" parentSchemaName="adx_eventspeaker" parentDisplayName="Event Speaker" />
      </MissingDependency>
      <MissingDependency>
        <Required key="5" type="1" schemaName="adx_publishingstate" displayName="Publishing State" solution="AdxstudioPortals (7.0.0060)" />
        <Dependent key="9" type="10" schemaName="adx_publishingstate_event" displayName="adx_publishingstate_event" parentSchemaName="adx_event" parentDisplayName="Event" />
      </MissingDependency>
      <MissingDependency>
        <Required key="10" type="1" schemaName="adx_poll" displayName="Poll" solution="AdxstudioPortals (7.0.0060)" />
        <Dependent key="2" type="62" id="{17a3a638-e33c-e311-93f9-00155d03a503}" />
      </MissingDependency>
      <MissingDependency>
        <Required key="11" type="1" schemaName="adx_pollplacement" displayName="Poll Placement" solution="AdxstudioPortals (7.0.0060)" />
        <Dependent key="2" type="62" id="{17a3a638-e33c-e311-93f9-00155d03a503}" />
      </MissingDependency>
      <MissingDependency>
        <Required key="12" type="1" schemaName="adx_webpage" displayName="Web Page" solution="AdxstudioPortalsDependencies (1.0.0031)" />
        <Dependent key="2" type="62" id="{17a3a638-e33c-e311-93f9-00155d03a503}" />
      </MissingDependency>
      <MissingDependency>
        <Required key="12" type="1" schemaName="adx_webpage" displayName="Web Page" solution="AdxstudioPortalsDependencies (1.0.0031)" />
        <Dependent key="13" type="10" schemaName="adx_parentwebpage_shortcut" displayName="adx_parentwebpage_shortcut" parentSchemaName="adx_shortcut" parentDisplayName="Shortcut" />
      </MissingDependency>
      <MissingDependency>
        <Required key="12" type="1" schemaName="adx_webpage" displayName="Web Page" solution="AdxstudioPortalsDependencies (1.0.0031)" />
        <Dependent key="14" type="10" schemaName="adx_webpage_event" displayName="adx_webpage_event" parentSchemaName="adx_event" parentDisplayName="Event" />
      </MissingDependency>
      <MissingDependency>
        <Required key="15" type="1" schemaName="adx_sitemarker" displayName="Site Marker" solution="AdxstudioPortalsDependencies (1.0.0031)" />
        <Dependent key="2" type="62" id="{17a3a638-e33c-e311-93f9-00155d03a503}" />
      </MissingDependency>
      <MissingDependency>
        <Required key="16" type="1" schemaName="adx_caseaccess" displayName="Case Access" solution="AdxstudioPortalsDependencies (1.0.0031)" />
        <Dependent key="2" type="62" id="{17a3a638-e33c-e311-93f9-00155d03a503}" />
      </MissingDependency>
      <MissingDependency>
        <Required key="17" type="1" schemaName="adx_accountaccess" displayName="Account Access" solution="AdxstudioPortalsDependencies (1.0.0031)" />
        <Dependent key="2" type="62" id="{17a3a638-e33c-e311-93f9-00155d03a503}" />
      </MissingDependency>
      <MissingDependency>
        <Required key="18" type="1" schemaName="adx_weblinkset" displayName="Web Link Set" solution="AdxstudioPortalsDependencies (1.0.0031)" />
        <Dependent key="2" type="62" id="{17a3a638-e33c-e311-93f9-00155d03a503}" />
      </MissingDependency>
      <MissingDependency>
        <Required key="19" type="1" schemaName="adx_website" displayName="Website" solution="AdxstudioPortalsDependencies (1.0.0031)" />
        <Dependent key="20" type="10" schemaName="adx_website_membershiptype" displayName="adx_website_membershiptype" parentSchemaName="adx_membershiptype" parentDisplayName="Membership Type" />
      </MissingDependency>
      <MissingDependency>
        <Required key="19" type="1" schemaName="adx_website" displayName="Website" solution="AdxstudioPortalsDependencies (1.0.0031)" />
        <Dependent key="21" type="10" schemaName="adx_website_eventtag" displayName="adx_website_eventtag" parentSchemaName="adx_eventtag" parentDisplayName="Event Tag" />
      </MissingDependency>
      <MissingDependency>
        <Required key="19" type="1" schemaName="adx_website" displayName="Website" solution="AdxstudioPortalsDependencies (1.0.0031)" />
        <Dependent key="22" type="60" displayName="Information" parentDisplayName="Event" id="{82cc8588-d783-46e1-9ec5-14029985f768}" />
      </MissingDependency>
      <MissingDependency>
        <Required key="19" type="1" schemaName="adx_website" displayName="Website" solution="AdxstudioPortalsDependencies (1.0.0031)" />
        <Dependent key="23" type="10" schemaName="adx_website_event" displayName="adx_website_event" parentSchemaName="adx_event" parentDisplayName="Event" />
      </MissingDependency>
      <MissingDependency>
        <Required key="19" type="1" schemaName="adx_website" displayName="Website" solution="AdxstudioPortalsDependencies (1.0.0031)" />
        <Dependent key="24" type="10" schemaName="adx_website_shortcut" displayName="adx_website_shortcut" parentSchemaName="adx_shortcut" parentDisplayName="Shortcut" />
      </MissingDependency>
      <MissingDependency>
        <Required key="19" type="1" schemaName="adx_website" displayName="Website" solution="AdxstudioPortalsDependencies (1.0.0031)" />
        <Dependent key="25" type="10" schemaName="adx_website_eventtype" displayName="adx_website_eventtype" parentSchemaName="adx_eventtype" parentDisplayName="Event Type" />
      </MissingDependency>
      <MissingDependency>
        <Required key="19" type="1" schemaName="adx_website" displayName="Website" solution="AdxstudioPortalsDependencies (1.0.0031)" />
        <Dependent key="26" type="10" schemaName="adx_website_eventspeaker" displayName="adx_website_eventspeaker" parentSchemaName="adx_eventspeaker" parentDisplayName="Event Speaker" />
      </MissingDependency>
      <MissingDependency>
        <Required key="19" type="1" schemaName="adx_website" displayName="Website" solution="AdxstudioPortalsDependencies (1.0.0031)" />
        <Dependent key="27" type="60" displayName="Information" parentDisplayName="Shortcut" id="{7b5e00b8-5515-4f92-9dd2-a37492153435}" />
      </MissingDependency>
      <MissingDependency>
        <Required key="19" type="1" schemaName="adx_website" displayName="Website" solution="AdxstudioPortalsDependencies (1.0.0031)" />
        <Dependent key="28" type="10" schemaName="adx_website_conference" displayName="adx_website_conference" parentSchemaName="adx_conference" parentDisplayName="Conference" />
      </MissingDependency>
      <MissingDependency>
        <Required key="19" type="1" schemaName="adx_website" displayName="Website" solution="AdxstudioPortalsDependencies (1.0.0031)" />
        <Dependent key="2" type="62" id="{17a3a638-e33c-e311-93f9-00155d03a503}" />
      </MissingDependency>
      <MissingDependency>
        <Required key="19" type="1" schemaName="adx_website" displayName="Website" solution="AdxstudioPortalsDependencies (1.0.0031)" />
        <Dependent key="29" type="10" schemaName="adx_website_eventsponsor" displayName="adx_website_eventsponsor" parentSchemaName="adx_eventsponsor" parentDisplayName="Event Sponsor" />
      </MissingDependency>
      <MissingDependency>
        <Required key="19" type="1" schemaName="adx_website" displayName="Website" solution="AdxstudioPortalsDependencies (1.0.0031)" />
        <Dependent key="30" type="10" schemaName="adx_website_eventlocation" displayName="adx_website_eventlocation" parentSchemaName="adx_eventlocation" parentDisplayName="Event Location" />
      </MissingDependency>
      <MissingDependency>
        <Required key="31" type="1" schemaName="adx_ad" displayName="Ad" solution="AdxstudioPortals (7.0.0060)" />
        <Dependent key="2" type="62" id="{17a3a638-e33c-e311-93f9-00155d03a503}" />
      </MissingDependency>
      <MissingDependency>
        <Required key="32" type="1" schemaName="adx_websitebinding" displayName="Website Binding" solution="AdxstudioPortals (7.0.0060)" />
        <Dependent key="2" type="62" id="{17a3a638-e33c-e311-93f9-00155d03a503}" />
      </MissingDependency>
      <MissingDependency>
        <Required key="33" type="1" schemaName="adx_webnotificationurl" displayName="Web Notification URL" solution="AdxstudioPortalsDependencies (1.0.0031)" />
        <Dependent key="2" type="62" id="{17a3a638-e33c-e311-93f9-00155d03a503}" />
      </MissingDependency>
      <MissingDependency>
        <Required key="34" type="1" schemaName="adx_contentsnippet" displayName="Content Snippet" solution="AdxstudioPortalsDependencies (1.0.0031)" />
        <Dependent key="2" type="62" id="{17a3a638-e33c-e311-93f9-00155d03a503}" />
      </MissingDependency>
      <MissingDependency>
        <Required key="35" type="1" schemaName="adx_contactaccess" displayName="Contact Access" solution="AdxstudioPortalsDependencies (1.0.0031)" />
        <Dependent key="2" type="62" id="{17a3a638-e33c-e311-93f9-00155d03a503}" />
      </MissingDependency>
      <MissingDependency>
        <Required key="36" type="1" schemaName="adx_publishingstatetransitionrule" displayName="Publishing State Transition Rule" solution="AdxstudioPortals (7.0.0060)" />
        <Dependent key="2" type="62" id="{17a3a638-e33c-e311-93f9-00155d03a503}" />
      </MissingDependency>
      <MissingDependency>
        <Required key="37" type="1" schemaName="adx_pagetemplate" displayName="Page Template" solution="AdxstudioPortalsDependencies (1.0.0031)" />
        <Dependent key="38" type="10" schemaName="adx_pagetemplate_event" displayName="adx_pagetemplate_event" parentSchemaName="adx_event" parentDisplayName="Event" />
      </MissingDependency>
      <MissingDependency>
        <Required key="37" type="1" schemaName="adx_pagetemplate" displayName="Page Template" solution="AdxstudioPortalsDependencies (1.0.0031)" />
        <Dependent key="2" type="62" id="{17a3a638-e33c-e311-93f9-00155d03a503}" />
      </MissingDependency>
      <MissingDependency>
        <Required key="39" type="1" schemaName="adx_sitesetting" displayName="Site Setting" solution="AdxstudioPortalsDependencies (1.0.0031)" />
        <Dependent key="2" type="62" id="{17a3a638-e33c-e311-93f9-00155d03a503}" />
      </MissingDependency>
      <MissingDependency>
        <Required key="40" type="1" schemaName="adx_webfile" displayName="Web File" solution="AdxstudioPortalsDependencies (1.0.0031)" />
        <Dependent key="2" type="62" id="{17a3a638-e33c-e311-93f9-00155d03a503}" />
      </MissingDependency>
      <MissingDependency>
        <Required key="40" type="1" schemaName="adx_webfile" displayName="Web File" solution="AdxstudioPortalsDependencies (1.0.0031)" />
        <Dependent key="41" type="10" schemaName="adx_webfile_shortcut" displayName="adx_webfile_shortcut" parentSchemaName="adx_shortcut" parentDisplayName="Shortcut" />
      </MissingDependency>
      <MissingDependency>
        <Required key="42" type="1" schemaName="adx_adplacement" displayName="Ad Placement" solution="AdxstudioPortals (7.0.0060)" />
        <Dependent key="2" type="62" id="{17a3a638-e33c-e311-93f9-00155d03a503}" />
      </MissingDependency>
      <MissingDependency>
        <Required key="43" type="1" schemaName="adx_licensekey" displayName="Adxstudio License Key" solution="AdxstudioPortals (7.0.0060)" />
        <Dependent key="2" type="62" id="{17a3a638-e33c-e311-93f9-00155d03a503}" />
      </MissingDependency>
      <MissingDependency>
        <Required key="44" type="1" schemaName="adx_websiteaccess" displayName="Website Access" solution="AdxstudioPortals (7.0.0060)" />
        <Dependent key="2" type="62" id="{17a3a638-e33c-e311-93f9-00155d03a503}" />
      </MissingDependency>
      <MissingDependency>
        <Required key="45" type="1" schemaName="adx_webpageaccesscontrolrule" displayName="Web Page Access Control Rule" solution="AdxstudioPortals (7.0.0060)" />
        <Dependent key="2" type="62" id="{17a3a638-e33c-e311-93f9-00155d03a503}" />
      </MissingDependency>
      <MissingDependency>
        <Required key="46" type="2" schemaName="adx_name" displayName="Name" parentSchemaName="adx_pagetemplate" parentDisplayName="Page Template" solution="AdxstudioPortalsDependencies (1.0.0031)" />
        <Dependent key="38" type="10" schemaName="adx_pagetemplate_event" displayName="adx_pagetemplate_event" parentSchemaName="adx_event" parentDisplayName="Event" />
      </MissingDependency>
      <MissingDependency>
        <Required key="46" type="2" schemaName="adx_name" displayName="Name" parentSchemaName="adx_pagetemplate" parentDisplayName="Page Template" solution="AdxstudioPortalsDependencies (1.0.0031)" />
        <Dependent key="38" type="10" schemaName="adx_pagetemplate_event" displayName="adx_pagetemplate_event" parentSchemaName="adx_event" parentDisplayName="Event" />
      </MissingDependency>
      <MissingDependency>
        <Required key="47" type="2" schemaName="adx_pagetemplateid" displayName="Page Template" parentSchemaName="adx_pagetemplate" parentDisplayName="Page Template" solution="AdxstudioPortalsDependencies (1.0.0031)" />
        <Dependent key="38" type="10" schemaName="adx_pagetemplate_event" displayName="adx_pagetemplate_event" parentSchemaName="adx_event" parentDisplayName="Event" />
      </MissingDependency>
      <MissingDependency>
        <Required key="48" type="2" schemaName="adx_publishingstateid" displayName="Publishing State" parentSchemaName="adx_publishingstate" parentDisplayName="Publishing State" solution="AdxstudioPortals (7.0.0060)" />
        <Dependent key="9" type="10" schemaName="adx_publishingstate_event" displayName="adx_publishingstate_event" parentSchemaName="adx_event" parentDisplayName="Event" />
      </MissingDependency>
      <MissingDependency>
        <Required key="48" type="2" schemaName="adx_publishingstateid" displayName="Publishing State" parentSchemaName="adx_publishingstate" parentDisplayName="Publishing State" solution="AdxstudioPortals (7.0.0060)" />
        <Dependent key="7" type="10" schemaName="adx_publishingstate_eventsponsor" displayName="adx_publishingstate_eventsponsor" parentSchemaName="adx_eventsponsor" parentDisplayName="Event Sponsor" />
      </MissingDependency>
      <MissingDependency>
        <Required key="48" type="2" schemaName="adx_publishingstateid" displayName="Publishing State" parentSchemaName="adx_publishingstate" parentDisplayName="Publishing State" solution="AdxstudioPortals (7.0.0060)" />
        <Dependent key="8" type="10" schemaName="adx_publishingstate_eventspeaker" displayName="adx_publishingstate_eventspeaker" parentSchemaName="adx_eventspeaker" parentDisplayName="Event Speaker" />
      </MissingDependency>
      <MissingDependency>
        <Required key="48" type="2" schemaName="adx_publishingstateid" displayName="Publishing State" parentSchemaName="adx_publishingstate" parentDisplayName="Publishing State" solution="AdxstudioPortals (7.0.0060)" />
        <Dependent key="6" type="10" schemaName="adx_publishingstate_eventschedule" displayName="adx_publishingstate_eventschedule" parentSchemaName="adx_eventschedule" parentDisplayName="Event Schedule" />
      </MissingDependency>
      <MissingDependency>
        <Required key="49" type="2" schemaName="adx_name" displayName="Name" parentSchemaName="adx_webpage" parentDisplayName="Web Page" solution="AdxstudioPortalsDependencies (1.0.0031)" />
        <Dependent key="14" type="10" schemaName="adx_webpage_event" displayName="adx_webpage_event" parentSchemaName="adx_event" parentDisplayName="Event" />
      </MissingDependency>
      <MissingDependency>
        <Required key="49" type="2" schemaName="adx_name" displayName="Name" parentSchemaName="adx_webpage" parentDisplayName="Web Page" solution="AdxstudioPortalsDependencies (1.0.0031)" />
        <Dependent key="50" type="10" schemaName="adx_webpage_shortcut" displayName="adx_webpage_shortcut" parentSchemaName="adx_shortcut" parentDisplayName="Shortcut" />
      </MissingDependency>
      <MissingDependency>
        <Required key="49" type="2" schemaName="adx_name" displayName="Name" parentSchemaName="adx_webpage" parentDisplayName="Web Page" solution="AdxstudioPortalsDependencies (1.0.0031)" />
        <Dependent key="50" type="10" schemaName="adx_webpage_shortcut" displayName="adx_webpage_shortcut" parentSchemaName="adx_shortcut" parentDisplayName="Shortcut" />
      </MissingDependency>
      <MissingDependency>
        <Required key="49" type="2" schemaName="adx_name" displayName="Name" parentSchemaName="adx_webpage" parentDisplayName="Web Page" solution="AdxstudioPortalsDependencies (1.0.0031)" />
        <Dependent key="14" type="10" schemaName="adx_webpage_event" displayName="adx_webpage_event" parentSchemaName="adx_event" parentDisplayName="Event" />
      </MissingDependency>
      <MissingDependency>
        <Required key="51" type="2" schemaName="adx_webpageid" displayName="Web Page" parentSchemaName="adx_webpage" parentDisplayName="Web Page" solution="AdxstudioPortalsDependencies (1.0.0031)" />
        <Dependent key="13" type="10" schemaName="adx_parentwebpage_shortcut" displayName="adx_parentwebpage_shortcut" parentSchemaName="adx_shortcut" parentDisplayName="Shortcut" />
      </MissingDependency>
      <MissingDependency>
        <Required key="51" type="2" schemaName="adx_webpageid" displayName="Web Page" parentSchemaName="adx_webpage" parentDisplayName="Web Page" solution="AdxstudioPortalsDependencies (1.0.0031)" />
        <Dependent key="14" type="10" schemaName="adx_webpage_event" displayName="adx_webpage_event" parentSchemaName="adx_event" parentDisplayName="Event" />
      </MissingDependency>
      <MissingDependency>
        <Required key="51" type="2" schemaName="adx_webpageid" displayName="Web Page" parentSchemaName="adx_webpage" parentDisplayName="Web Page" solution="AdxstudioPortalsDependencies (1.0.0031)" />
        <Dependent key="13" type="10" schemaName="adx_parentwebpage_shortcut" displayName="adx_parentwebpage_shortcut" parentSchemaName="adx_shortcut" parentDisplayName="Shortcut" />
      </MissingDependency>
      <MissingDependency>
        <Required key="52" type="2" schemaName="adx_name" displayName="Name" parentSchemaName="adx_website" parentDisplayName="Website" solution="AdxstudioPortalsDependencies (1.0.0031)" />
        <Dependent key="29" type="10" schemaName="adx_website_eventsponsor" displayName="adx_website_eventsponsor" parentSchemaName="adx_eventsponsor" parentDisplayName="Event Sponsor" />
      </MissingDependency>
      <MissingDependency>
        <Required key="52" type="2" schemaName="adx_name" displayName="Name" parentSchemaName="adx_website" parentDisplayName="Website" solution="AdxstudioPortalsDependencies (1.0.0031)" />
        <Dependent key="28" type="10" schemaName="adx_website_conference" displayName="adx_website_conference" parentSchemaName="adx_conference" parentDisplayName="Conference" />
      </MissingDependency>
      <MissingDependency>
        <Required key="52" type="2" schemaName="adx_name" displayName="Name" parentSchemaName="adx_website" parentDisplayName="Website" solution="AdxstudioPortalsDependencies (1.0.0031)" />
        <Dependent key="26" type="10" schemaName="adx_website_eventspeaker" displayName="adx_website_eventspeaker" parentSchemaName="adx_eventspeaker" parentDisplayName="Event Speaker" />
      </MissingDependency>
      <MissingDependency>
        <Required key="52" type="2" schemaName="adx_name" displayName="Name" parentSchemaName="adx_website" parentDisplayName="Website" solution="AdxstudioPortalsDependencies (1.0.0031)" />
        <Dependent key="30" type="10" schemaName="adx_website_eventlocation" displayName="adx_website_eventlocation" parentSchemaName="adx_eventlocation" parentDisplayName="Event Location" />
      </MissingDependency>
      <MissingDependency>
        <Required key="52" type="2" schemaName="adx_name" displayName="Name" parentSchemaName="adx_website" parentDisplayName="Website" solution="AdxstudioPortalsDependencies (1.0.0031)" />
        <Dependent key="25" type="10" schemaName="adx_website_eventtype" displayName="adx_website_eventtype" parentSchemaName="adx_eventtype" parentDisplayName="Event Type" />
      </MissingDependency>
      <MissingDependency>
        <Required key="52" type="2" schemaName="adx_name" displayName="Name" parentSchemaName="adx_website" parentDisplayName="Website" solution="AdxstudioPortalsDependencies (1.0.0031)" />
        <Dependent key="30" type="10" schemaName="adx_website_eventlocation" displayName="adx_website_eventlocation" parentSchemaName="adx_eventlocation" parentDisplayName="Event Location" />
      </MissingDependency>
      <MissingDependency>
        <Required key="52" type="2" schemaName="adx_name" displayName="Name" parentSchemaName="adx_website" parentDisplayName="Website" solution="AdxstudioPortalsDependencies (1.0.0031)" />
        <Dependent key="26" type="10" schemaName="adx_website_eventspeaker" displayName="adx_website_eventspeaker" parentSchemaName="adx_eventspeaker" parentDisplayName="Event Speaker" />
      </MissingDependency>
      <MissingDependency>
        <Required key="52" type="2" schemaName="adx_name" displayName="Name" parentSchemaName="adx_website" parentDisplayName="Website" solution="AdxstudioPortalsDependencies (1.0.0031)" />
        <Dependent key="20" type="10" schemaName="adx_website_membershiptype" displayName="adx_website_membershiptype" parentSchemaName="adx_membershiptype" parentDisplayName="Membership Type" />
      </MissingDependency>
      <MissingDependency>
        <Required key="52" type="2" schemaName="adx_name" displayName="Name" parentSchemaName="adx_website" parentDisplayName="Website" solution="AdxstudioPortalsDependencies (1.0.0031)" />
        <Dependent key="24" type="10" schemaName="adx_website_shortcut" displayName="adx_website_shortcut" parentSchemaName="adx_shortcut" parentDisplayName="Shortcut" />
      </MissingDependency>
      <MissingDependency>
        <Required key="52" type="2" schemaName="adx_name" displayName="Name" parentSchemaName="adx_website" parentDisplayName="Website" solution="AdxstudioPortalsDependencies (1.0.0031)" />
        <Dependent key="20" type="10" schemaName="adx_website_membershiptype" displayName="adx_website_membershiptype" parentSchemaName="adx_membershiptype" parentDisplayName="Membership Type" />
      </MissingDependency>
      <MissingDependency>
        <Required key="52" type="2" schemaName="adx_name" displayName="Name" parentSchemaName="adx_website" parentDisplayName="Website" solution="AdxstudioPortalsDependencies (1.0.0031)" />
        <Dependent key="23" type="10" schemaName="adx_website_event" displayName="adx_website_event" parentSchemaName="adx_event" parentDisplayName="Event" />
      </MissingDependency>
      <MissingDependency>
        <Required key="52" type="2" schemaName="adx_name" displayName="Name" parentSchemaName="adx_website" parentDisplayName="Website" solution="AdxstudioPortalsDependencies (1.0.0031)" />
        <Dependent key="29" type="10" schemaName="adx_website_eventsponsor" displayName="adx_website_eventsponsor" parentSchemaName="adx_eventsponsor" parentDisplayName="Event Sponsor" />
      </MissingDependency>
      <MissingDependency>
        <Required key="52" type="2" schemaName="adx_name" displayName="Name" parentSchemaName="adx_website" parentDisplayName="Website" solution="AdxstudioPortalsDependencies (1.0.0031)" />
        <Dependent key="23" type="10" schemaName="adx_website_event" displayName="adx_website_event" parentSchemaName="adx_event" parentDisplayName="Event" />
      </MissingDependency>
      <MissingDependency>
        <Required key="52" type="2" schemaName="adx_name" displayName="Name" parentSchemaName="adx_website" parentDisplayName="Website" solution="AdxstudioPortalsDependencies (1.0.0031)" />
        <Dependent key="21" type="10" schemaName="adx_website_eventtag" displayName="adx_website_eventtag" parentSchemaName="adx_eventtag" parentDisplayName="Event Tag" />
      </MissingDependency>
      <MissingDependency>
        <Required key="52" type="2" schemaName="adx_name" displayName="Name" parentSchemaName="adx_website" parentDisplayName="Website" solution="AdxstudioPortalsDependencies (1.0.0031)" />
        <Dependent key="21" type="10" schemaName="adx_website_eventtag" displayName="adx_website_eventtag" parentSchemaName="adx_eventtag" parentDisplayName="Event Tag" />
      </MissingDependency>
      <MissingDependency>
        <Required key="52" type="2" schemaName="adx_name" displayName="Name" parentSchemaName="adx_website" parentDisplayName="Website" solution="AdxstudioPortalsDependencies (1.0.0031)" />
        <Dependent key="25" type="10" schemaName="adx_website_eventtype" displayName="adx_website_eventtype" parentSchemaName="adx_eventtype" parentDisplayName="Event Type" />
      </MissingDependency>
      <MissingDependency>
        <Required key="52" type="2" schemaName="adx_name" displayName="Name" parentSchemaName="adx_website" parentDisplayName="Website" solution="AdxstudioPortalsDependencies (1.0.0031)" />
        <Dependent key="28" type="10" schemaName="adx_website_conference" displayName="adx_website_conference" parentSchemaName="adx_conference" parentDisplayName="Conference" />
      </MissingDependency>
      <MissingDependency>
        <Required key="53" type="2" schemaName="adx_webfileid" displayName="Web File" parentSchemaName="adx_webfile" parentDisplayName="Web File" solution="AdxstudioPortalsDependencies (1.0.0031)" />
        <Dependent key="41" type="10" schemaName="adx_webfile_shortcut" displayName="adx_webfile_shortcut" parentSchemaName="adx_shortcut" parentDisplayName="Shortcut" />
      </MissingDependency>
      <MissingDependency>
        <Required key="54" type="2" schemaName="adx_name" displayName="Name" parentSchemaName="adx_publishingstate" parentDisplayName="Publishing State" solution="AdxstudioPortals (7.0.0060)" />
        <Dependent key="8" type="10" schemaName="adx_publishingstate_eventspeaker" displayName="adx_publishingstate_eventspeaker" parentSchemaName="adx_eventspeaker" parentDisplayName="Event Speaker" />
      </MissingDependency>
      <MissingDependency>
        <Required key="54" type="2" schemaName="adx_name" displayName="Name" parentSchemaName="adx_publishingstate" parentDisplayName="Publishing State" solution="AdxstudioPortals (7.0.0060)" />
        <Dependent key="7" type="10" schemaName="adx_publishingstate_eventsponsor" displayName="adx_publishingstate_eventsponsor" parentSchemaName="adx_eventsponsor" parentDisplayName="Event Sponsor" />
      </MissingDependency>
      <MissingDependency>
        <Required key="54" type="2" schemaName="adx_name" displayName="Name" parentSchemaName="adx_publishingstate" parentDisplayName="Publishing State" solution="AdxstudioPortals (7.0.0060)" />
        <Dependent key="7" type="10" schemaName="adx_publishingstate_eventsponsor" displayName="adx_publishingstate_eventsponsor" parentSchemaName="adx_eventsponsor" parentDisplayName="Event Sponsor" />
      </MissingDependency>
      <MissingDependency>
        <Required key="54" type="2" schemaName="adx_name" displayName="Name" parentSchemaName="adx_publishingstate" parentDisplayName="Publishing State" solution="AdxstudioPortals (7.0.0060)" />
        <Dependent key="8" type="10" schemaName="adx_publishingstate_eventspeaker" displayName="adx_publishingstate_eventspeaker" parentSchemaName="adx_eventspeaker" parentDisplayName="Event Speaker" />
      </MissingDependency>
      <MissingDependency>
        <Required key="54" type="2" schemaName="adx_name" displayName="Name" parentSchemaName="adx_publishingstate" parentDisplayName="Publishing State" solution="AdxstudioPortals (7.0.0060)" />
        <Dependent key="6" type="10" schemaName="adx_publishingstate_eventschedule" displayName="adx_publishingstate_eventschedule" parentSchemaName="adx_eventschedule" parentDisplayName="Event Schedule" />
      </MissingDependency>
      <MissingDependency>
        <Required key="54" type="2" schemaName="adx_name" displayName="Name" parentSchemaName="adx_publishingstate" parentDisplayName="Publishing State" solution="AdxstudioPortals (7.0.0060)" />
        <Dependent key="6" type="10" schemaName="adx_publishingstate_eventschedule" displayName="adx_publishingstate_eventschedule" parentSchemaName="adx_eventschedule" parentDisplayName="Event Schedule" />
      </MissingDependency>
      <MissingDependency>
        <Required key="54" type="2" schemaName="adx_name" displayName="Name" parentSchemaName="adx_publishingstate" parentDisplayName="Publishing State" solution="AdxstudioPortals (7.0.0060)" />
        <Dependent key="9" type="10" schemaName="adx_publishingstate_event" displayName="adx_publishingstate_event" parentSchemaName="adx_event" parentDisplayName="Event" />
      </MissingDependency>
      <MissingDependency>
        <Required key="54" type="2" schemaName="adx_name" displayName="Name" parentSchemaName="adx_publishingstate" parentDisplayName="Publishing State" solution="AdxstudioPortals (7.0.0060)" />
        <Dependent key="9" type="10" schemaName="adx_publishingstate_event" displayName="adx_publishingstate_event" parentSchemaName="adx_event" parentDisplayName="Event" />
      </MissingDependency>
      <MissingDependency>
        <Required key="55" type="2" schemaName="adx_websiteid" displayName="Website" parentSchemaName="adx_website" parentDisplayName="Website" solution="AdxstudioPortalsDependencies (1.0.0031)" />
        <Dependent key="21" type="10" schemaName="adx_website_eventtag" displayName="adx_website_eventtag" parentSchemaName="adx_eventtag" parentDisplayName="Event Tag" />
      </MissingDependency>
      <MissingDependency>
        <Required key="55" type="2" schemaName="adx_websiteid" displayName="Website" parentSchemaName="adx_website" parentDisplayName="Website" solution="AdxstudioPortalsDependencies (1.0.0031)" />
        <Dependent key="29" type="10" schemaName="adx_website_eventsponsor" displayName="adx_website_eventsponsor" parentSchemaName="adx_eventsponsor" parentDisplayName="Event Sponsor" />
      </MissingDependency>
      <MissingDependency>
        <Required key="55" type="2" schemaName="adx_websiteid" displayName="Website" parentSchemaName="adx_website" parentDisplayName="Website" solution="AdxstudioPortalsDependencies (1.0.0031)" />
        <Dependent key="28" type="10" schemaName="adx_website_conference" displayName="adx_website_conference" parentSchemaName="adx_conference" parentDisplayName="Conference" />
      </MissingDependency>
      <MissingDependency>
        <Required key="55" type="2" schemaName="adx_websiteid" displayName="Website" parentSchemaName="adx_website" parentDisplayName="Website" solution="AdxstudioPortalsDependencies (1.0.0031)" />
        <Dependent key="23" type="10" schemaName="adx_website_event" displayName="adx_website_event" parentSchemaName="adx_event" parentDisplayName="Event" />
      </MissingDependency>
      <MissingDependency>
        <Required key="55" type="2" schemaName="adx_websiteid" displayName="Website" parentSchemaName="adx_website" parentDisplayName="Website" solution="AdxstudioPortalsDependencies (1.0.0031)" />
        <Dependent key="24" type="10" schemaName="adx_website_shortcut" displayName="adx_website_shortcut" parentSchemaName="adx_shortcut" parentDisplayName="Shortcut" />
      </MissingDependency>
      <MissingDependency>
        <Required key="55" type="2" schemaName="adx_websiteid" displayName="Website" parentSchemaName="adx_website" parentDisplayName="Website" solution="AdxstudioPortalsDependencies (1.0.0031)" />
        <Dependent key="25" type="10" schemaName="adx_website_eventtype" displayName="adx_website_eventtype" parentSchemaName="adx_eventtype" parentDisplayName="Event Type" />
      </MissingDependency>
      <MissingDependency>
        <Required key="55" type="2" schemaName="adx_websiteid" displayName="Website" parentSchemaName="adx_website" parentDisplayName="Website" solution="AdxstudioPortalsDependencies (1.0.0031)" />
        <Dependent key="20" type="10" schemaName="adx_website_membershiptype" displayName="adx_website_membershiptype" parentSchemaName="adx_membershiptype" parentDisplayName="Membership Type" />
      </MissingDependency>
      <MissingDependency>
        <Required key="55" type="2" schemaName="adx_websiteid" displayName="Website" parentSchemaName="adx_website" parentDisplayName="Website" solution="AdxstudioPortalsDependencies (1.0.0031)" />
        <Dependent key="30" type="10" schemaName="adx_website_eventlocation" displayName="adx_website_eventlocation" parentSchemaName="adx_eventlocation" parentDisplayName="Event Location" />
      </MissingDependency>
      <MissingDependency>
        <Required key="55" type="2" schemaName="adx_websiteid" displayName="Website" parentSchemaName="adx_website" parentDisplayName="Website" solution="AdxstudioPortalsDependencies (1.0.0031)" />
        <Dependent key="26" type="10" schemaName="adx_website_eventspeaker" displayName="adx_website_eventspeaker" parentSchemaName="adx_eventspeaker" parentDisplayName="Event Speaker" />
      </MissingDependency>
      <MissingDependency>
        <Required key="56" type="2" schemaName="adx_name" displayName="Name" parentSchemaName="adx_shortcut" parentDisplayName="Shortcut" solution="AdxstudioPortals (7.0.0060)" />
        <Dependent key="27" type="60" displayName="Information" parentDisplayName="Shortcut" id="{7b5e00b8-5515-4f92-9dd2-a37492153435}" />
      </MissingDependency>
      <MissingDependency>
        <Required key="57" type="2" schemaName="adx_name" displayName="Name" parentSchemaName="adx_webfile" parentDisplayName="Web File" solution="AdxstudioPortalsDependencies (1.0.0031)" />
        <Dependent key="41" type="10" schemaName="adx_webfile_shortcut" displayName="adx_webfile_shortcut" parentSchemaName="adx_shortcut" parentDisplayName="Shortcut" />
      </MissingDependency>
      <MissingDependency>
        <Required key="58" type="2" schemaName="adx_disabletargetvalidation" displayName="Disable Shortcut Target Validation" parentSchemaName="adx_shortcut" parentDisplayName="Shortcut" solution="AdxstudioPortals (7.0.0060)" />
        <Dependent key="27" type="60" displayName="Information" parentDisplayName="Shortcut" id="{7b5e00b8-5515-4f92-9dd2-a37492153435}" />
      </MissingDependency>
      <MissingDependency>
        <Required key="59" type="2" schemaName="adx_description" displayName="Description" parentSchemaName="adx_shortcut" parentDisplayName="Shortcut" solution="AdxstudioPortals (7.0.0060)" />
        <Dependent key="27" type="60" displayName="Information" parentDisplayName="Shortcut" id="{7b5e00b8-5515-4f92-9dd2-a37492153435}" />
      </MissingDependency>
      <MissingDependency>
        <Required key="60" type="2" schemaName="statecode" displayName="Status" parentSchemaName="adx_shortcut" parentDisplayName="Shortcut" solution="AdxstudioPortals (7.0.0060)" />
        <Dependent key="27" type="60" displayName="Information" parentDisplayName="Shortcut" id="{7b5e00b8-5515-4f92-9dd2-a37492153435}" />
      </MissingDependency>
      <MissingDependency>
        <Required key="61" type="2" schemaName="adx_title" displayName="Title" parentSchemaName="adx_shortcut" parentDisplayName="Shortcut" solution="AdxstudioPortals (7.0.0060)" />
        <Dependent key="27" type="60" displayName="Information" parentDisplayName="Shortcut" id="{7b5e00b8-5515-4f92-9dd2-a37492153435}" />
      </MissingDependency>
      <MissingDependency>
        <Required key="62" type="2" schemaName="adx_parentpage_webpageid" displayName="Parent Page" parentSchemaName="adx_shortcut" parentDisplayName="Shortcut" solution="AdxstudioPortals (7.0.0060)" />
        <Dependent key="62" type="2" schemaName="adx_parentpage_webpageid" displayName="Parent Page" parentSchemaName="adx_shortcut" parentDisplayName="Shortcut" />
      </MissingDependency>
      <MissingDependency>
        <Required key="63" type="2" schemaName="adx_webpageid" displayName="Web Page" parentSchemaName="adx_shortcut" parentDisplayName="Shortcut" solution="AdxstudioPortals (7.0.0060)" />
        <Dependent key="63" type="2" schemaName="adx_webpageid" displayName="Web Page" parentSchemaName="adx_shortcut" parentDisplayName="Shortcut" />
      </MissingDependency>
      <MissingDependency>
        <Required key="64" type="2" schemaName="adx_webfileid" displayName="Web File" parentSchemaName="adx_shortcut" parentDisplayName="Shortcut" solution="AdxstudioPortals (7.0.0060)" />
        <Dependent key="64" type="2" schemaName="adx_webfileid" displayName="Web File" parentSchemaName="adx_shortcut" parentDisplayName="Shortcut" />
      </MissingDependency>
      <MissingDependency>
        <Required key="65" type="2" schemaName="adx_websiteid" displayName="Website" parentSchemaName="adx_shortcut" parentDisplayName="Shortcut" solution="AdxstudioPortals (7.0.0060)" />
        <Dependent key="65" type="2" schemaName="adx_websiteid" displayName="Website" parentSchemaName="adx_shortcut" parentDisplayName="Shortcut" />
      </MissingDependency>
      <MissingDependency>
        <Required key="66" type="2" schemaName="adx_displayorder" displayName="Display Order" parentSchemaName="adx_shortcut" parentDisplayName="Shortcut" solution="AdxstudioPortals (7.0.0060)" />
        <Dependent key="27" type="60" displayName="Information" parentDisplayName="Shortcut" id="{7b5e00b8-5515-4f92-9dd2-a37492153435}" />
      </MissingDependency>
      <MissingDependency>
        <Required key="67" type="2" schemaName="adx_externalurl" displayName="External URL" parentSchemaName="adx_shortcut" parentDisplayName="Shortcut" solution="AdxstudioPortals (7.0.0060)" />
        <Dependent key="27" type="60" displayName="Information" parentDisplayName="Shortcut" id="{7b5e00b8-5515-4f92-9dd2-a37492153435}" />
      </MissingDependency>
      <MissingDependency>
        <Required key="56" type="2" schemaName="adx_name" displayName="Name" parentSchemaName="adx_shortcut" parentDisplayName="Shortcut" solution="AdxstudioPortals (7.0.0060)" />
        <Dependent key="68" type="60" displayName="Information" parentDisplayName="Shortcut" id="{59f245f3-67bc-4c9b-84b5-e0c5b38632d1}" />
      </MissingDependency>
      <MissingDependency>
        <Required key="60" type="2" schemaName="statecode" displayName="Status" parentSchemaName="adx_shortcut" parentDisplayName="Shortcut" solution="AdxstudioPortals (7.0.0060)" />
        <Dependent key="68" type="60" displayName="Information" parentDisplayName="Shortcut" id="{59f245f3-67bc-4c9b-84b5-e0c5b38632d1}" />
      </MissingDependency>
      <MissingDependency>
        <Required key="13" type="10" schemaName="adx_parentwebpage_shortcut" displayName="adx_parentwebpage_shortcut" parentSchemaName="adx_shortcut" parentDisplayName="Shortcut" solution="AdxstudioPortals (7.0.0060)" />
        <Dependent key="13" type="10" schemaName="adx_parentwebpage_shortcut" displayName="adx_parentwebpage_shortcut" parentSchemaName="adx_shortcut" parentDisplayName="Shortcut" />
      </MissingDependency>
      <MissingDependency>
        <Required key="41" type="10" schemaName="adx_webfile_shortcut" displayName="adx_webfile_shortcut" parentSchemaName="adx_shortcut" parentDisplayName="Shortcut" solution="AdxstudioPortals (7.0.0060)" />
        <Dependent key="41" type="10" schemaName="adx_webfile_shortcut" displayName="adx_webfile_shortcut" parentSchemaName="adx_shortcut" parentDisplayName="Shortcut" />
      </MissingDependency>
      <MissingDependency>
        <Required key="50" type="10" schemaName="adx_webpage_shortcut" displayName="adx_webpage_shortcut" parentSchemaName="adx_shortcut" parentDisplayName="Shortcut" solution="AdxstudioPortals (7.0.0060)" />
        <Dependent key="50" type="10" schemaName="adx_webpage_shortcut" displayName="adx_webpage_shortcut" parentSchemaName="adx_shortcut" parentDisplayName="Shortcut" />
      </MissingDependency>
      <MissingDependency>
        <Required key="24" type="10" schemaName="adx_website_shortcut" displayName="adx_website_shortcut" parentSchemaName="adx_shortcut" parentDisplayName="Shortcut" solution="AdxstudioPortals (7.0.0060)" />
        <Dependent key="24" type="10" schemaName="adx_website_shortcut" displayName="adx_website_shortcut" parentSchemaName="adx_shortcut" parentDisplayName="Shortcut" />
      </MissingDependency>
      <MissingDependency>
        <Required key="13" type="10" schemaName="adx_parentwebpage_shortcut" displayName="adx_parentwebpage_shortcut" parentSchemaName="adx_shortcut" parentDisplayName="Shortcut" solution="AdxstudioPortals (7.0.0060)" />
        <Dependent key="69" type="2" schemaName="adx_parentpage_webpageidname" parentSchemaName="adx_shortcut" parentDisplayName="Shortcut" />
      </MissingDependency>
      <MissingDependency>
        <Required key="41" type="10" schemaName="adx_webfile_shortcut" displayName="adx_webfile_shortcut" parentSchemaName="adx_shortcut" parentDisplayName="Shortcut" solution="AdxstudioPortals (7.0.0060)" />
        <Dependent key="70" type="2" schemaName="adx_webfileidname" parentSchemaName="adx_shortcut" parentDisplayName="Shortcut" />
      </MissingDependency>
      <MissingDependency>
        <Required key="50" type="10" schemaName="adx_webpage_shortcut" displayName="adx_webpage_shortcut" parentSchemaName="adx_shortcut" parentDisplayName="Shortcut" solution="AdxstudioPortals (7.0.0060)" />
        <Dependent key="71" type="2" schemaName="adx_webpageidname" parentSchemaName="adx_shortcut" parentDisplayName="Shortcut" />
      </MissingDependency>
      <MissingDependency>
        <Required key="24" type="10" schemaName="adx_website_shortcut" displayName="adx_website_shortcut" parentSchemaName="adx_shortcut" parentDisplayName="Shortcut" solution="AdxstudioPortals (7.0.0060)" />
        <Dependent key="72" type="2" schemaName="adx_websiteidname" parentSchemaName="adx_shortcut" parentDisplayName="Shortcut" />
      </MissingDependency>
      <MissingDependency>
        <Required key="41" type="10" schemaName="adx_webfile_shortcut" displayName="adx_webfile_shortcut" parentSchemaName="adx_shortcut" parentDisplayName="Shortcut" solution="AdxstudioPortals (7.0.0060)" />
        <Dependent key="27" type="60" displayName="Information" parentDisplayName="Shortcut" id="{7b5e00b8-5515-4f92-9dd2-a37492153435}" />
      </MissingDependency>
      <MissingDependency>
        <Required key="13" type="10" schemaName="adx_parentwebpage_shortcut" displayName="adx_parentwebpage_shortcut" parentSchemaName="adx_shortcut" parentDisplayName="Shortcut" solution="AdxstudioPortals (7.0.0060)" />
        <Dependent key="27" type="60" displayName="Information" parentDisplayName="Shortcut" id="{7b5e00b8-5515-4f92-9dd2-a37492153435}" />
      </MissingDependency>
      <MissingDependency>
        <Required key="24" type="10" schemaName="adx_website_shortcut" displayName="adx_website_shortcut" parentSchemaName="adx_shortcut" parentDisplayName="Shortcut" solution="AdxstudioPortals (7.0.0060)" />
        <Dependent key="27" type="60" displayName="Information" parentDisplayName="Shortcut" id="{7b5e00b8-5515-4f92-9dd2-a37492153435}" />
      </MissingDependency>
      <MissingDependency>
        <Required key="50" type="10" schemaName="adx_webpage_shortcut" displayName="adx_webpage_shortcut" parentSchemaName="adx_shortcut" parentDisplayName="Shortcut" solution="AdxstudioPortals (7.0.0060)" />
        <Dependent key="27" type="60" displayName="Information" parentDisplayName="Shortcut" id="{7b5e00b8-5515-4f92-9dd2-a37492153435}" />
      </MissingDependency>
      <MissingDependency>
        <Required key="73" type="10" schemaName="adx_website_webfile" displayName="adx_website_webfile" parentSchemaName="adx_webfile" parentDisplayName="Web File" solution="AdxstudioPortalsDependencies (1.0.0031)" />
        <Dependent key="27" type="60" displayName="Information" parentDisplayName="Shortcut" id="{7b5e00b8-5515-4f92-9dd2-a37492153435}" />
      </MissingDependency>
      <MissingDependency>
        <Required key="74" type="10" schemaName="adx_website_webpage" displayName="adx_website_webpage" parentSchemaName="adx_webpage" parentDisplayName="Web Page" solution="AdxstudioPortalsDependencies (1.0.0031)" />
        <Dependent key="27" type="60" displayName="Information" parentDisplayName="Shortcut" id="{7b5e00b8-5515-4f92-9dd2-a37492153435}" />
      </MissingDependency>
      <MissingDependency>
        <Required key="74" type="10" schemaName="adx_website_webpage" displayName="adx_website_webpage" parentSchemaName="adx_webpage" parentDisplayName="Web Page" solution="AdxstudioPortalsDependencies (1.0.0031)" />
        <Dependent key="22" type="60" displayName="Information" parentDisplayName="Event" id="{82cc8588-d783-46e1-9ec5-14029985f768}" />
      </MissingDependency>
      <MissingDependency>
        <Required key="75" type="10" schemaName="adx_website_pagetemplate" displayName="adx_website_pagetemplate" parentSchemaName="adx_pagetemplate" parentDisplayName="Page Template" solution="AdxstudioPortalsDependencies (1.0.0031)" />
        <Dependent key="22" type="60" displayName="Information" parentDisplayName="Event" id="{82cc8588-d783-46e1-9ec5-14029985f768}" />
      </MissingDependency>
      <MissingDependency>
        <Required key="76" type="10" schemaName="adx_website_publishingstate" displayName="adx_website_publishingstate" parentSchemaName="adx_publishingstate" parentDisplayName="Publishing State" solution="AdxstudioPortals (7.0.0060)" />
        <Dependent key="22" type="60" displayName="Information" parentDisplayName="Event" id="{82cc8588-d783-46e1-9ec5-14029985f768}" />
      </MissingDependency>
      <MissingDependency>
        <Required key="19" type="1" schemaName="adx_website" displayName="Website" solution="AdxstudioPortalsDependencies (1.0.0031)" />
        <Dependent key="23" type="10" schemaName="adx_website_event" displayName="adx_website_event" parentSchemaName="adx_event" parentDisplayName="Event" />
      </MissingDependency>
      <MissingDependency>
        <Required key="77" type="1" schemaName="contact" displayName="Contact" solution="System" />
        <Dependent key="78" type="10" schemaName="adx_event_speaker" displayName="adx_event_speaker" parentSchemaName="adx_event" parentDisplayName="Event" />
      </MissingDependency>
      <MissingDependency>
        <Required key="12" type="1" schemaName="adx_webpage" displayName="Web Page" solution="AdxstudioPortalsDependencies (1.0.0031)" />
        <Dependent key="14" type="10" schemaName="adx_webpage_event" displayName="adx_webpage_event" parentSchemaName="adx_event" parentDisplayName="Event" />
      </MissingDependency>
      <MissingDependency>
        <Required key="77" type="1" schemaName="contact" displayName="Contact" solution="System" />
        <Dependent key="79" type="10" schemaName="adx_contact_event" displayName="adx_contact_event" parentSchemaName="adx_event" parentDisplayName="Event" />
      </MissingDependency>
      <MissingDependency>
        <Required key="19" type="1" schemaName="adx_website" displayName="Website" solution="AdxstudioPortalsDependencies (1.0.0031)" />
        <Dependent key="20" type="10" schemaName="adx_website_membershiptype" displayName="adx_website_membershiptype" parentSchemaName="adx_membershiptype" parentDisplayName="Membership Type" />
      </MissingDependency>
      <MissingDependency>
        <Required key="19" type="1" schemaName="adx_website" displayName="Website" solution="AdxstudioPortalsDependencies (1.0.0031)" />
        <Dependent key="21" type="10" schemaName="adx_website_eventtag" displayName="adx_website_eventtag" parentSchemaName="adx_eventtag" parentDisplayName="Event Tag" />
      </MissingDependency>
      <MissingDependency>
        <Required key="77" type="1" schemaName="contact" displayName="Contact" solution="System" />
        <Dependent key="80" type="10" schemaName="adx_contact_conferenceregistration" displayName="adx_contact_conferenceregistration" parentSchemaName="adx_conferenceregistration" parentDisplayName="Conference Registration" />
      </MissingDependency>
      <MissingDependency>
        <Required key="81" type="1" schemaName="account" displayName="Account" solution="System" />
        <Dependent key="82" type="10" schemaName="adx_adx_event_sponsor" displayName="adx_adx_event_sponsor" parentSchemaName="adx_event" parentDisplayName="Event" />
      </MissingDependency>
      <MissingDependency>
        <Required key="19" type="1" schemaName="adx_website" displayName="Website" solution="AdxstudioPortalsDependencies (1.0.0031)" />
        <Dependent key="25" type="10" schemaName="adx_website_eventtype" displayName="adx_website_eventtype" parentSchemaName="adx_eventtype" parentDisplayName="Event Type" />
      </MissingDependency>
      <MissingDependency>
        <Required key="77" type="1" schemaName="contact" displayName="Contact" solution="System" />
        <Dependent key="83" type="10" schemaName="adx_contact_membership" displayName="adx_contact_membership" parentSchemaName="adx_membership" parentDisplayName="Membership" />
      </MissingDependency>
      <MissingDependency>
        <Required key="84" type="1" schemaName="adx_tag" displayName="Tag" solution="AdxstudioPortals (7.0.0060)" />
        <Dependent key="85" type="10" schemaName="adx_event_tag" displayName="adx_event_tag" parentSchemaName="adx_event" parentDisplayName="Event" />
      </MissingDependency>
      <MissingDependency>
        <Required key="19" type="1" schemaName="adx_website" displayName="Website" solution="AdxstudioPortalsDependencies (1.0.0031)" />
        <Dependent key="29" type="10" schemaName="adx_website_eventsponsor" displayName="adx_website_eventsponsor" parentSchemaName="adx_eventsponsor" parentDisplayName="Event Sponsor" />
      </MissingDependency>
      <MissingDependency>
        <Required key="81" type="1" schemaName="account" displayName="Account" solution="System" />
        <Dependent key="86" type="10" schemaName="adx_account_eventsponsor" displayName="adx_account_eventsponsor" parentSchemaName="adx_eventsponsor" parentDisplayName="Event Sponsor" />
      </MissingDependency>
      <MissingDependency>
        <Required key="77" type="1" schemaName="contact" displayName="Contact" solution="System" />
        <Dependent key="87" type="10" schemaName="adx_contact_eventregistration" displayName="adx_contact_eventregistration" parentSchemaName="adx_eventregistration" parentDisplayName="Event Registration" />
      </MissingDependency>
      <MissingDependency>
        <Required key="88" type="1" schemaName="subject" displayName="Subject" solution="System" />
        <Dependent key="89" type="10" schemaName="adx_subject_membershiptype" displayName="adx_subject_membershiptype" parentSchemaName="adx_membershiptype" parentDisplayName="Membership Type" />
      </MissingDependency>
      <MissingDependency>
        <Required key="81" type="1" schemaName="account" displayName="Account" solution="System" />
        <Dependent key="90" type="10" schemaName="adx_account_membership" displayName="adx_account_membership" parentSchemaName="adx_membership" parentDisplayName="Membership" />
      </MissingDependency>
      <MissingDependency>
        <Required key="5" type="1" schemaName="adx_publishingstate" displayName="Publishing State" solution="AdxstudioPortals (7.0.0060)" />
        <Dependent key="7" type="10" schemaName="adx_publishingstate_eventsponsor" displayName="adx_publishingstate_eventsponsor" parentSchemaName="adx_eventsponsor" parentDisplayName="Event Sponsor" />
      </MissingDependency>
      <MissingDependency>
        <Required key="77" type="1" schemaName="contact" displayName="Contact" solution="System" />
        <Dependent key="91" type="10" schemaName="adx_contact_membershipinvitation_referredby" displayName="adx_contact_membershipinvitation_referredby" parentSchemaName="adx_membershipinvitation" parentDisplayName="Membership Invitation" />
      </MissingDependency>
      <MissingDependency>
        <Required key="77" type="1" schemaName="contact" displayName="Contact" solution="System" />
        <Dependent key="92" type="10" schemaName="adx_membership_contact" displayName="adx_membership_contact" parentSchemaName="adx_membership" parentDisplayName="Membership" />
      </MissingDependency>
      <MissingDependency>
        <Required key="5" type="1" schemaName="adx_publishingstate" displayName="Publishing State" solution="AdxstudioPortals (7.0.0060)" />
        <Dependent key="6" type="10" schemaName="adx_publishingstate_eventschedule" displayName="adx_publishingstate_eventschedule" parentSchemaName="adx_eventschedule" parentDisplayName="Event Schedule" />
      </MissingDependency>
      <MissingDependency>
        <Required key="37" type="1" schemaName="adx_pagetemplate" displayName="Page Template" solution="AdxstudioPortalsDependencies (1.0.0031)" />
        <Dependent key="38" type="10" schemaName="adx_pagetemplate_event" displayName="adx_pagetemplate_event" parentSchemaName="adx_event" parentDisplayName="Event" />
      </MissingDependency>
      <MissingDependency>
        <Required key="77" type="1" schemaName="contact" displayName="Contact" solution="System" />
        <Dependent key="93" type="10" schemaName="adx_contact_eventspeaker" displayName="adx_contact_eventspeaker" parentSchemaName="adx_eventspeaker" parentDisplayName="Event Speaker" />
      </MissingDependency>
      <MissingDependency>
        <Required key="77" type="1" schemaName="contact" displayName="Contact" solution="System" />
        <Dependent key="94" type="10" schemaName="adx_contact_eventsessionfeedback" displayName="adx_contact_eventsessionfeedback" parentSchemaName="adx_eventsessionfeedback" parentDisplayName="Session Feedback" />
      </MissingDependency>
      <MissingDependency>
        <Required key="19" type="1" schemaName="adx_website" displayName="Website" solution="AdxstudioPortalsDependencies (1.0.0031)" />
        <Dependent key="28" type="10" schemaName="adx_website_conference" displayName="adx_website_conference" parentSchemaName="adx_conference" parentDisplayName="Conference" />
      </MissingDependency>
      <MissingDependency>
        <Required key="19" type="1" schemaName="adx_website" displayName="Website" solution="AdxstudioPortalsDependencies (1.0.0031)" />
        <Dependent key="30" type="10" schemaName="adx_website_eventlocation" displayName="adx_website_eventlocation" parentSchemaName="adx_eventlocation" parentDisplayName="Event Location" />
      </MissingDependency>
      <MissingDependency>
        <Required key="5" type="1" schemaName="adx_publishingstate" displayName="Publishing State" solution="AdxstudioPortals (7.0.0060)" />
        <Dependent key="8" type="10" schemaName="adx_publishingstate_eventspeaker" displayName="adx_publishingstate_eventspeaker" parentSchemaName="adx_eventspeaker" parentDisplayName="Event Speaker" />
      </MissingDependency>
      <MissingDependency>
        <Required key="77" type="1" schemaName="contact" displayName="Contact" solution="System" />
        <Dependent key="95" type="10" schemaName="adx_contact_membership_referral" displayName="adx_contact_membership_referral" parentSchemaName="adx_membership" parentDisplayName="Membership" />
      </MissingDependency>
      <MissingDependency>
        <Required key="3" type="1" schemaName="adx_webrole" displayName="Web Role" solution="AdxstudioPortalsDependencies (1.0.0031)" />
        <Dependent key="96" type="10" schemaName="adx_eventaccesspermission_webrole" displayName="adx_eventaccesspermission_webrole" parentSchemaName="adx_eventaccesspermission" parentDisplayName="Event Access Permission" />
      </MissingDependency>
      <MissingDependency>
        <Required key="5" type="1" schemaName="adx_publishingstate" displayName="Publishing State" solution="AdxstudioPortals (7.0.0060)" />
        <Dependent key="9" type="10" schemaName="adx_publishingstate_event" displayName="adx_publishingstate_event" parentSchemaName="adx_event" parentDisplayName="Event" />
      </MissingDependency>
      <MissingDependency>
        <Required key="19" type="1" schemaName="adx_website" displayName="Website" solution="AdxstudioPortalsDependencies (1.0.0031)" />
        <Dependent key="26" type="10" schemaName="adx_website_eventspeaker" displayName="adx_website_eventspeaker" parentSchemaName="adx_eventspeaker" parentDisplayName="Event Speaker" />
      </MissingDependency>
      <MissingDependency>
        <Required key="97" type="1" schemaName="systemuser" displayName="User" solution="System" />
        <Dependent key="98" type="10" schemaName="adx_systemuser_membership" displayName="adx_systemuser_membership" parentSchemaName="adx_membership" parentDisplayName="Membership" />
      </MissingDependency>
      <MissingDependency>
        <Required key="99" type="20" displayName="System Customizer" solution="System" id="{6de33915-e33c-e311-93f9-00155d03a503}" parentId="{119f245c-3cc8-4b62-b31c-d1a046ced15d}" />
        <Dependent key="100" type="60" displayName="Web Form" parentDisplayName="Session Feedback" id="{f33bd817-4af9-4ea3-ba22-e103b287061c}" />
      </MissingDependency>
      <MissingDependency>
        <Required key="101" type="26" schemaName="Web File Lookup View" displayName="Web File Lookup View" parentSchemaName="adx_webfile" parentDisplayName="Web File" solution="AdxstudioPortalsDependencies (1.0.0031)" id="{284bcd7a-a506-4f40-a709-1a4384af1f02}" />
        <Dependent key="27" type="60" displayName="Information" parentDisplayName="Shortcut" id="{7b5e00b8-5515-4f92-9dd2-a37492153435}" />
      </MissingDependency>
      <MissingDependency>
        <Required key="102" type="26" schemaName="Publishing State Lookup View" displayName="Publishing State Lookup View" parentSchemaName="adx_publishingstate" parentDisplayName="Publishing State" solution="AdxstudioPortals (7.0.0060)" id="{c0fc9644-2a90-43cb-93ba-7e06dd4b9641}" />
        <Dependent key="22" type="60" displayName="Information" parentDisplayName="Event" id="{82cc8588-d783-46e1-9ec5-14029985f768}" />
      </MissingDependency>
      <MissingDependency>
        <Required key="103" type="26" schemaName="Contacts Lookup View" displayName="Contacts Lookup View" parentSchemaName="contact" parentDisplayName="Contact" solution="System" id="{a2d479c5-53e3-4c69-addd-802327e67a0d}" />
        <Dependent key="100" type="60" displayName="Web Form" parentDisplayName="Session Feedback" id="{f33bd817-4af9-4ea3-ba22-e103b287061c}" />
      </MissingDependency>
      <MissingDependency>
        <Required key="104" type="26" schemaName="My Active Contacts" displayName="My Active Contacts" parentSchemaName="contact" parentDisplayName="Contact" solution="System" id="{00000000-0000-0000-00aa-000010001003}" />
        <Dependent key="105" type="60" displayName="Information" parentDisplayName="Membership" id="{0eddc7f6-5cb3-4096-8272-3839ed70b6d2}" />
      </MissingDependency>
      <MissingDependency>
        <Required key="106" type="26" schemaName="Active Contacts" displayName="Active Contacts" parentSchemaName="contact" parentDisplayName="Contact" solution="System" id="{00000000-0000-0000-00aa-000010001004}" />
        <Dependent key="105" type="60" displayName="Information" parentDisplayName="Membership" id="{0eddc7f6-5cb3-4096-8272-3839ed70b6d2}" />
      </MissingDependency>
      <MissingDependency>
        <Required key="107" type="26" schemaName="Website Lookup View" displayName="Website Lookup View" parentSchemaName="adx_website" parentDisplayName="Website" solution="AdxstudioPortalsDependencies (1.0.0031)" id="{52f03978-5c2c-426f-a5cf-7b76b8a043db}" />
        <Dependent key="27" type="60" displayName="Information" parentDisplayName="Shortcut" id="{7b5e00b8-5515-4f92-9dd2-a37492153435}" />
      </MissingDependency>
      <MissingDependency>
        <Required key="108" type="26" schemaName="Page Template Lookup View" displayName="Page Template Lookup View" parentSchemaName="adx_pagetemplate" parentDisplayName="Page Template" solution="AdxstudioPortalsDependencies (1.0.0031)" id="{a90e04f7-39cc-40f5-88d6-c4c756c1083c}" />
        <Dependent key="22" type="60" displayName="Information" parentDisplayName="Event" id="{82cc8588-d783-46e1-9ec5-14029985f768}" />
      </MissingDependency>
      <MissingDependency>
        <Required key="109" type="26" schemaName="Web Page Lookup View" displayName="Web Page Lookup View" parentSchemaName="adx_webpage" parentDisplayName="Web Page" solution="AdxstudioPortalsDependencies (1.0.0031)" id="{d40f1c4b-2b80-4d7d-8ed1-d5817562ab54}" />
        <Dependent key="27" type="60" displayName="Information" parentDisplayName="Shortcut" id="{7b5e00b8-5515-4f92-9dd2-a37492153435}" />
      </MissingDependency>
      <MissingDependency>
        <Required key="109" type="26" schemaName="Web Page Lookup View" displayName="Web Page Lookup View" parentSchemaName="adx_webpage" parentDisplayName="Web Page" solution="AdxstudioPortalsDependencies (1.0.0031)" id="{d40f1c4b-2b80-4d7d-8ed1-d5817562ab54}" />
        <Dependent key="22" type="60" displayName="Information" parentDisplayName="Event" id="{82cc8588-d783-46e1-9ec5-14029985f768}" />
      </MissingDependency>
      <MissingDependency>
        <Required key="110" type="26" schemaName="Active Web Roles" displayName="Active Web Roles" parentSchemaName="adx_webrole" parentDisplayName="Web Role" solution="AdxstudioPortalsDependencies (1.0.0031)" id="{8a3aad5d-06ee-40ad-a1ba-000c521a8f83}" />
        <Dependent key="4" type="60" displayName="Information" parentDisplayName="Event Access Permission" id="{44ff2cd2-9a00-46f9-a575-9b15fe1412db}" />
      </MissingDependency>
      <MissingDependency>
        <Required key="68" type="60" displayName="Information" parentDisplayName="Shortcut" solution="AdxstudioPortals (7.0.0060)" id="{59f245f3-67bc-4c9b-84b5-e0c5b38632d1}" />
        <Dependent key="68" type="60" displayName="Information" parentDisplayName="Shortcut" id="{59f245f3-67bc-4c9b-84b5-e0c5b38632d1}" />
      </MissingDependency>
      <MissingDependency>
        <Required key="27" type="60" displayName="Information" parentDisplayName="Shortcut" solution="AdxstudioPortals (7.0.0060)" id="{7b5e00b8-5515-4f92-9dd2-a37492153435}" />
        <Dependent key="27" type="60" displayName="Information" parentDisplayName="Shortcut" id="{7b5e00b8-5515-4f92-9dd2-a37492153435}" />
      </MissingDependency>
      <MissingDependency>
        <Required key="111" type="61" schemaName="adx_pagetag_medium" displayName="adx_pagetag_medium" solution="AdxstudioPortals (7.0.0060)" />
        <Dependent key="111" type="61" schemaName="adx_pagetag_medium" displayName="adx_pagetag_medium" />
      </MissingDependency>
      <MissingDependency>
        <Required key="112" type="61" schemaName="adx_conferenceregistration_small" displayName="adx_conferenceregistration_small" solution="AdxstudioPortals (7.0.0060)" />
        <Dependent key="112" type="61" schemaName="adx_conferenceregistration_small" displayName="adx_conferenceregistration_small" />
      </MissingDependency>
      <MissingDependency>
        <Required key="113" type="61" schemaName="adx_creg_medium" displayName="adx_creg_medium" solution="AdxstudioPortals (7.0.0060)" />
        <Dependent key="113" type="61" schemaName="adx_creg_medium" displayName="adx_creg_medium" />
      </MissingDependency>
      <MissingDependency>
        <Required key="114" type="61" schemaName="adx_icon_pagetag_small" displayName="adx_icon_pagetag_small" solution="AdxstudioPortals (7.0.0060)" />
        <Dependent key="114" type="61" schemaName="adx_icon_pagetag_small" displayName="adx_icon_pagetag_small" />
      </MissingDependency>
      <MissingDependency>
        <Required key="115" type="61" schemaName="adx_icon_thumbsup_small" displayName="adx_icon_thumbsup_small" solution="AdxstudioPortals (7.0.0060)" />
        <Dependent key="115" type="61" schemaName="adx_icon_thumbsup_small" displayName="adx_icon_thumbsup_small" />
      </MissingDependency>
      <MissingDependency>
        <Required key="116" type="61" schemaName="adx_icon_thumbsup_medium" displayName="adx_icon_thumbsup_medium" solution="AdxstudioPortals (7.0.0060)" />
        <Dependent key="116" type="61" schemaName="adx_icon_thumbsup_medium" displayName="adx_icon_thumbsup_medium" />
      </MissingDependency>
      <MissingDependency>
        <Required key="117" type="61" schemaName="adx_icon_nav_cms_small" displayName="adx_icon_nav_cms_small" solution="AdxstudioPortals (7.0.0060)" />
        <Dependent key="117" type="61" schemaName="adx_icon_nav_cms_small" displayName="adx_icon_nav_cms_small" />
      </MissingDependency>
      <MissingDependency>
        <Required key="117" type="61" schemaName="adx_icon_nav_cms_small" displayName="adx_icon_nav_cms_small" solution="AdxstudioPortals (7.0.0060)" />
        <Dependent key="2" type="62" id="{17a3a638-e33c-e311-93f9-00155d03a503}" />
      </MissingDependency>
      <MissingDependency>
        <Required key="118" type="61" schemaName="adx_shortcut_small" displayName="adx_shortcut_small" solution="AdxstudioPortals (7.0.0060)" />
        <Dependent key="0" type="1" schemaName="adx_shortcut" displayName="Shortcut" />
      </MissingDependency>
      <MissingDependency>
        <Required key="119" type="61" schemaName="adx_/tinymce/tinymce.html" displayName="adx_/tinymce/tinymce.html" solution="AdxstudioPortals (7.0.0060)" />
        <Dependent key="27" type="60" displayName="Information" parentDisplayName="Shortcut" id="{7b5e00b8-5515-4f92-9dd2-a37492153435}" />
      </MissingDependency>
      <MissingDependency>
        <Required key="119" type="61" schemaName="adx_/tinymce/tinymce.html" displayName="adx_/tinymce/tinymce.html" solution="AdxstudioPortals (7.0.0060)" />
        <Dependent key="120" type="60" displayName="Information" parentDisplayName="Event Product" id="{2dcab0ce-b995-4b00-89bb-367e4560e74b}" />
      </MissingDependency>
      <MissingDependency>
        <Required key="119" type="61" schemaName="adx_/tinymce/tinymce.html" displayName="adx_/tinymce/tinymce.html" solution="AdxstudioPortals (7.0.0060)" />
        <Dependent key="22" type="60" displayName="Information" parentDisplayName="Event" id="{82cc8588-d783-46e1-9ec5-14029985f768}" />
      </MissingDependency>
      <MissingDependency>
        <Required key="121" type="61" schemaName="adx_shortcut_medium" displayName="adx_shortcut_medium" solution="AdxstudioPortals (7.0.0060)" />
        <Dependent key="0" type="1" schemaName="adx_shortcut" displayName="Shortcut" />
      </MissingDependency>
    </MissingDependencies>
  </SolutionManifest>
</ImportExportXml>