<ImportExportXml xmlns:xsi="http://www.w3.org/2001/XMLSchema-instance">
  <Entities></Entities>
  <Roles></Roles>
  <Workflows>
    <Workflow WorkflowId="{75cd8b6d-34dd-402c-94c9-a2aec2efc41d}" Name="IdeaCommentUpdateAuthor">
      <XamlFileName>/Workflows/IdeaCommentUpdateAuthor-75CD8B6D-34DD-402C-94C9-A2AEC2EFC41D.xaml</XamlFileName>
      <Type>1</Type>
      <Subprocess>0</Subprocess>
      <Category>0</Category>
      <Mode>0</Mode>
      <Scope>4</Scope>
      <OnDemand>0</OnDemand>
      <TriggerOnUpdateAttributeList>adx_authorid</TriggerOnUpdateAttributeList>
      <TriggerOnCreate>1</TriggerOnCreate>
      <TriggerOnDelete>0</TriggerOnDelete>
      <AsyncAutodelete>0</AsyncAutodelete>
      <SyncWorkflowLogOnFailure>0</SyncWorkflowLogOnFailure>
      <StateCode>1</StateCode>
      <StatusCode>2</StatusCode>
      <IsTransacted>0</IsTransacted>
      <IntroducedVersion>7.0.0003</IntroducedVersion>
      <IsCustomizable>1</IsCustomizable>
      <PrimaryEntity>adx_ideacomment</PrimaryEntity>
    </Workflow>
    <Workflow WorkflowId="{ed545fa6-3f7d-49ca-b94a-4c2a289d0900}" Name="IdeaUpdateAuthor">
      <XamlFileName>/Workflows/IdeaUpdateAuthor-ED545FA6-3F7D-49CA-B94A-4C2A289D0900.xaml</XamlFileName>
      <Type>1</Type>
      <Subprocess>0</Subprocess>
      <Category>0</Category>
      <Mode>0</Mode>
      <Scope>4</Scope>
      <OnDemand>0</OnDemand>
      <TriggerOnUpdateAttributeList>adx_authorid</TriggerOnUpdateAttributeList>
      <TriggerOnCreate>1</TriggerOnCreate>
      <TriggerOnDelete>0</TriggerOnDelete>
      <AsyncAutodelete>0</AsyncAutodelete>
      <SyncWorkflowLogOnFailure>0</SyncWorkflowLogOnFailure>
      <StateCode>1</StateCode>
      <StatusCode>2</StatusCode>
      <IsTransacted>0</IsTransacted>
      <IntroducedVersion>7.0.0003</IntroducedVersion>
      <IsCustomizable>1</IsCustomizable>
      <PrimaryEntity>adx_idea</PrimaryEntity>
    </Workflow>
    <Workflow WorkflowId="{9085839b-1e7f-44a1-be40-4daa251664d6}" Name="IdeaVoteUpdateVoter">
      <XamlFileName>/Workflows/IdeaVoteUpdateVoter-9085839B-1E7F-44A1-BE40-4DAA251664D6.xaml</XamlFileName>
      <Type>1</Type>
      <Subprocess>0</Subprocess>
      <Category>0</Category>
      <Mode>0</Mode>
      <Scope>4</Scope>
      <OnDemand>0</OnDemand>
      <TriggerOnUpdateAttributeList>adx_voterid</TriggerOnUpdateAttributeList>
      <TriggerOnCreate>1</TriggerOnCreate>
      <TriggerOnDelete>0</TriggerOnDelete>
      <AsyncAutodelete>0</AsyncAutodelete>
      <SyncWorkflowLogOnFailure>0</SyncWorkflowLogOnFailure>
      <StateCode>1</StateCode>
      <StatusCode>2</StatusCode>
      <IsTransacted>0</IsTransacted>
      <IntroducedVersion>7.0.0003</IntroducedVersion>
      <IsCustomizable>1</IsCustomizable>
      <PrimaryEntity>adx_ideavote</PrimaryEntity>
    </Workflow>
  </Workflows>
  <FieldSecurityProfiles></FieldSecurityProfiles>
  <Templates />
  <EntityMaps />
  <EntityRelationships />
  <OrganizationSettings />
  <optionsets />
  <Languages>
    <Language>1033</Language>
  </Languages>
</ImportExportXml>