<ImportExportXml version="6.0.0000.0809" SolutionPackageVersion="6.0" languagecode="1033" generatedBy="OnPremise" xmlns:xsi="http://www.w3.org/2001/XMLSchema-instance">
  <SolutionManifest>
    <UniqueName>AdxstudioIdeasWorkflows</UniqueName>
    <LocalizedNames>
      <LocalizedName description="Adxstudio Ideas Workflows" languagecode="1033" />
    </LocalizedNames>
    <Descriptions>
      <Description description="Workflow processes utilized by Adxstudio Ideas." languagecode="1033" />
    </Descriptions>
    <Version>7.0.0005</Version>
    <Managed>1</Managed>
    <Publisher>
      <UniqueName>adxstudio</UniqueName>
      <LocalizedNames>
        <LocalizedName description="Adxstudio Inc." languagecode="1033" />
      </LocalizedNames>
      <Descriptions>
        <Description description="Adxstudio brings qualified expertise in web portal and CMS frameworks to Microsoft Dynamics CRM with xRM Portals (CfMD), an integrated bundle of web portal accelerators which add sophisticated content management, event coordination, membership, profile and self-service capabilities to Dynamics CRM." languagecode="1033" />
      </Descriptions>
      <EMailAddress>support@adxstudio.com</EMailAddress>
      <SupportingWebsiteUrl>http://www.adxstudio.com</SupportingWebsiteUrl>
      <CustomizationPrefix>adx</CustomizationPrefix>
      <CustomizationOptionValuePrefix>75615</CustomizationOptionValuePrefix>
      <Addresses>
        <Address>
          <AddressNumber>1</AddressNumber>
          <AddressTypeCode>1</AddressTypeCode>
          <City xsi:nil="true"></City>
          <County xsi:nil="true"></County>
          <Country xsi:nil="true"></Country>
          <Fax xsi:nil="true"></Fax>
          <FreightTermsCode xsi:nil="true"></FreightTermsCode>
          <ImportSequenceNumber xsi:nil="true"></ImportSequenceNumber>
          <Latitude xsi:nil="true"></Latitude>
          <Line1 xsi:nil="true"></Line1>
          <Line2 xsi:nil="true"></Line2>
          <Line3 xsi:nil="true"></Line3>
          <Longitude xsi:nil="true"></Longitude>
          <Name xsi:nil="true"></Name>
          <PostalCode xsi:nil="true"></PostalCode>
          <PostOfficeBox xsi:nil="true"></PostOfficeBox>
          <PrimaryContactName xsi:nil="true"></PrimaryContactName>
          <ShippingMethodCode>1</ShippingMethodCode>
          <StateOrProvince xsi:nil="true"></StateOrProvince>
          <Telephone1 xsi:nil="true"></Telephone1>
          <Telephone2 xsi:nil="true"></Telephone2>
          <Telephone3 xsi:nil="true"></Telephone3>
          <TimeZoneRuleVersionNumber xsi:nil="true"></TimeZoneRuleVersionNumber>
          <UPSZone xsi:nil="true"></UPSZone>
          <UTCOffset xsi:nil="true"></UTCOffset>
          <UTCConversionTimeZoneCode xsi:nil="true"></UTCConversionTimeZoneCode>
        </Address>
        <Address>
          <AddressNumber>2</AddressNumber>
          <AddressTypeCode>1</AddressTypeCode>
          <City xsi:nil="true"></City>
          <County xsi:nil="true"></County>
          <Country xsi:nil="true"></Country>
          <Fax xsi:nil="true"></Fax>
          <FreightTermsCode xsi:nil="true"></FreightTermsCode>
          <ImportSequenceNumber xsi:nil="true"></ImportSequenceNumber>
          <Latitude xsi:nil="true"></Latitude>
          <Line1 xsi:nil="true"></Line1>
          <Line2 xsi:nil="true"></Line2>
          <Line3 xsi:nil="true"></Line3>
          <Longitude xsi:nil="true"></Longitude>
          <Name xsi:nil="true"></Name>
          <PostalCode xsi:nil="true"></PostalCode>
          <PostOfficeBox xsi:nil="true"></PostOfficeBox>
          <PrimaryContactName xsi:nil="true"></PrimaryContactName>
          <ShippingMethodCode>1</ShippingMethodCode>
          <StateOrProvince xsi:nil="true"></StateOrProvince>
          <Telephone1 xsi:nil="true"></Telephone1>
          <Telephone2 xsi:nil="true"></Telephone2>
          <Telephone3 xsi:nil="true"></Telephone3>
          <TimeZoneRuleVersionNumber xsi:nil="true"></TimeZoneRuleVersionNumber>
          <UPSZone xsi:nil="true"></UPSZone>
          <UTCOffset xsi:nil="true"></UTCOffset>
          <UTCConversionTimeZoneCode xsi:nil="true"></UTCConversionTimeZoneCode>
        </Address>
      </Addresses>
    </Publisher>
    <RootComponents>
      <RootComponent type="29" id="{75cd8b6d-34dd-402c-94c9-a2aec2efc41d}" />
      <RootComponent type="29" id="{9085839b-1e7f-44a1-be40-4daa251664d6}" />
      <RootComponent type="29" id="{ed545fa6-3f7d-49ca-b94a-4c2a289d0900}" />
    </RootComponents>
    <MissingDependencies>
      <MissingDependency>
        <Required key="0" type="1" schemaName="adx_ideacomment" displayName="Idea Comment" solution="Active" />
        <Dependent key="1" type="29" displayName="IdeaCommentUpdateAuthor" id="{75cd8b6d-34dd-402c-94c9-a2aec2efc41d}" />
      </MissingDependency>
      <MissingDependency>
        <Required key="2" type="1" schemaName="adx_idea" displayName="Idea" solution="Active" />
        <Dependent key="3" type="29" displayName="IdeaUpdateAuthor" id="{ed545fa6-3f7d-49ca-b94a-4c2a289d0900}" />
      </MissingDependency>
      <MissingDependency>
        <Required key="4" type="1" schemaName="adx_ideavote" displayName="Idea Vote" solution="Active" />
        <Dependent key="5" type="29" displayName="IdeaVoteUpdateVoter" id="{9085839b-1e7f-44a1-be40-4daa251664d6}" />
      </MissingDependency>
      <MissingDependency>
        <Required key="6" type="2" schemaName="adx_ideavoteid" displayName="Idea Vote" parentSchemaName="adx_ideavote" parentDisplayName="Idea Vote" solution="Active" />
        <Dependent key="5" type="29" displayName="IdeaVoteUpdateVoter" id="{9085839b-1e7f-44a1-be40-4daa251664d6}" />
      </MissingDependency>
      <MissingDependency>
        <Required key="7" type="2" schemaName="adx_voterid" displayName="Voter" parentSchemaName="adx_ideavote" parentDisplayName="Idea Vote" solution="Active" />
        <Dependent key="5" type="29" displayName="IdeaVoteUpdateVoter" id="{9085839b-1e7f-44a1-be40-4daa251664d6}" />
      </MissingDependency>
      <MissingDependency>
        <Required key="8" type="2" schemaName="adx_votername" displayName="Voter Name" parentSchemaName="adx_ideavote" parentDisplayName="Idea Vote" solution="Active" />
        <Dependent key="5" type="29" displayName="IdeaVoteUpdateVoter" id="{9085839b-1e7f-44a1-be40-4daa251664d6}" />
      </MissingDependency>
      <MissingDependency>
        <Required key="9" type="2" schemaName="adx_name" displayName="Name" parentSchemaName="adx_ideavote" parentDisplayName="Idea Vote" solution="Active" />
        <Dependent key="5" type="29" displayName="IdeaVoteUpdateVoter" id="{9085839b-1e7f-44a1-be40-4daa251664d6}" />
      </MissingDependency>
      <MissingDependency>
        <Required key="10" type="2" schemaName="adx_voteremail" displayName="Voter E-mail" parentSchemaName="adx_ideavote" parentDisplayName="Idea Vote" solution="Active" />
        <Dependent key="5" type="29" displayName="IdeaVoteUpdateVoter" id="{9085839b-1e7f-44a1-be40-4daa251664d6}" />
      </MissingDependency>
      <MissingDependency>
        <Required key="11" type="2" schemaName="adx_authorname" displayName="Author Name" parentSchemaName="adx_idea" parentDisplayName="Idea" solution="Active" />
        <Dependent key="3" type="29" displayName="IdeaUpdateAuthor" id="{ed545fa6-3f7d-49ca-b94a-4c2a289d0900}" />
      </MissingDependency>
      <MissingDependency>
        <Required key="12" type="2" schemaName="adx_authorid" displayName="Author" parentSchemaName="adx_idea" parentDisplayName="Idea" solution="Active" />
        <Dependent key="3" type="29" displayName="IdeaUpdateAuthor" id="{ed545fa6-3f7d-49ca-b94a-4c2a289d0900}" />
      </MissingDependency>
      <MissingDependency>
        <Required key="13" type="2" schemaName="adx_authoremail" displayName="Author E-mail" parentSchemaName="adx_idea" parentDisplayName="Idea" solution="Active" />
        <Dependent key="3" type="29" displayName="IdeaUpdateAuthor" id="{ed545fa6-3f7d-49ca-b94a-4c2a289d0900}" />
      </MissingDependency>
      <MissingDependency>
        <Required key="14" type="2" schemaName="adx_ideaid" displayName="Idea" parentSchemaName="adx_idea" parentDisplayName="Idea" solution="Active" />
        <Dependent key="3" type="29" displayName="IdeaUpdateAuthor" id="{ed545fa6-3f7d-49ca-b94a-4c2a289d0900}" />
      </MissingDependency>
      <MissingDependency>
        <Required key="15" type="2" schemaName="adx_name" displayName="Title" parentSchemaName="adx_idea" parentDisplayName="Idea" solution="Active" />
        <Dependent key="3" type="29" displayName="IdeaUpdateAuthor" id="{ed545fa6-3f7d-49ca-b94a-4c2a289d0900}" />
      </MissingDependency>
      <MissingDependency>
        <Required key="16" type="2" schemaName="adx_authorid" displayName="Author" parentSchemaName="adx_ideacomment" parentDisplayName="Idea Comment" solution="Active" />
        <Dependent key="1" type="29" displayName="IdeaCommentUpdateAuthor" id="{75cd8b6d-34dd-402c-94c9-a2aec2efc41d}" />
      </MissingDependency>
      <MissingDependency>
        <Required key="17" type="2" schemaName="adx_name" displayName="Name" parentSchemaName="adx_ideacomment" parentDisplayName="Idea Comment" solution="Active" />
        <Dependent key="1" type="29" displayName="IdeaCommentUpdateAuthor" id="{75cd8b6d-34dd-402c-94c9-a2aec2efc41d}" />
      </MissingDependency>
      <MissingDependency>
        <Required key="18" type="2" schemaName="adx_authoremail" displayName="Author E-mail" parentSchemaName="adx_ideacomment" parentDisplayName="Idea Comment" solution="Active" />
        <Dependent key="1" type="29" displayName="IdeaCommentUpdateAuthor" id="{75cd8b6d-34dd-402c-94c9-a2aec2efc41d}" />
      </MissingDependency>
      <MissingDependency>
        <Required key="19" type="2" schemaName="adx_authorname" displayName="Author Name" parentSchemaName="adx_ideacomment" parentDisplayName="Idea Comment" solution="Active" />
        <Dependent key="1" type="29" displayName="IdeaCommentUpdateAuthor" id="{75cd8b6d-34dd-402c-94c9-a2aec2efc41d}" />
      </MissingDependency>
      <MissingDependency>
        <Required key="20" type="2" schemaName="adx_ideacommentid" displayName="Idea Comment" parentSchemaName="adx_ideacomment" parentDisplayName="Idea Comment" solution="Active" />
        <Dependent key="1" type="29" displayName="IdeaCommentUpdateAuthor" id="{75cd8b6d-34dd-402c-94c9-a2aec2efc41d}" />
      </MissingDependency>
      <MissingDependency>
        <Required key="21" type="10" schemaName="adx_contact_ideacomment" solution="Active" />
        <Dependent key="1" type="29" displayName="IdeaCommentUpdateAuthor" id="{75cd8b6d-34dd-402c-94c9-a2aec2efc41d}" />
      </MissingDependency>
      <MissingDependency>
        <Required key="22" type="10" schemaName="adx_contact_ideavote" solution="Active" />
        <Dependent key="5" type="29" displayName="IdeaVoteUpdateVoter" id="{9085839b-1e7f-44a1-be40-4daa251664d6}" />
      </MissingDependency>
      <MissingDependency>
        <Required key="23" type="10" schemaName="adx_contact_idea" solution="Active" />
        <Dependent key="3" type="29" displayName="IdeaUpdateAuthor" id="{ed545fa6-3f7d-49ca-b94a-4c2a289d0900}" />
      </MissingDependency>
    </MissingDependencies>
  </SolutionManifest>
</ImportExportXml>