<Components xmlns:xsd="http://www.w3.org/2001/XMLSchema" xmlns:xsi="http://www.w3.org/2001/XMLSchema-instance" xmlns="http://schemas.microsoft.com/crm/2009/"><Component><Id>eda26f1e-dbcc-40ad-91f2-ff2878d1d8d8</Id><Name>Entitlement Contacts</Name><ComponentType>26</ComponentType><TypeName>Saved Query</TypeName><ParentEntity>Contact</ParentEntity><Action>Remove</Action><Comments><Comment>The Saved Query Entitlement Contacts hasn't been added to the solution because it's a new Saved Query, or it contains components that won't work in earlier versions of CRM. 
    </Comment></Comments></Component><Component><Id>243fe7e4-4294-4ec3-823d-1bd9d7334d75</Id><Name>Sentiment Value</Name><ComponentType>2</ComponentType><TypeName>Attribute</TypeName><ParentEntity>Case</ParentEntity><Action>Remove</Action><Comments><Comment>The Attribute Sentiment Value hasn't been added to the solution because it's a new Attribute, or it contains components that won't work in earlier versions of CRM. 
    </Comment></Comments></Component><Component><Id>03b61028-0800-4921-8bf0-241e9694d216</Id><Name>First Response Sent</Name><ComponentType>2</ComponentType><TypeName>Attribute</TypeName><ParentEntity>Case</ParentEntity><Action>Remove</Action><Comments><Comment>The Attribute First Response Sent hasn't been added to the solution because it's a new Attribute, or it contains components that won't work in earlier versions of CRM. 
    </Comment></Comments></Component><Component><Id>f0f2e162-da67-4444-9dc6-01ec814dd7d6</Id><Name>First Response SLA Status</Name><ComponentType>2</ComponentType><TypeName>Attribute</TypeName><ParentEntity>Case</ParentEntity><Action>Remove</Action><Comments><Comment>The Attribute First Response SLA Status hasn't been added to the solution because it's a new Attribute, or it contains components that won't work in earlier versions of CRM. 
    </Comment></Comments></Component><Component><Id>cc228258-aba6-420b-a59f-b11706260393</Id><Name>Received As</Name><ComponentType>2</ComponentType><TypeName>Attribute</TypeName><ParentEntity>Case</ParentEntity><Action>Remove</Action><Comments><Comment>The Attribute Received As hasn't been added to the solution because it's a new Attribute, or it contains components that won't work in earlier versions of CRM. 
    </Comment></Comments></Component><Component><Id>2f8acd2f-ce33-436f-a8da-bb0d6252c67c</Id><Name>Internal Use Only</Name><ComponentType>2</ComponentType><TypeName>Attribute</TypeName><ParentEntity>Case</ParentEntity><Action>Remove</Action><Comments><Comment>The Attribute Internal Use Only hasn't been added to the solution because it's a new Attribute, or it contains components that won't work in earlier versions of CRM. 
    </Comment></Comments></Component><Component><Id>b04c87eb-b26c-4bb6-94fb-ae6c12b55eb6</Id><Name>Customer Contacted</Name><ComponentType>2</ComponentType><TypeName>Attribute</TypeName><ParentEntity>Case</ParentEntity><Action>Remove</Action><Comments><Comment>The Attribute Customer Contacted hasn't been added to the solution because it's a new Attribute, or it contains components that won't work in earlier versions of CRM. 
    </Comment></Comments></Component><Component><Id>a28378f8-4f52-46be-bab9-bb35f4fc4574</Id><Name>Escalated On</Name><ComponentType>2</ComponentType><TypeName>Attribute</TypeName><ParentEntity>Case</ParentEntity><Action>Remove</Action><Comments><Comment>The Attribute Escalated On hasn't been added to the solution because it's a new Attribute, or it contains components that won't work in earlier versions of CRM. 
    </Comment></Comments></Component><Component><Id>225dddf1-69b0-447f-8463-3c2c7e1e8d90</Id><Name>Resolve By</Name><ComponentType>2</ComponentType><TypeName>Attribute</TypeName><ParentEntity>Case</ParentEntity><Action>Remove</Action><Comments><Comment>The Attribute Resolve By hasn't been added to the solution because it's a new Attribute, or it contains components that won't work in earlier versions of CRM. 
    </Comment></Comments></Component><Component><Id>1ba720ac-5a93-4d2e-8127-6b1019f008a6</Id><Name>Route Case</Name><ComponentType>2</ComponentType><TypeName>Attribute</TypeName><ParentEntity>Case</ParentEntity><Action>Remove</Action><Comments><Comment>The Attribute Route Case hasn't been added to the solution because it's a new Attribute, or it contains components that won't work in earlier versions of CRM. 
    </Comment></Comments></Component><Component><Id>2e2f06f0-d96e-455d-a82b-7755081086ac</Id><Name>Influence Score</Name><ComponentType>2</ComponentType><TypeName>Attribute</TypeName><ParentEntity>Case</ParentEntity><Action>Remove</Action><Comments><Comment>The Attribute Influence Score hasn't been added to the solution because it's a new Attribute, or it contains components that won't work in earlier versions of CRM. 
    </Comment></Comments></Component><Component><Id>8db39230-2cac-437d-a61c-fedd3fe9722b</Id><Name>Blocked Profile</Name><ComponentType>2</ComponentType><TypeName>Attribute</TypeName><ParentEntity>Case</ParentEntity><Action>Remove</Action><Comments><Comment>The Attribute Blocked Profile hasn't been added to the solution because it's a new Attribute, or it contains components that won't work in earlier versions of CRM. 
    </Comment></Comments></Component><Component><Id>c579966a-6d25-478d-af30-c01f2486f251</Id><Name>IsEscalated</Name><ComponentType>2</ComponentType><TypeName>Attribute</TypeName><ParentEntity>Case</ParentEntity><Action>Remove</Action><Comments><Comment>The Attribute IsEscalated hasn't been added to the solution because it's a new Attribute, or it contains components that won't work in earlier versions of CRM. 
    </Comment></Comments></Component><Component><Id>1637a284-a8b5-4b29-93ff-0e1e0f8466fc</Id><Name>Resolve By SLA Status</Name><ComponentType>2</ComponentType><TypeName>Attribute</TypeName><ParentEntity>Case</ParentEntity><Action>Remove</Action><Comments><Comment>The Attribute Resolve By SLA Status hasn't been added to the solution because it's a new Attribute, or it contains components that won't work in earlier versions of CRM. 
    </Comment></Comments></Component><Component><Id>35e625d1-1d8d-408b-89a7-fefb24dac969</Id><Name>First Response By</Name><ComponentType>2</ComponentType><TypeName>Attribute</TypeName><ParentEntity>Case</ParentEntity><Action>Remove</Action><Comments><Comment>The Attribute First Response By hasn't been added to the solution because it's a new Attribute, or it contains components that won't work in earlier versions of CRM. 
    </Comment></Comments></Component><Component><Id>332b5313-8e97-4b38-8778-1a95d57e3df8</Id><Name>Parent Case</Name><ComponentType>2</ComponentType><TypeName>Attribute</TypeName><ParentEntity>Case</ParentEntity><Action>Remove</Action><Comments><Comment>The Attribute Parent Case hasn't been added to the solution because it's a new Attribute, or it contains components that won't work in earlier versions of CRM. 
    </Comment></Comments></Component><Component><Id>7a18d828-d94c-e511-948e-00155d038c01</Id><Name>7a18d828-d94c-e511-948e-00155d038c01</Name><ComponentType>47</ComponentType><TypeName>Attribute Map</TypeName><ParentEntity /><Action>Remove</Action><Comments><Comment>The Attribute Map 7a18d828-d94c-e511-948e-00155d038c01 hasn't been added to the solution because it contains at least one Attribute that won't work in earlier versions of CRM. 
    </Comment></Comments></Component><Component><Id>1cb0f550-7782-476f-a4cf-fd0678499d92</Id><Name>1cb0f550-7782-476f-a4cf-fd0678499d92</Name><ComponentType>2</ComponentType><TypeName>Attribute</TypeName><ParentEntity>Case</ParentEntity><Action>Remove</Action><Comments><Comment>The Attribute 1cb0f550-7782-476f-a4cf-fd0678499d92 hasn't been added to the solution because it's a new Attribute, or it contains components that won't work in earlier versions of CRM. 
    </Comment></Comments></Component><Component><Id>7b18d828-d94c-e511-948e-00155d038c01</Id><Name>7b18d828-d94c-e511-948e-00155d038c01</Name><ComponentType>47</ComponentType><TypeName>Attribute Map</TypeName><ParentEntity /><Action>Remove</Action><Comments><Comment>The Attribute Map 7b18d828-d94c-e511-948e-00155d038c01 hasn't been added to the solution because it contains at least one Attribute that won't work in earlier versions of CRM. 
    </Comment></Comments></Component><Component><Id>a495bf5d-1b0b-4594-86f2-102e8d32b9e8</Id><Name>Master Case</Name><ComponentType>2</ComponentType><TypeName>Attribute</TypeName><ParentEntity>Case</ParentEntity><Action>Remove</Action><Comments><Comment>The Attribute Master Case hasn't been added to the solution because it's a new Attribute, or it contains components that won't work in earlier versions of CRM. 
    </Comment></Comments></Component><Component><Id>8718d828-d94c-e511-948e-00155d038c01</Id><Name>8718d828-d94c-e511-948e-00155d038c01</Name><ComponentType>47</ComponentType><TypeName>Attribute Map</TypeName><ParentEntity /><Action>Remove</Action><Comments><Comment>The Attribute Map 8718d828-d94c-e511-948e-00155d038c01 hasn't been added to the solution because it contains at least one Attribute that won't work in earlier versions of CRM. 
    </Comment></Comments></Component><Component><Id>34ce38e3-4252-418b-98a5-c0118e0f8eaa</Id><Name>34ce38e3-4252-418b-98a5-c0118e0f8eaa</Name><ComponentType>2</ComponentType><TypeName>Attribute</TypeName><ParentEntity>Case</ParentEntity><Action>Remove</Action><Comments><Comment>The Attribute 34ce38e3-4252-418b-98a5-c0118e0f8eaa hasn't been added to the solution because it's a new Attribute, or it contains components that won't work in earlier versions of CRM. 
    </Comment></Comments></Component><Component><Id>8818d828-d94c-e511-948e-00155d038c01</Id><Name>8818d828-d94c-e511-948e-00155d038c01</Name><ComponentType>47</ComponentType><TypeName>Attribute Map</TypeName><ParentEntity /><Action>Remove</Action><Comments><Comment>The Attribute Map 8818d828-d94c-e511-948e-00155d038c01 hasn't been added to the solution because it contains at least one Attribute that won't work in earlier versions of CRM. 
    </Comment></Comments></Component><Component><Id>54cf6aed-e2bb-419f-980d-bbd7f223ae37</Id><Name>Entitlement</Name><ComponentType>2</ComponentType><TypeName>Attribute</TypeName><ParentEntity>Case</ParentEntity><Action>Remove</Action><Comments><Comment>The Attribute Entitlement hasn't been added to the solution because it's a new Attribute, or it contains components that won't work in earlier versions of CRM. 
    </Comment></Comments></Component><Component><Id>9d18d828-d94c-e511-948e-00155d038c01</Id><Name>9d18d828-d94c-e511-948e-00155d038c01</Name><ComponentType>47</ComponentType><TypeName>Attribute Map</TypeName><ParentEntity /><Action>Remove</Action><Comments><Comment>The Attribute Map 9d18d828-d94c-e511-948e-00155d038c01 hasn't been added to the solution because it contains at least one Attribute that won't work in earlier versions of CRM. 
    </Comment></Comments></Component><Component><Id>d38b0ab8-d426-4a48-a9fa-f9f9c7f3df6c</Id><Name>d38b0ab8-d426-4a48-a9fa-f9f9c7f3df6c</Name><ComponentType>2</ComponentType><TypeName>Attribute</TypeName><ParentEntity>Case</ParentEntity><Action>Remove</Action><Comments><Comment>The Attribute d38b0ab8-d426-4a48-a9fa-f9f9c7f3df6c hasn't been added to the solution because it's a new Attribute, or it contains components that won't work in earlier versions of CRM. 
    </Comment></Comments></Component><Component><Id>9e18d828-d94c-e511-948e-00155d038c01</Id><Name>9e18d828-d94c-e511-948e-00155d038c01</Name><ComponentType>47</ComponentType><TypeName>Attribute Map</TypeName><ParentEntity /><Action>Remove</Action><Comments><Comment>The Attribute Map 9e18d828-d94c-e511-948e-00155d038c01 hasn't been added to the solution because it contains at least one Attribute that won't work in earlier versions of CRM. 
    </Comment></Comments></Component><Component><Id>c26ade36-f5a7-e211-90dd-00155d2c1704</Id><Name>account_entitlement_Customer</Name><ComponentType>10</ComponentType><TypeName>EntityRelationship</TypeName><ParentEntity>Entitlement</ParentEntity><Action>Remove</Action><Comments><Comment>The EntityRelationship account_entitlement_Customer hasn't been added to the solution because it's a new EntityRelationship, or it contains components that won't work in earlier versions of CRM. 
    </Comment></Comments></Component><Component><Id>91f70a66-e3b0-e211-a5fe-00155d2c1704</Id><Name>account_entitlement_Account</Name><ComponentType>10</ComponentType><TypeName>EntityRelationship</TypeName><ParentEntity>Entitlement</ParentEntity><Action>Remove</Action><Comments><Comment>The EntityRelationship account_entitlement_Account hasn't been added to the solution because it's a new EntityRelationship, or it contains components that won't work in earlier versions of CRM. 
    </Comment></Comments></Component><Component><Id>346e649e-e3b0-e211-a5fe-00155d2c1704</Id><Name>contact_entitlement_ContactId</Name><ComponentType>10</ComponentType><TypeName>EntityRelationship</TypeName><ParentEntity>Entitlement</ParentEntity><Action>Remove</Action><Comments><Comment>The EntityRelationship contact_entitlement_ContactId hasn't been added to the solution because it's a new EntityRelationship, or it contains components that won't work in earlier versions of CRM. 
    </Comment></Comments></Component><Component><Id>6657c45c-65d5-4c75-bd97-05e9014db6c8</Id><Name>incident_master_incident</Name><ComponentType>10</ComponentType><TypeName>EntityRelationship</TypeName><ParentEntity>Case</ParentEntity><Action>Remove</Action><Comments><Comment>The EntityRelationship incident_master_incident hasn't been added to the solution because it's a new EntityRelationship, or it contains components that won't work in earlier versions of CRM. 
    </Comment></Comments></Component><Component><Id>4238ff1b-5b56-4a66-9751-0882a4a33545</Id><Name>incident_parent_incident</Name><ComponentType>10</ComponentType><TypeName>EntityRelationship</TypeName><ParentEntity>Case</ParentEntity><Action>Remove</Action><Comments><Comment>The EntityRelationship incident_parent_incident hasn't been added to the solution because it's a new EntityRelationship, or it contains components that won't work in earlier versions of CRM. 
    </Comment></Comments></Component><Component><Id>ad634653-9d42-450a-8b16-0c035113b4c3</Id><Name>Account_Email_SendersAccount</Name><ComponentType>10</ComponentType><TypeName>EntityRelationship</TypeName><ParentEntity>Email</ParentEntity><Action>Remove</Action><Comments><Comment>The EntityRelationship Account_Email_SendersAccount hasn't been added to the solution because it's a new EntityRelationship, or it contains components that won't work in earlier versions of CRM. 
    </Comment></Comments></Component><Component><Id>a5508e2d-4089-4a54-bf6e-0c093fc76c88</Id><Name>Account_Email_EmailSender</Name><ComponentType>10</ComponentType><TypeName>EntityRelationship</TypeName><ParentEntity>Email</ParentEntity><Action>Remove</Action><Comments><Comment>The EntityRelationship Account_Email_EmailSender hasn't been added to the solution because it's a new EntityRelationship, or it contains components that won't work in earlier versions of CRM. 
    </Comment></Comments></Component><Component><Id>433fc341-07d2-4fcc-a764-12f3537a5f5f</Id><Name>sla_cases</Name><ComponentType>10</ComponentType><TypeName>EntityRelationship</TypeName><ParentEntity>SLA</ParentEntity><Action>Remove</Action><Comments><Comment>The EntityRelationship sla_cases hasn't been added to the solution because it's a new EntityRelationship, or it contains components that won't work in earlier versions of CRM. 
    </Comment></Comments></Component><Component><Id>6df817cc-dae0-4ae4-909d-1a123f2b09c8</Id><Name>Incident_SocialActivities</Name><ComponentType>10</ComponentType><TypeName>EntityRelationship</TypeName><ParentEntity>Social Activity</ParentEntity><Action>Remove</Action><Comments><Comment>The EntityRelationship Incident_SocialActivities hasn't been added to the solution because it's a new EntityRelationship, or it contains components that won't work in earlier versions of CRM. 
    </Comment></Comments></Component><Component><Id>3564f0b1-4f79-434f-b801-1ac5b22a8bd4</Id><Name>Contact_SocialActivities</Name><ComponentType>10</ComponentType><TypeName>EntityRelationship</TypeName><ParentEntity>Contact</ParentEntity><Action>Remove</Action><Comments><Comment>The EntityRelationship Contact_SocialActivities hasn't been added to the solution because it's a new EntityRelationship, or it contains components that won't work in earlier versions of CRM. 
    </Comment></Comments></Component><Component><Id>6013d1d7-52bb-4b65-8c5b-1f57bfca694f</Id><Name>socialactivity_postauthor_contacts</Name><ComponentType>10</ComponentType><TypeName>EntityRelationship</TypeName><ParentEntity>Social Activity</ParentEntity><Action>Remove</Action><Comments><Comment>The EntityRelationship socialactivity_postauthor_contacts hasn't been added to the solution because it's a new EntityRelationship, or it contains components that won't work in earlier versions of CRM. 
    </Comment></Comments></Component><Component><Id>1228b162-ccc8-4f1d-99ba-1fda16549bfd</Id><Name>Opportunity_SharepointDocument</Name><ComponentType>10</ComponentType><TypeName>EntityRelationship</TypeName><ParentEntity>Sharepoint Document</ParentEntity><Action>Remove</Action><Comments><Comment>The EntityRelationship Opportunity_SharepointDocument hasn't been added to the solution because it's a new EntityRelationship, or it contains components that won't work in earlier versions of CRM. 
    </Comment></Comments></Component><Component><Id>84cb617a-e14f-43ec-9ef5-2934ec49ded3</Id><Name>Lead_Email_EmailSender</Name><ComponentType>10</ComponentType><TypeName>EntityRelationship</TypeName><ParentEntity>Email</ParentEntity><Action>Remove</Action><Comments><Comment>The EntityRelationship Lead_Email_EmailSender hasn't been added to the solution because it's a new EntityRelationship, or it contains components that won't work in earlier versions of CRM. 
    </Comment></Comments></Component><Component><Id>d4c64960-3de6-407b-b451-3d262c370d30</Id><Name>lk_incident_ChildIncidentCount</Name><ComponentType>10</ComponentType><TypeName>EntityRelationship</TypeName><ParentEntity>Case</ParentEntity><Action>Remove</Action><Comments><Comment>The EntityRelationship lk_incident_ChildIncidentCount hasn't been added to the solution because it's a new EntityRelationship, or it contains components that won't work in earlier versions of CRM. 
    </Comment></Comments></Component><Component><Id>f71db7c7-3d2c-4815-839a-401ca551901e</Id><Name>entitlementcontacts_association</Name><ComponentType>10</ComponentType><TypeName>EntityRelationship</TypeName><ParentEntity>Contact</ParentEntity><Action>Remove</Action><Comments><Comment>The EntityRelationship entitlementcontacts_association hasn't been added to the solution because it's a new EntityRelationship, or it contains components that won't work in earlier versions of CRM. 
    </Comment></Comments></Component><Component><Id>00ed57ad-1f2b-405d-9142-65d2f4298447</Id><Name>Contact_Email_EmailSender</Name><ComponentType>10</ComponentType><TypeName>EntityRelationship</TypeName><ParentEntity>Contact</ParentEntity><Action>Remove</Action><Comments><Comment>The EntityRelationship Contact_Email_EmailSender hasn't been added to the solution because it's a new EntityRelationship, or it contains components that won't work in earlier versions of CRM. 
    </Comment></Comments></Component><Component><Id>801678d1-2853-4a06-9607-66d7462fe4a7</Id><Name>Account_SocialActivities</Name><ComponentType>10</ComponentType><TypeName>EntityRelationship</TypeName><ParentEntity>Social Activity</ParentEntity><Action>Remove</Action><Comments><Comment>The EntityRelationship Account_SocialActivities hasn't been added to the solution because it's a new EntityRelationship, or it contains components that won't work in earlier versions of CRM. 
    </Comment></Comments></Component><Component><Id>b77b8ae0-9f22-4b3c-af7a-6e2fdcdfa4c3</Id><Name>SocialActivity_PostAuthorAccount_accounts</Name><ComponentType>10</ComponentType><TypeName>EntityRelationship</TypeName><ParentEntity>Account</ParentEntity><Action>Remove</Action><Comments><Comment>The EntityRelationship SocialActivity_PostAuthorAccount_accounts hasn't been added to the solution because it's a new EntityRelationship, or it contains components that won't work in earlier versions of CRM. 
    </Comment></Comments></Component><Component><Id>1ab88cd1-9c71-471b-955f-704697c80f3d</Id><Name>Account_SharepointDocument</Name><ComponentType>10</ComponentType><TypeName>EntityRelationship</TypeName><ParentEntity>Account</ParentEntity><Action>Remove</Action><Comments><Comment>The EntityRelationship Account_SharepointDocument hasn't been added to the solution because it's a new EntityRelationship, or it contains components that won't work in earlier versions of CRM. 
    </Comment></Comments></Component><Component><Id>8ab8b788-13fa-452e-92c8-72a801ceabbe</Id><Name>contact_entitlement_Customer</Name><ComponentType>10</ComponentType><TypeName>EntityRelationship</TypeName><ParentEntity>Entitlement</ParentEntity><Action>Remove</Action><Comments><Comment>The EntityRelationship contact_entitlement_Customer hasn't been added to the solution because it's a new EntityRelationship, or it contains components that won't work in earlier versions of CRM. 
    </Comment></Comments></Component><Component><Id>566d4cb1-7aa4-400a-847c-7a6f34a9073a</Id><Name>socialactivity_postauthoraccount_contacts</Name><ComponentType>10</ComponentType><TypeName>EntityRelationship</TypeName><ParentEntity>Social Activity</ParentEntity><Action>Remove</Action><Comments><Comment>The EntityRelationship socialactivity_postauthoraccount_contacts hasn't been added to the solution because it's a new EntityRelationship, or it contains components that won't work in earlier versions of CRM. 
    </Comment></Comments></Component><Component><Id>384b7720-bfb0-4347-91c8-7ba9f81392c2</Id><Name>Socialprofile_customer_contacts</Name><ComponentType>10</ComponentType><TypeName>EntityRelationship</TypeName><ParentEntity>Contact</ParentEntity><Action>Remove</Action><Comments><Comment>The EntityRelationship Socialprofile_customer_contacts hasn't been added to the solution because it's a new EntityRelationship, or it contains components that won't work in earlier versions of CRM. 
    </Comment></Comments></Component><Component><Id>80974121-b83f-4d8e-ad1b-930c746614b8</Id><Name>entitlement_cases</Name><ComponentType>10</ComponentType><TypeName>EntityRelationship</TypeName><ParentEntity>Case</ParentEntity><Action>Remove</Action><Comments><Comment>The EntityRelationship entitlement_cases hasn't been added to the solution because it's a new EntityRelationship, or it contains components that won't work in earlier versions of CRM. 
    </Comment></Comments></Component><Component><Id>c8b0f425-97d8-4f39-bde9-99b1a036b600</Id><Name>SocialActivity_PostAuthor_accounts</Name><ComponentType>10</ComponentType><TypeName>EntityRelationship</TypeName><ParentEntity>Account</ParentEntity><Action>Remove</Action><Comments><Comment>The EntityRelationship SocialActivity_PostAuthor_accounts hasn't been added to the solution because it's a new EntityRelationship, or it contains components that won't work in earlier versions of CRM. 
    </Comment></Comments></Component><Component><Id>a801edcc-4608-4c45-8bc1-9f6cf366e9ec</Id><Name>Lead_SocialActivities</Name><ComponentType>10</ComponentType><TypeName>EntityRelationship</TypeName><ParentEntity>Lead</ParentEntity><Action>Remove</Action><Comments><Comment>The EntityRelationship Lead_SocialActivities hasn't been added to the solution because it's a new EntityRelationship, or it contains components that won't work in earlier versions of CRM. 
    </Comment></Comments></Component><Component><Id>c5cba18d-6049-40ea-afc1-a4411beccaeb</Id><Name>socialprofile_cases</Name><ComponentType>10</ComponentType><TypeName>EntityRelationship</TypeName><ParentEntity>Social Profile</ParentEntity><Action>Remove</Action><Comments><Comment>The EntityRelationship socialprofile_cases hasn't been added to the solution because it's a new EntityRelationship, or it contains components that won't work in earlier versions of CRM. 
    </Comment></Comments></Component><Component><Id>03424782-c7d5-4a34-bbb5-b2df729e0302</Id><Name>contact_as_primary_contact</Name><ComponentType>10</ComponentType><TypeName>EntityRelationship</TypeName><ParentEntity>Case</ParentEntity><Action>Remove</Action><Comments><Comment>The EntityRelationship contact_as_primary_contact hasn't been added to the solution because it's a new EntityRelationship, or it contains components that won't work in earlier versions of CRM. 
    </Comment></Comments></Component><Component><Id>22d659fa-031c-4e9f-837a-c29745e09cbe</Id><Name>KbArticle_SharepointDocument</Name><ComponentType>10</ComponentType><TypeName>EntityRelationship</TypeName><ParentEntity>Sharepoint Document</ParentEntity><Action>Remove</Action><Comments><Comment>The EntityRelationship KbArticle_SharepointDocument hasn't been added to the solution because it's a new EntityRelationship, or it contains components that won't work in earlier versions of CRM. 
    </Comment></Comments></Component><Component><Id>bc9ebc45-2470-441a-b333-d3083f9fb9e4</Id><Name>Socialprofile_customer_accounts</Name><ComponentType>10</ComponentType><TypeName>EntityRelationship</TypeName><ParentEntity>Account</ParentEntity><Action>Remove</Action><Comments><Comment>The EntityRelationship Socialprofile_customer_accounts hasn't been added to the solution because it's a new EntityRelationship, or it contains components that won't work in earlier versions of CRM. 
    </Comment></Comments></Component><Component><Id>e4075824-37c2-4ec8-8cbf-f21aa28b7672</Id><Name>Lead_SharepointDocument</Name><ComponentType>10</ComponentType><TypeName>EntityRelationship</TypeName><ParentEntity>Sharepoint Document</ParentEntity><Action>Remove</Action><Comments><Comment>The EntityRelationship Lead_SharepointDocument hasn't been added to the solution because it's a new EntityRelationship, or it contains components that won't work in earlier versions of CRM. 
    </Comment></Comments></Component><Component><Id>89c95f17-9eee-426a-825f-f3a4e6b48d24</Id><Name>Opportunity_SocialActivities</Name><ComponentType>10</ComponentType><TypeName>EntityRelationship</TypeName><ParentEntity>Opportunity</ParentEntity><Action>Remove</Action><Comments><Comment>The EntityRelationship Opportunity_SocialActivities hasn't been added to the solution because it's a new EntityRelationship, or it contains components that won't work in earlier versions of CRM. 
    </Comment></Comments></Component></Components>