﻿<?xml version="1.0" encoding="utf-8"?>
<ImportExportXml version="6.1.0002.0112" SolutionPackageVersion="6.0" languagecode="1033" generatedBy="OnPremise" xmlns:xsi="http://www.w3.org/2001/XMLSchema-instance">
  <SolutionManifest>
    <UniqueName>AdxstudioPermitsAndLicensing</UniqueName>
    <LocalizedNames>
      <LocalizedName description="Adxstudio Permits &amp; Licensing" languagecode="1033" />
    </LocalizedNames>
    <Descriptions>
      <Description description="Extends Adxstudio Portals with permits, licenses and certifications." languagecode="1033" />
    </Descriptions>
    <Version>7.0.0010</Version>
    <Managed>1</Managed>
    <Publisher>
      <UniqueName>adxstudio</UniqueName>
      <LocalizedNames>
        <LocalizedName description="Adxstudio Inc." languagecode="1033" />
      </LocalizedNames>
      <Descriptions>
        <Description description="Adxstudio brings qualified expertise in web portal and CMS frameworks to Microsoft Dynamics CRM with xRM Portals (CfMD), an integrated bundle of web portal accelerators which add sophisticated content management, event coordination, membership, profile and self-service capabilities to Dynamics CRM." languagecode="1033" />
      </Descriptions>
      <EMailAddress>support@adxstudio.com</EMailAddress>
      <SupportingWebsiteUrl>http://www.adxstudio.com</SupportingWebsiteUrl>
      <CustomizationPrefix>adx</CustomizationPrefix>
      <CustomizationOptionValuePrefix>75615</CustomizationOptionValuePrefix>
      <Addresses>
        <Address>
          <AddressNumber>1</AddressNumber>
          <AddressTypeCode>1</AddressTypeCode>
          <City xsi:nil="true"></City>
          <County xsi:nil="true"></County>
          <Country xsi:nil="true"></Country>
          <Fax xsi:nil="true"></Fax>
          <FreightTermsCode xsi:nil="true"></FreightTermsCode>
          <ImportSequenceNumber xsi:nil="true"></ImportSequenceNumber>
          <Latitude xsi:nil="true"></Latitude>
          <Line1 xsi:nil="true"></Line1>
          <Line2 xsi:nil="true"></Line2>
          <Line3 xsi:nil="true"></Line3>
          <Longitude xsi:nil="true"></Longitude>
          <Name xsi:nil="true"></Name>
          <PostalCode xsi:nil="true"></PostalCode>
          <PostOfficeBox xsi:nil="true"></PostOfficeBox>
          <PrimaryContactName xsi:nil="true"></PrimaryContactName>
          <ShippingMethodCode>1</ShippingMethodCode>
          <StateOrProvince xsi:nil="true"></StateOrProvince>
          <Telephone1 xsi:nil="true"></Telephone1>
          <Telephone2 xsi:nil="true"></Telephone2>
          <Telephone3 xsi:nil="true"></Telephone3>
          <TimeZoneRuleVersionNumber xsi:nil="true"></TimeZoneRuleVersionNumber>
          <UPSZone xsi:nil="true"></UPSZone>
          <UTCOffset xsi:nil="true"></UTCOffset>
          <UTCConversionTimeZoneCode xsi:nil="true"></UTCConversionTimeZoneCode>
        </Address>
        <Address>
          <AddressNumber>2</AddressNumber>
          <AddressTypeCode>1</AddressTypeCode>
          <City xsi:nil="true"></City>
          <County xsi:nil="true"></County>
          <Country xsi:nil="true"></Country>
          <Fax xsi:nil="true"></Fax>
          <FreightTermsCode xsi:nil="true"></FreightTermsCode>
          <ImportSequenceNumber xsi:nil="true"></ImportSequenceNumber>
          <Latitude xsi:nil="true"></Latitude>
          <Line1 xsi:nil="true"></Line1>
          <Line2 xsi:nil="true"></Line2>
          <Line3 xsi:nil="true"></Line3>
          <Longitude xsi:nil="true"></Longitude>
          <Name xsi:nil="true"></Name>
          <PostalCode xsi:nil="true"></PostalCode>
          <PostOfficeBox xsi:nil="true"></PostOfficeBox>
          <PrimaryContactName xsi:nil="true"></PrimaryContactName>
          <ShippingMethodCode>1</ShippingMethodCode>
          <StateOrProvince xsi:nil="true"></StateOrProvince>
          <Telephone1 xsi:nil="true"></Telephone1>
          <Telephone2 xsi:nil="true"></Telephone2>
          <Telephone3 xsi:nil="true"></Telephone3>
          <TimeZoneRuleVersionNumber xsi:nil="true"></TimeZoneRuleVersionNumber>
          <UPSZone xsi:nil="true"></UPSZone>
          <UTCOffset xsi:nil="true"></UTCOffset>
          <UTCConversionTimeZoneCode xsi:nil="true"></UTCConversionTimeZoneCode>
        </Address>
      </Addresses>
    </Publisher>
    <RootComponents>
      <RootComponent type="1" schemaName="adx_permit" />
      <RootComponent type="1" schemaName="adx_permittype" />
      <RootComponent type="9" schemaName="adx_permitapplicationreason" />
      <RootComponent type="9" schemaName="adx_permitclassification" />
      <RootComponent type="9" schemaName="adx_permitpriority" />
      <RootComponent type="9" schemaName="adx_permitstatus" />
      <RootComponent type="61" schemaName="adx_permit.js" />
      <RootComponent type="61" schemaName="adx_permittype.js" />
      <RootComponent type="61" schemaName="adx_permittype_icon_16x16.png" />
      <RootComponent type="61" schemaName="adx_permittype_icon_32x32.png" />
      <RootComponent type="61" schemaName="adx_permit_icon_16x16.png" />
      <RootComponent type="61" schemaName="adx_permit_icon_32x32.png" />
      <RootComponent type="62" />
      <RootComponent type="91" schemaName="Adxstudio.Xrm.Plugins.PermitsAndLicensing, Version=6.0.0.1, Culture=neutral, PublicKeyToken=6658450043d93140" />
      <RootComponent type="92" id="{3657d950-0bb8-e211-8877-00155d036906}" />
      <RootComponent type="92" id="{aeb1ef01-0bb8-e211-8877-00155d036906}" />
    </RootComponents>
    <MissingDependencies>
      <MissingDependency>
        <Required key="0" type="1" schemaName="adx_contentsnippet" displayName="Content Snippet" solution="AdxstudioPortalsDependencies (1.0.0031)" />
        <Dependent key="1" type="62" id="{17a3a638-e33c-e311-93f9-00155d03a503}" />
      </MissingDependency>
      <MissingDependency>
        <Required key="2" type="1" schemaName="adx_webpageaccesscontrolrule" displayName="Web Page Access Control Rule" solution="AdxstudioPortals (7.0.0060)" />
        <Dependent key="1" type="62" id="{17a3a638-e33c-e311-93f9-00155d03a503}" />
      </MissingDependency>
      <MissingDependency>
        <Required key="3" type="1" schemaName="adx_website" displayName="Website" solution="AdxstudioPortalsDependencies (1.0.0031)" />
        <Dependent key="1" type="62" id="{17a3a638-e33c-e311-93f9-00155d03a503}" />
      </MissingDependency>
      <MissingDependency>
        <Required key="4" type="1" schemaName="adx_webpage" displayName="Web Page" solution="AdxstudioPortalsDependencies (1.0.0031)" />
        <Dependent key="1" type="62" id="{17a3a638-e33c-e311-93f9-00155d03a503}" />
      </MissingDependency>
      <MissingDependency>
        <Required key="5" type="1" schemaName="adx_websiteaccess" displayName="Website Access" solution="AdxstudioPortals (7.0.0060)" />
        <Dependent key="1" type="62" id="{17a3a638-e33c-e311-93f9-00155d03a503}" />
      </MissingDependency>
      <MissingDependency>
        <Required key="6" type="1" schemaName="adx_shortcut" displayName="Shortcut" solution="AdxstudioPortals (7.0.0060)" />
        <Dependent key="1" type="62" id="{17a3a638-e33c-e311-93f9-00155d03a503}" />
      </MissingDependency>
      <MissingDependency>
        <Required key="7" type="1" schemaName="adx_webnotificationurl" displayName="Web Notification URL" solution="AdxstudioPortalsDependencies (1.0.0031)" />
        <Dependent key="1" type="62" id="{17a3a638-e33c-e311-93f9-00155d03a503}" />
      </MissingDependency>
      <MissingDependency>
        <Required key="8" type="1" schemaName="adx_licensekey" displayName="Adxstudio License Key" solution="AdxstudioPortals (7.0.0060)" />
        <Dependent key="1" type="62" id="{17a3a638-e33c-e311-93f9-00155d03a503}" />
      </MissingDependency>
      <MissingDependency>
        <Required key="9" type="1" schemaName="adx_caseaccess" displayName="Case Access" solution="AdxstudioPortalsDependencies (1.0.0031)" />
        <Dependent key="1" type="62" id="{17a3a638-e33c-e311-93f9-00155d03a503}" />
      </MissingDependency>
      <MissingDependency>
        <Required key="10" type="1" schemaName="msdyn_postruleconfig" displayName="Post Rule Configuration" solution="ActivityFeedsCore (6.1.2.112)" />
        <Dependent key="1" type="62" id="{17a3a638-e33c-e311-93f9-00155d03a503}" />
      </MissingDependency>
      <MissingDependency>
        <Required key="11" type="1" schemaName="adx_setting" displayName="Setting" solution="AdxstudioCRM2011ProductivityPack (1.0.0032)" />
        <Dependent key="1" type="62" id="{17a3a638-e33c-e311-93f9-00155d03a503}" />
      </MissingDependency>
      <MissingDependency>
        <Required key="12" type="1" schemaName="adx_webfile" displayName="Web File" solution="AdxstudioPortalsDependencies (1.0.0031)" />
        <Dependent key="1" type="62" id="{17a3a638-e33c-e311-93f9-00155d03a503}" />
      </MissingDependency>
      <MissingDependency>
        <Required key="13" type="1" schemaName="adx_pagetemplate" displayName="Page Template" solution="AdxstudioPortalsDependencies (1.0.0031)" />
        <Dependent key="1" type="62" id="{17a3a638-e33c-e311-93f9-00155d03a503}" />
      </MissingDependency>
      <MissingDependency>
        <Required key="14" type="1" schemaName="adx_sitesetting" displayName="Site Setting" solution="AdxstudioPortalsDependencies (1.0.0031)" />
        <Dependent key="1" type="62" id="{17a3a638-e33c-e311-93f9-00155d03a503}" />
      </MissingDependency>
      <MissingDependency>
        <Required key="15" type="1" schemaName="adx_autonumberingdefinition" displayName="Auto Numbering Definition" solution="AdxstudioCRM2011ProductivityPack (1.0.0032)" />
        <Dependent key="1" type="62" id="{17a3a638-e33c-e311-93f9-00155d03a503}" />
      </MissingDependency>
      <MissingDependency>
        <Required key="16" type="1" schemaName="adx_pollplacement" displayName="Poll Placement" solution="AdxstudioPortals (7.0.0060)" />
        <Dependent key="1" type="62" id="{17a3a638-e33c-e311-93f9-00155d03a503}" />
      </MissingDependency>
      <MissingDependency>
        <Required key="17" type="1" schemaName="adx_weblinkset" displayName="Web Link Set" solution="AdxstudioPortalsDependencies (1.0.0031)" />
        <Dependent key="1" type="62" id="{17a3a638-e33c-e311-93f9-00155d03a503}" />
      </MissingDependency>
      <MissingDependency>
        <Required key="18" type="1" schemaName="adx_redirect" displayName="Redirect" solution="AdxstudioPortals (7.0.0060)" />
        <Dependent key="1" type="62" id="{17a3a638-e33c-e311-93f9-00155d03a503}" />
      </MissingDependency>
      <MissingDependency>
        <Required key="19" type="1" schemaName="adx_sitemarker" displayName="Site Marker" solution="AdxstudioPortalsDependencies (1.0.0031)" />
        <Dependent key="1" type="62" id="{17a3a638-e33c-e311-93f9-00155d03a503}" />
      </MissingDependency>
      <MissingDependency>
        <Required key="20" type="1" schemaName="adx_publishingstatetransitionrule" displayName="Publishing State Transition Rule" solution="AdxstudioPortals (7.0.0060)" />
        <Dependent key="1" type="62" id="{17a3a638-e33c-e311-93f9-00155d03a503}" />
      </MissingDependency>
      <MissingDependency>
        <Required key="21" type="1" schemaName="adx_adplacement" displayName="Ad Placement" solution="AdxstudioPortals (7.0.0060)" />
        <Dependent key="1" type="62" id="{17a3a638-e33c-e311-93f9-00155d03a503}" />
      </MissingDependency>
      <MissingDependency>
        <Required key="22" type="1" schemaName="adx_ad" displayName="Ad" solution="AdxstudioPortals (7.0.0060)" />
        <Dependent key="1" type="62" id="{17a3a638-e33c-e311-93f9-00155d03a503}" />
      </MissingDependency>
      <MissingDependency>
        <Required key="23" type="1" schemaName="adx_accountaccess" displayName="Account Access" solution="AdxstudioPortalsDependencies (1.0.0031)" />
        <Dependent key="1" type="62" id="{17a3a638-e33c-e311-93f9-00155d03a503}" />
      </MissingDependency>
      <MissingDependency>
        <Required key="24" type="1" schemaName="adx_webrole" displayName="Web Role" solution="AdxstudioPortalsDependencies (1.0.0031)" />
        <Dependent key="1" type="62" id="{17a3a638-e33c-e311-93f9-00155d03a503}" />
      </MissingDependency>
      <MissingDependency>
        <Required key="25" type="1" schemaName="adx_websitebinding" displayName="Website Binding" solution="AdxstudioPortals (7.0.0060)" />
        <Dependent key="1" type="62" id="{17a3a638-e33c-e311-93f9-00155d03a503}" />
      </MissingDependency>
      <MissingDependency>
        <Required key="26" type="1" schemaName="adx_poll" displayName="Poll" solution="AdxstudioPortals (7.0.0060)" />
        <Dependent key="1" type="62" id="{17a3a638-e33c-e311-93f9-00155d03a503}" />
      </MissingDependency>
      <MissingDependency>
        <Required key="27" type="1" schemaName="adx_contactaccess" displayName="Contact Access" solution="AdxstudioPortalsDependencies (1.0.0031)" />
        <Dependent key="1" type="62" id="{17a3a638-e33c-e311-93f9-00155d03a503}" />
      </MissingDependency>
      <MissingDependency>
        <Required key="28" type="1" schemaName="msdyn_postconfig" displayName="Post Configuration" solution="ActivityFeedsCore (6.1.2.112)" />
        <Dependent key="1" type="62" id="{17a3a638-e33c-e311-93f9-00155d03a503}" />
      </MissingDependency>
      <MissingDependency>
        <Required key="15" type="1" schemaName="adx_autonumberingdefinition" displayName="Auto Numbering Definition" solution="AdxstudioCRM2011ProductivityPack (1.0.0032)" />
        <Dependent key="29" type="10" schemaName="adx_permittype_autonumberingdefinition" displayName="adx_permittype_autonumberingdefinition" parentSchemaName="adx_permittype" parentDisplayName="Permit Type" />
      </MissingDependency>
      <MissingDependency>
        <Required key="30" type="1" schemaName="adx_webform" displayName="Web Form" solution="AdxstudioWebForms (7.0.0090)" />
        <Dependent key="31" type="10" schemaName="adx_permittype_webform" displayName="adx_permittype_webform" parentSchemaName="adx_permittype" parentDisplayName="Permit Type" />
      </MissingDependency>
      <MissingDependency>
        <Required key="32" type="2" schemaName="adx_autonumberingdefinitionid" displayName="Auto Numbering Definition" parentSchemaName="adx_autonumberingdefinition" parentDisplayName="Auto Numbering Definition" solution="AdxstudioCRM2011ProductivityPack (1.0.0032)" />
        <Dependent key="29" type="10" schemaName="adx_permittype_autonumberingdefinition" displayName="adx_permittype_autonumberingdefinition" parentSchemaName="adx_permittype" parentDisplayName="Permit Type" />
      </MissingDependency>
      <MissingDependency>
        <Required key="33" type="2" schemaName="adx_name" displayName="Name" parentSchemaName="adx_autonumberingdefinition" parentDisplayName="Auto Numbering Definition" solution="AdxstudioCRM2011ProductivityPack (1.0.0032)" />
        <Dependent key="29" type="10" schemaName="adx_permittype_autonumberingdefinition" displayName="adx_permittype_autonumberingdefinition" parentSchemaName="adx_permittype" parentDisplayName="Permit Type" />
      </MissingDependency>
      <MissingDependency>
        <Required key="34" type="2" schemaName="adx_name" displayName="Name" parentSchemaName="adx_webform" parentDisplayName="Web Form" solution="AdxstudioWebForms (7.0.0090)" />
        <Dependent key="31" type="10" schemaName="adx_permittype_webform" displayName="adx_permittype_webform" parentSchemaName="adx_permittype" parentDisplayName="Permit Type" />
      </MissingDependency>
      <MissingDependency>
        <Required key="33" type="2" schemaName="adx_name" displayName="Name" parentSchemaName="adx_autonumberingdefinition" parentDisplayName="Auto Numbering Definition" solution="AdxstudioCRM2011ProductivityPack (1.0.0032)" />
        <Dependent key="29" type="10" schemaName="adx_permittype_autonumberingdefinition" displayName="adx_permittype_autonumberingdefinition" parentSchemaName="adx_permittype" parentDisplayName="Permit Type" />
      </MissingDependency>
      <MissingDependency>
        <Required key="34" type="2" schemaName="adx_name" displayName="Name" parentSchemaName="adx_webform" parentDisplayName="Web Form" solution="AdxstudioWebForms (7.0.0090)" />
        <Dependent key="31" type="10" schemaName="adx_permittype_webform" displayName="adx_permittype_webform" parentSchemaName="adx_permittype" parentDisplayName="Permit Type" />
      </MissingDependency>
      <MissingDependency>
        <Required key="35" type="2" schemaName="adx_webformid" displayName="Web Form" parentSchemaName="adx_webform" parentDisplayName="Web Form" solution="AdxstudioWebForms (7.0.0090)" />
        <Dependent key="31" type="10" schemaName="adx_permittype_webform" displayName="adx_permittype_webform" parentSchemaName="adx_permittype" parentDisplayName="Permit Type" />
      </MissingDependency>
      <MissingDependency>
        <Required key="36" type="1" schemaName="lead" displayName="Lead" solution="System" />
        <Dependent key="37" type="10" schemaName="adx_permit_regardinglead" displayName="adx_permit_regardinglead" parentSchemaName="adx_permit" parentDisplayName="Permit" />
      </MissingDependency>
      <MissingDependency>
        <Required key="38" type="1" schemaName="contact" displayName="Contact" solution="System" />
        <Dependent key="39" type="10" schemaName="adx_permit_regardingcontact" displayName="adx_permit_regardingcontact" parentSchemaName="adx_permit" parentDisplayName="Permit" />
      </MissingDependency>
      <MissingDependency>
        <Required key="15" type="1" schemaName="adx_autonumberingdefinition" displayName="Auto Numbering Definition" solution="AdxstudioCRM2011ProductivityPack (1.0.0032)" />
        <Dependent key="29" type="10" schemaName="adx_permittype_autonumberingdefinition" displayName="adx_permittype_autonumberingdefinition" parentSchemaName="adx_permittype" parentDisplayName="Permit Type" />
      </MissingDependency>
      <MissingDependency>
        <Required key="40" type="1" schemaName="product" displayName="Product" solution="System" />
        <Dependent key="41" type="10" schemaName="adx_product_adx_permittype" displayName="adx_product_adx_permittype" parentSchemaName="adx_permittype" parentDisplayName="Permit Type" />
      </MissingDependency>
      <MissingDependency>
        <Required key="42" type="1" schemaName="subject" displayName="Subject" solution="System" />
        <Dependent key="43" type="10" schemaName="adx_permittype_subject" displayName="adx_permittype_subject" parentSchemaName="adx_permittype" parentDisplayName="Permit Type" />
      </MissingDependency>
      <MissingDependency>
        <Required key="44" type="1" schemaName="team" displayName="Team" solution="System" />
        <Dependent key="45" type="10" schemaName="adx_permittype_defaultteam" displayName="adx_permittype_defaultteam" parentSchemaName="adx_permittype" parentDisplayName="Permit Type" />
      </MissingDependency>
      <MissingDependency>
        <Required key="30" type="1" schemaName="adx_webform" displayName="Web Form" solution="AdxstudioWebForms (7.0.0090)" />
        <Dependent key="31" type="10" schemaName="adx_permittype_webform" displayName="adx_permittype_webform" parentSchemaName="adx_permittype" parentDisplayName="Permit Type" />
      </MissingDependency>
      <MissingDependency>
        <Required key="46" type="20" displayName="System Customizer" solution="System" id="{6de33915-e33c-e311-93f9-00155d03a503}" parentId="{119f245c-3cc8-4b62-b31c-d1a046ced15d}" />
        <Dependent key="47" type="60" displayName="Web Form" parentDisplayName="Permit" id="{fd2e25e6-b2fa-42d5-839a-f5f3cb8986ac}" />
      </MissingDependency>
      <MissingDependency>
        <Required key="48" type="26" schemaName="Lead Lookup View" displayName="Lead Lookup View" parentSchemaName="lead" parentDisplayName="Lead" solution="System" id="{ecbac1a3-f8d8-4423-8f7e-10b11119739a}" />
        <Dependent key="49" type="60" displayName="Information" parentDisplayName="Permit" id="{ba8040cc-1774-47c6-869f-a6e369680f65}" />
      </MissingDependency>
      <MissingDependency>
        <Required key="50" type="26" schemaName="Contacts Lookup View" displayName="Contacts Lookup View" parentSchemaName="contact" parentDisplayName="Contact" solution="System" id="{a2d479c5-53e3-4c69-addd-802327e67a0d}" />
        <Dependent key="49" type="60" displayName="Information" parentDisplayName="Permit" id="{ba8040cc-1774-47c6-869f-a6e369680f65}" />
      </MissingDependency>
      <MissingDependency>
        <Required key="51" type="26" schemaName="Web Form Lookup View" displayName="Web Form Lookup View" parentSchemaName="adx_webform" parentDisplayName="Web Form" solution="AdxstudioWebForms (7.0.0090)" id="{614b2579-9d9f-4e34-a69e-65163a3e14de}" />
        <Dependent key="52" type="60" displayName="Information" parentDisplayName="Permit Type" id="{42a1bbf0-486c-4c2b-9daf-e61ecd760ee5}" />
      </MissingDependency>
      <MissingDependency>
        <Required key="53" type="26" schemaName="Auto Numbering Definition Lookup View" displayName="Auto Numbering Definition Lookup View" parentSchemaName="adx_autonumberingdefinition" parentDisplayName="Auto Numbering Definition" solution="AdxstudioCRM2011ProductivityPack (1.0.0032)" id="{26e94857-b411-45b2-95dc-ae648b6356ab}" />
        <Dependent key="52" type="60" displayName="Information" parentDisplayName="Permit Type" id="{42a1bbf0-486c-4c2b-9daf-e61ecd760ee5}" />
      </MissingDependency>
      <MissingDependency>
        <Required key="54" type="61" schemaName="adx_entity_selector.htm" displayName="adx_entity_selector.htm" solution="AdxstudioPortals (7.0.0060)" />
        <Dependent key="52" type="60" displayName="Information" parentDisplayName="Permit Type" id="{42a1bbf0-486c-4c2b-9daf-e61ecd760ee5}" />
      </MissingDependency>
      <MissingDependency>
        <Required key="55" type="61" schemaName="adx_entity_attribute_selector.htm" displayName="adx_entity_attribute_selector.htm" solution="AdxstudioPortals (7.0.0060)" />
        <Dependent key="52" type="60" displayName="Information" parentDisplayName="Permit Type" id="{42a1bbf0-486c-4c2b-9daf-e61ecd760ee5}" />
      </MissingDependency>
      <MissingDependency>
        <Required key="56" type="61" schemaName="msa_icon_nav_portals_32.png" displayName="msa_icon_nav_portals_32.png" solution="AdxstudioPortalsDependencies (1.0.0031)" />
        <Dependent key="1" type="62" id="{17a3a638-e33c-e311-93f9-00155d03a503}" />
      </MissingDependency>
      <MissingDependency>
        <Required key="57" type="61" schemaName="msdyn_/Images/Wall_16.png" displayName="msdyn_/Images/Wall_16.png" solution="ActivityFeedsCore (6.1.2.112)" />
        <Dependent key="1" type="62" id="{17a3a638-e33c-e311-93f9-00155d03a503}" />
      </MissingDependency>
      <MissingDependency>
        <Required key="58" type="61" schemaName="msdyn_/PersonalWall.htm" displayName="msdyn_/PersonalWall.htm" solution="ActivityFeedsCore (6.1.2.112)" />
        <Dependent key="1" type="62" id="{17a3a638-e33c-e311-93f9-00155d03a503}" />
      </MissingDependency>
      <MissingDependency>
        <Required key="59" type="61" schemaName="adx_regarding_entity_link.htm" displayName="adx_regarding_entity_link.htm" solution="AdxstudioPortals (7.0.0060)" />
        <Dependent key="49" type="60" displayName="Information" parentDisplayName="Permit" id="{ba8040cc-1774-47c6-869f-a6e369680f65}" />
      </MissingDependency>
    </MissingDependencies>
  </SolutionManifest>
</ImportExportXml>