﻿<?xml version="1.0" encoding="utf-8"?>
<ImportExportXml xmlns:xsi="http://www.w3.org/2001/XMLSchema-instance">
  <Entities></Entities>
  <Roles></Roles>
  <Workflows></Workflows>
  <FieldSecurityProfiles></FieldSecurityProfiles>
  <Templates />
  <RibbonDiffXml>
    <CustomActions>
      <CustomAction Id="adx.ApplicationRibbon.AdxstudioInstaller.Button.CustomAction" Location="Mscrm.BasicHomeTab.Tools.Controls._children" Sequence="5">
        <CommandUIDefinition>
          <Button Command="adx.ApplicationRibbon.AdxstudioInstaller.Command" Id="adx.ApplicationRibbon.AdxstudioInstaller.Button" Image32by32="$webresource:adx_installer/icon32x32.png" Image16by16="$webresource:adx_installer/icon16x16.png" LabelText="$LocLabels:adx.ApplicationRibbon.AdxstudioInstaller.Button.LabelText" Sequence="5" TemplateAlias="o1" />
        </CommandUIDefinition>
      </CustomAction>
    </CustomActions>
    <Templates>
      <RibbonTemplates Id="Mscrm.Templates"></RibbonTemplates>
    </Templates>
    <CommandDefinitions>
      <CommandDefinition Id="adx.ApplicationRibbon.AdxstudioInstaller.Command">
        <EnableRules />
        <DisplayRules>
          <DisplayRule Id="adx.ApplicationRibbon.AdxstudioInstaller.DisplayRule" />
        </DisplayRules>
        <Actions>
          <Url Address="$webresource:adx_installer/index.html" WinMode="0" WinParams="width=1100,height=760,toolbar=no,scrollbars=yes,resizable=yes" />
        </Actions>
      </CommandDefinition>
    </CommandDefinitions>
    <RuleDefinitions>
      <TabDisplayRules />
      <DisplayRules>
        <DisplayRule Id="adx.ApplicationRibbon.AdxstudioInstaller.DisplayRule">
          <OrRule>
            <Or>
              <PageRule Address="/tools/Solution/home_solution.aspx" />
            </Or>
            <Or>
              <PageRule Address="/tools/systemcustomization/systemcustomization.aspx" />
            </Or>
            <Or>
              <CrmClientTypeRule Type="Outlook" />
              <MiscellaneousPrivilegeRule PrivilegeName="ImportCustomization" />
            </Or>
          </OrRule>
        </DisplayRule>
      </DisplayRules>
      <EnableRules />
    </RuleDefinitions>
    <LocLabels>
      <LocLabel Id="adx.ApplicationRibbon.AdxstudioInstaller.Button.LabelText">
        <Titles>
          <Title description="Adxstudio Installer" languagecode="1033" />
        </Titles>
      </LocLabel>
    </LocLabels>
  </RibbonDiffXml>
  <EntityMaps />
  <EntityRelationships />
  <OrganizationSettings />
  <optionsets />
  <WebResources>
    <WebResource>
      <WebResourceId>{66e0b612-6563-e311-95c7-00155d03690b}</WebResourceId>
      <Name>adx_installer/index.html</Name>
      <DisplayName>index.html</DisplayName>
      <LanguageCode>1033</LanguageCode>
      <WebResourceType>1</WebResourceType>
      <IntroducedVersion>7.0.0.0</IntroducedVersion>
      <IsCustomizable>1</IsCustomizable>
      <CanBeDeleted>1</CanBeDeleted>
      <IsHidden>0</IsHidden>
      <FileName>/WebResources/adx_installerindexhtml66E0B612-6563-E311-95C7-00155D03690B</FileName>
    </WebResource>
    <WebResource>
      <WebResourceId>{95222c24-6563-e311-95c7-00155d03690b}</WebResourceId>
      <Name>adx_installer/installer.css</Name>
      <DisplayName>installer.css</DisplayName>
      <WebResourceType>2</WebResourceType>
      <IntroducedVersion>7.0.0.0</IntroducedVersion>
      <IsCustomizable>1</IsCustomizable>
      <CanBeDeleted>1</CanBeDeleted>
      <IsHidden>0</IsHidden>
      <FileName>/WebResources/adx_installerinstallercss95222C24-6563-E311-95C7-00155D03690B</FileName>
    </WebResource>
    <WebResource>
      <WebResourceId>{bbee9d6f-6863-e311-95c7-00155d03690b}</WebResourceId>
      <Name>adx_framework/adx.sdk.js</Name>
      <DisplayName>adx.sdk.js</DisplayName>
      <WebResourceType>3</WebResourceType>
      <IntroducedVersion>7.0.0.0</IntroducedVersion>
      <IsCustomizable>1</IsCustomizable>
      <CanBeDeleted>1</CanBeDeleted>
      <IsHidden>0</IsHidden>
      <FileName>/WebResources/adx_frameworkadxsdkjsBBEE9D6F-6863-E311-95C7-00155D03690B</FileName>
    </WebResource>
    <WebResource>
      <WebResourceId>{7f9902a5-2a64-e311-95c7-00155d03690b}</WebResourceId>
      <Name>adx_installer/adx.xrm.installer.js</Name>
      <DisplayName>adx.xrm.installer.js</DisplayName>
      <WebResourceType>3</WebResourceType>
      <IntroducedVersion>7.0.0.0</IntroducedVersion>
      <IsCustomizable>1</IsCustomizable>
      <CanBeDeleted>1</CanBeDeleted>
      <IsHidden>0</IsHidden>
      <FileName>/WebResources/adx_installeradxxrminstallerjs7F9902A5-2A64-E311-95C7-00155D03690B</FileName>
    </WebResource>
    <WebResource>
      <WebResourceId>{ef3ad6b3-2a64-e311-95c7-00155d03690b}</WebResourceId>
      <Name>adx_installer/adx.xrm.solutions.js</Name>
      <DisplayName>adx.xrm.solutions.js</DisplayName>
      <WebResourceType>3</WebResourceType>
      <IntroducedVersion>7.0.0.0</IntroducedVersion>
      <IsCustomizable>1</IsCustomizable>
      <CanBeDeleted>1</CanBeDeleted>
      <IsHidden>0</IsHidden>
      <FileName>/WebResources/adx_installeradxxrmsolutionsjsEF3AD6B3-2A64-E311-95C7-00155D03690B</FileName>
    </WebResource>
    <WebResource>
      <WebResourceId>{8c8901c6-ca74-e311-941b-00155d03690e}</WebResourceId>
      <Name>adx_installer/adx.configuration.js</Name>
      <DisplayName>adx.configuration.js</DisplayName>
      <WebResourceType>3</WebResourceType>
      <IntroducedVersion>7.0.0.0</IntroducedVersion>
      <IsCustomizable>1</IsCustomizable>
      <CanBeDeleted>1</CanBeDeleted>
      <IsHidden>0</IsHidden>
      <FileName>/WebResources/adx_installeradxconfigurationjs8C8901C6-CA74-E311-941B-00155D03690E</FileName>
    </WebResource>
    <WebResource>
      <WebResourceId>{515cb0b1-8579-e311-941c-00155d03690e}</WebResourceId>
      <Name>adx_framework/adx.xrm.js</Name>
      <DisplayName>adx.xrm.js</DisplayName>
      <WebResourceType>3</WebResourceType>
      <IntroducedVersion>7.0.0.0</IntroducedVersion>
      <IsCustomizable>1</IsCustomizable>
      <CanBeDeleted>1</CanBeDeleted>
      <IsHidden>0</IsHidden>
      <FileName>/WebResources/adx_frameworkadxxrmjs515CB0B1-8579-E311-941C-00155D03690E</FileName>
    </WebResource>
    <WebResource>
      <WebResourceId>{b581439f-f17e-e311-941e-00155d03690e}</WebResourceId>
      <Name>adx_installer/imports/jquery1.10.2.min.js</Name>
      <DisplayName>jquery1.10.2.min.js</DisplayName>
      <WebResourceType>3</WebResourceType>
      <IntroducedVersion>1.0.0000</IntroducedVersion>
      <IsCustomizable>1</IsCustomizable>
      <CanBeDeleted>1</CanBeDeleted>
      <IsHidden>0</IsHidden>
      <FileName>/WebResources/adx_installerimportsjquery1102minjsB581439F-F17E-E311-941E-00155D03690E</FileName>
    </WebResource>
    <WebResource>
      <WebResourceId>{688e7ad1-f17e-e311-941e-00155d03690e}</WebResourceId>
      <Name>adx_installer/imports/json2.js</Name>
      <DisplayName>json2.js</DisplayName>
      <WebResourceType>3</WebResourceType>
      <IntroducedVersion>1.0.0000</IntroducedVersion>
      <IsCustomizable>1</IsCustomizable>
      <CanBeDeleted>1</CanBeDeleted>
      <IsHidden>0</IsHidden>
      <FileName>/WebResources/adx_installerimportsjson2js688E7AD1-F17E-E311-941E-00155D03690E</FileName>
    </WebResource>
    <WebResource>
      <WebResourceId>{ad7e90ec-f17e-e311-941e-00155d03690e}</WebResourceId>
      <Name>adx_installer/imports/underscore.min.js</Name>
      <DisplayName>underscore.min.js</DisplayName>
      <WebResourceType>3</WebResourceType>
      <IntroducedVersion>1.0.0000</IntroducedVersion>
      <IsCustomizable>1</IsCustomizable>
      <CanBeDeleted>1</CanBeDeleted>
      <IsHidden>0</IsHidden>
      <FileName>/WebResources/adx_installerimportsunderscoreminjsAD7E90EC-F17E-E311-941E-00155D03690E</FileName>
    </WebResource>
    <WebResource>
      <WebResourceId>{50cf2d57-f27e-e311-941e-00155d03690e}</WebResourceId>
      <Name>adx_installer/imports/jquery.blobarraybuffer.ajaxtransport.js</Name>
      <DisplayName>jquery.blobarraybuffer.ajaxtransport.js</DisplayName>
      <LanguageCode>1033</LanguageCode>
      <WebResourceType>3</WebResourceType>
      <IntroducedVersion>1.0.0000</IntroducedVersion>
      <IsCustomizable>1</IsCustomizable>
      <CanBeDeleted>1</CanBeDeleted>
      <IsHidden>0</IsHidden>
      <FileName>/WebResources/adx_installerimportsjqueryblobarraybufferajaxtrans50CF2D57-F27E-E311-941E-00155D03690E</FileName>
    </WebResource>
    <WebResource>
      <WebResourceId>{3d3f6b68-248a-e311-942c-00155d03690e}</WebResourceId>
      <Name>adx_installer/adx.xrm.packages.js</Name>
      <DisplayName>adx.xrm.packages.js</DisplayName>
      <WebResourceType>3</WebResourceType>
      <IntroducedVersion>1.0.0001</IntroducedVersion>
      <IsCustomizable>1</IsCustomizable>
      <CanBeDeleted>1</CanBeDeleted>
      <IsHidden>0</IsHidden>
      <FileName>/WebResources/adx_installeradxxrmpackagesjs3D3F6B68-248A-E311-942C-00155D03690E</FileName>
    </WebResource>
    <WebResource>
      <WebResourceId>{2ceb65e6-9c8a-e311-942c-00155d03690e}</WebResourceId>
      <Name>adx_installer/imports/handlebars1.3.0.js</Name>
      <DisplayName>handlebars1.3.0.js</DisplayName>
      <WebResourceType>3</WebResourceType>
      <IntroducedVersion>1.0.0001</IntroducedVersion>
      <IsCustomizable>1</IsCustomizable>
      <CanBeDeleted>1</CanBeDeleted>
      <IsHidden>0</IsHidden>
      <FileName>/WebResources/adx_installerimportshandlebars130js2CEB65E6-9C8A-E311-942C-00155D03690E</FileName>
    </WebResource>
    <WebResource>
      <WebResourceId>{01c768e2-cf8a-e311-942c-00155d03690e}</WebResourceId>
      <Name>adx_installer/adx.xrm.repositories.js</Name>
      <DisplayName>adx.xrm.repositories.js</DisplayName>
      <WebResourceType>3</WebResourceType>
      <IntroducedVersion>1.0.0001</IntroducedVersion>
      <IsCustomizable>1</IsCustomizable>
      <CanBeDeleted>1</CanBeDeleted>
      <IsHidden>0</IsHidden>
      <FileName>/WebResources/adx_installeradxxrmrepositoriesjs01C768E2-CF8A-E311-942C-00155D03690E</FileName>
    </WebResource>
    <WebResource>
      <WebResourceId>{411473c7-668b-e311-942c-00155d03690e}</WebResourceId>
      <Name>adx_framework/adx.xrm.copy.js</Name>
      <DisplayName>adx.xrm.copy.js</DisplayName>
      <WebResourceType>3</WebResourceType>
      <IntroducedVersion>1.0.0001</IntroducedVersion>
      <IsCustomizable>1</IsCustomizable>
      <CanBeDeleted>1</CanBeDeleted>
      <IsHidden>0</IsHidden>
      <FileName>/WebResources/adx_frameworkadxxrmcopyjs411473C7-668B-E311-942C-00155D03690E</FileName>
    </WebResource>
    <WebResource>
      <WebResourceId>{bd81c0dc-5e90-e311-9435-00155d03690e}</WebResourceId>
      <Name>adx_installer/icon32x32.png</Name>
      <DisplayName>icon32x32.png</DisplayName>
      <WebResourceType>5</WebResourceType>
      <IntroducedVersion>1.0.0004</IntroducedVersion>
      <IsCustomizable>1</IsCustomizable>
      <CanBeDeleted>1</CanBeDeleted>
      <IsHidden>0</IsHidden>
      <FileName>/WebResources/adx_installericon32x32pngBD81C0DC-5E90-E311-9435-00155D03690E</FileName>
    </WebResource>
    <WebResource>
      <WebResourceId>{15e4c1f7-5e90-e311-9435-00155d03690e}</WebResourceId>
      <Name>adx_installer/icon16x16.png</Name>
      <DisplayName>icon16x16.png</DisplayName>
      <WebResourceType>5</WebResourceType>
      <IntroducedVersion>1.0.0004</IntroducedVersion>
      <IsCustomizable>1</IsCustomizable>
      <CanBeDeleted>1</CanBeDeleted>
      <IsHidden>0</IsHidden>
      <FileName>/WebResources/adx_installericon16x16png15E4C1F7-5E90-E311-9435-00155D03690E</FileName>
    </WebResource>
    <WebResource>
      <WebResourceId>{1a13dba5-8fbe-e311-9424-00155d038c01}</WebResourceId>
      <Name>adx_installer/eula.html</Name>
      <DisplayName>EULA</DisplayName>
      <LanguageCode>1033</LanguageCode>
      <WebResourceType>1</WebResourceType>
      <IntroducedVersion>1.0.0009</IntroducedVersion>
      <IsCustomizable>1</IsCustomizable>
      <CanBeDeleted>1</CanBeDeleted>
      <IsHidden>0</IsHidden>
      <FileName>/WebResources/adx_installereulahtml1A13DBA5-8FBE-E311-9424-00155D038C01</FileName>
    </WebResource>
    <WebResource>
      <WebResourceId>{431c7897-f9ca-e311-9425-00155d038c01}</WebResourceId>
      <Name>adx_installer/imports/FileSaver.js</Name>
      <DisplayName>FileSaver.js</DisplayName>
      <WebResourceType>3</WebResourceType>
      <IntroducedVersion>1.0.0010</IntroducedVersion>
      <IsCustomizable>1</IsCustomizable>
      <CanBeDeleted>1</CanBeDeleted>
      <IsHidden>0</IsHidden>
      <FileName>/WebResources/adx_installerimportsFileSaverjs431C7897-F9CA-E311-9425-00155D038C01</FileName>
    </WebResource>
    <WebResource>
      <WebResourceId>{74670b79-a7c9-e411-944f-00155d038c01}</WebResourceId>
      <Name>adx_installer/adx.xrm.data.js</Name>
      <DisplayName>adx.xrm.data.js</DisplayName>
      <WebResourceType>3</WebResourceType>
      <IntroducedVersion>1.0</IntroducedVersion>
      <IsCustomizable>1</IsCustomizable>
      <CanBeDeleted>1</CanBeDeleted>
      <IsHidden>0</IsHidden>
      <FileName>/WebResources/adx_installeradxxrmdatajs74670B79-A7C9-E411-944F-00155D038C01</FileName>
    </WebResource>
    <WebResource>
      <WebResourceId>{76670b79-a7c9-e411-944f-00155d038c01}</WebResourceId>
      <Name>adx_installer/imports/select2.min.js</Name>
      <DisplayName>select2.min.js</DisplayName>
      <WebResourceType>3</WebResourceType>
      <IntroducedVersion>1.0</IntroducedVersion>
      <IsCustomizable>1</IsCustomizable>
      <CanBeDeleted>1</CanBeDeleted>
      <IsHidden>0</IsHidden>
      <FileName>/WebResources/adx_installerimportsselect2minjs76670B79-A7C9-E411-944F-00155D038C01</FileName>
    </WebResource>
    <WebResource>
      <WebResourceId>{78670b79-a7c9-e411-944f-00155d038c01}</WebResourceId>
      <Name>adx_installer/imports/select2.css</Name>
      <DisplayName>select2.css</DisplayName>
      <WebResourceType>2</WebResourceType>
      <IntroducedVersion>1.0</IntroducedVersion>
      <IsCustomizable>1</IsCustomizable>
      <CanBeDeleted>1</CanBeDeleted>
      <IsHidden>0</IsHidden>
      <FileName>/WebResources/adx_installerimportsselect2css78670B79-A7C9-E411-944F-00155D038C01</FileName>
    </WebResource>
    <WebResource>
      <WebResourceId>{7a670b79-a7c9-e411-944f-00155d038c01}</WebResourceId>
      <Name>adx_installer/imports/select2.png</Name>
      <DisplayName>select2.png</DisplayName>
      <WebResourceType>5</WebResourceType>
      <IntroducedVersion>1.0</IntroducedVersion>
      <IsCustomizable>1</IsCustomizable>
      <CanBeDeleted>1</CanBeDeleted>
      <IsHidden>0</IsHidden>
      <FileName>/WebResources/adx_installerimportsselect2png7A670B79-A7C9-E411-944F-00155D038C01</FileName>
    </WebResource>
    <WebResource>
      <WebResourceId>{7c670b79-a7c9-e411-944f-00155d038c01}</WebResourceId>
      <Name>adx_installer/imports/select2_spinner.gif</Name>
      <DisplayName>select2_spinner.gif</DisplayName>
      <WebResourceType>7</WebResourceType>
      <IntroducedVersion>1.0</IntroducedVersion>
      <IsCustomizable>1</IsCustomizable>
      <CanBeDeleted>1</CanBeDeleted>
      <IsHidden>0</IsHidden>
      <FileName>/WebResources/adx_installerimportsselect2_spinnergif7C670B79-A7C9-E411-944F-00155D038C01</FileName>
    </WebResource>
    <WebResource>
      <WebResourceId>{7e670b79-a7c9-e411-944f-00155d038c01}</WebResourceId>
      <Name>adx_installer/imports/select2x2.png</Name>
      <DisplayName>select2x2.png</DisplayName>
      <WebResourceType>5</WebResourceType>
      <IntroducedVersion>1.0</IntroducedVersion>
      <IsCustomizable>1</IsCustomizable>
      <CanBeDeleted>1</CanBeDeleted>
      <IsHidden>0</IsHidden>
      <FileName>/WebResources/adx_installerimportsselect2x2png7E670B79-A7C9-E411-944F-00155D038C01</FileName>
    </WebResource>
    <WebResource>
      <WebResourceId>{80670b79-a7c9-e411-944f-00155d038c01}</WebResourceId>
      <Name>adx_installer/imports/jquery.validate.min.js</Name>
      <DisplayName>jquery.validate.min.js</DisplayName>
      <WebResourceType>3</WebResourceType>
      <IntroducedVersion>1.0</IntroducedVersion>
      <IsCustomizable>1</IsCustomizable>
      <CanBeDeleted>1</CanBeDeleted>
      <IsHidden>0</IsHidden>
      <FileName>/WebResources/adx_installerimportsjqueryvalidateminjs80670B79-A7C9-E411-944F-00155D038C01</FileName>
    </WebResource>
    <WebResource>
      <WebResourceId>{18fae353-a8c9-e411-944f-00155d038c01}</WebResourceId>
      <Name>adx_installer/imports/bootstrap.min.js</Name>
      <DisplayName>bootstrap.min.js</DisplayName>
      <WebResourceType>3</WebResourceType>
      <IntroducedVersion>1.0</IntroducedVersion>
      <IsCustomizable>1</IsCustomizable>
      <CanBeDeleted>1</CanBeDeleted>
      <IsHidden>0</IsHidden>
      <FileName>/WebResources/adx_installerimportsbootstrapminjs18FAE353-A8C9-E411-944F-00155D038C01</FileName>
    </WebResource>
    <WebResource>
      <WebResourceId>{1afae353-a8c9-e411-944f-00155d038c01}</WebResourceId>
      <Name>adx_installer/imports/bootstrap.min.css</Name>
      <DisplayName>bootstrap.min.css</DisplayName>
      <WebResourceType>2</WebResourceType>
      <IntroducedVersion>1.0</IntroducedVersion>
      <IsCustomizable>1</IsCustomizable>
      <CanBeDeleted>1</CanBeDeleted>
      <IsHidden>0</IsHidden>
      <FileName>/WebResources/adx_installerimportsbootstrapmincss1AFAE353-A8C9-E411-944F-00155D038C01</FileName>
    </WebResource>
    <WebResource>
      <WebResourceId>{4d09ffe6-a9c9-e411-944f-00155d038c01}</WebResourceId>
      <Name>adx_fontawesome/css/font_awesome.min.css</Name>
      <DisplayName>font_awesome.min.css</DisplayName>
      <WebResourceType>2</WebResourceType>
      <IntroducedVersion>1.0</IntroducedVersion>
      <IsCustomizable>1</IsCustomizable>
      <CanBeDeleted>1</CanBeDeleted>
      <IsHidden>0</IsHidden>
      <FileName>/WebResources/adx_fontawesomecssfont_awesomemincss4D09FFE6-A9C9-E411-944F-00155D038C01</FileName>
    </WebResource>
    <WebResource>
      <WebResourceId>{4f09ffe6-a9c9-e411-944f-00155d038c01}</WebResourceId>
      <Name>adx_fontawesome/fonts/FontAwesome.otf</Name>
      <DisplayName>FontAwesome.otf</DisplayName>
      <WebResourceType>2</WebResourceType>
      <IntroducedVersion>1.0</IntroducedVersion>
      <IsCustomizable>1</IsCustomizable>
      <CanBeDeleted>1</CanBeDeleted>
      <IsHidden>0</IsHidden>
      <FileName>/WebResources/adx_fontawesomefontsFontAwesomeotf4F09FFE6-A9C9-E411-944F-00155D038C01</FileName>
    </WebResource>
    <WebResource>
      <WebResourceId>{5109ffe6-a9c9-e411-944f-00155d038c01}</WebResourceId>
      <Name>adx_fontawesome/fonts/fontawesome_webfont.eot</Name>
      <DisplayName>fontawesome_webfont.eot</DisplayName>
      <WebResourceType>2</WebResourceType>
      <IntroducedVersion>1.0</IntroducedVersion>
      <IsCustomizable>1</IsCustomizable>
      <CanBeDeleted>1</CanBeDeleted>
      <IsHidden>0</IsHidden>
      <FileName>/WebResources/adx_fontawesomefontsfontawesome_webfonteot5109FFE6-A9C9-E411-944F-00155D038C01</FileName>
    </WebResource>
    <WebResource>
      <WebResourceId>{5309ffe6-a9c9-e411-944f-00155d038c01}</WebResourceId>
      <Name>adx_fontawesome/fonts/fontawesome_webfont.ttf</Name>
      <DisplayName>fontawesome_webfont.ttf</DisplayName>
      <WebResourceType>2</WebResourceType>
      <IntroducedVersion>1.0</IntroducedVersion>
      <IsCustomizable>1</IsCustomizable>
      <CanBeDeleted>1</CanBeDeleted>
      <IsHidden>0</IsHidden>
      <FileName>/WebResources/adx_fontawesomefontsfontawesome_webfontttf5309FFE6-A9C9-E411-944F-00155D038C01</FileName>
    </WebResource>
    <WebResource>
      <WebResourceId>{5509ffe6-a9c9-e411-944f-00155d038c01}</WebResourceId>
      <Name>adx_fontawesome/fonts/fontawesome_webfont.woff</Name>
      <DisplayName>fontawesome_webfont.woff</DisplayName>
      <WebResourceType>2</WebResourceType>
      <IntroducedVersion>1.0</IntroducedVersion>
      <IsCustomizable>1</IsCustomizable>
      <CanBeDeleted>1</CanBeDeleted>
      <IsHidden>0</IsHidden>
      <FileName>/WebResources/adx_fontawesomefontsfontawesome_webfontwoff5509FFE6-A9C9-E411-944F-00155D038C01</FileName>
    </WebResource>
    <WebResource>
      <WebResourceId>{5709ffe6-a9c9-e411-944f-00155d038c01}</WebResourceId>
      <Name>adx_fontawesome/fonts/fontawesome_webfont.svg</Name>
      <DisplayName>fontawesome_webfont.svg</DisplayName>
      <WebResourceType>2</WebResourceType>
      <IntroducedVersion>1.0</IntroducedVersion>
      <IsCustomizable>1</IsCustomizable>
      <CanBeDeleted>1</CanBeDeleted>
      <IsHidden>0</IsHidden>
      <FileName>/WebResources/adx_fontawesomefontsfontawesome_webfontsvg5709FFE6-A9C9-E411-944F-00155D038C01</FileName>
    </WebResource>
  </WebResources>
  <Languages>
    <Language>1033</Language>
  </Languages>
</ImportExportXml>