<Components xmlns:xsd="http://www.w3.org/2001/XMLSchema" xmlns:xsi="http://www.w3.org/2001/XMLSchema-instance" xmlns="http://schemas.microsoft.com/crm/2009/"><Component><Id>c7e74492-e450-e511-9442-00155d03a501</Id><Name>Social Channel</Name><ComponentType>2</ComponentType><TypeName>Attribute</TypeName><ParentEntity>Alert Subscription</ParentEntity><Action>Remove</Action><Comments><Comment>The Attribute Social Channel hasn't been added to the solution because it contains at least one OptionSet that won't work in earlier versions of CRM. 
    </Comment></Comments></Component><Component><Id>25ed4492-e450-e511-9442-00155d03a501</Id><Name>Social Channel</Name><ComponentType>2</ComponentType><TypeName>Attribute</TypeName><ParentEntity>Invite Redemption</ParentEntity><Action>Remove</Action><Comments><Comment>The Attribute Social Channel hasn't been added to the solution because it contains at least one OptionSet that won't work in earlier versions of CRM. 
    </Comment></Comments></Component><Component><Id>ae685898-e450-e511-9442-00155d03a501</Id><Name>Social Channel</Name><ComponentType>2</ComponentType><TypeName>Attribute</TypeName><ParentEntity>Rating</ParentEntity><Action>Remove</Action><Comments><Comment>The Attribute Social Channel hasn't been added to the solution because it contains at least one OptionSet that won't work in earlier versions of CRM. 
    </Comment></Comments></Component><Component><Id>eda26f1e-dbcc-40ad-91f2-ff2878d1d8d8</Id><Name>Entitlement Contacts</Name><ComponentType>26</ComponentType><TypeName>Saved Query</TypeName><ParentEntity>Contact</ParentEntity><Action>Remove</Action><Comments><Comment>The Saved Query Entitlement Contacts hasn't been added to the solution because it's a new Saved Query, or it contains components that won't work in earlier versions of CRM. 
    </Comment></Comments></Component><Component><Id>243fe7e4-4294-4ec3-823d-1bd9d7334d75</Id><Name>Sentiment Value</Name><ComponentType>2</ComponentType><TypeName>Attribute</TypeName><ParentEntity>Case</ParentEntity><Action>Remove</Action><Comments><Comment>The Attribute Sentiment Value hasn't been added to the solution because it's a new Attribute, or it contains components that won't work in earlier versions of CRM. 
    </Comment></Comments></Component><Component><Id>03b61028-0800-4921-8bf0-241e9694d216</Id><Name>First Response Sent</Name><ComponentType>2</ComponentType><TypeName>Attribute</TypeName><ParentEntity>Case</ParentEntity><Action>Remove</Action><Comments><Comment>The Attribute First Response Sent hasn't been added to the solution because it's a new Attribute, or it contains components that won't work in earlier versions of CRM. 
    </Comment></Comments></Component><Component><Id>f0f2e162-da67-4444-9dc6-01ec814dd7d6</Id><Name>First Response SLA Status</Name><ComponentType>2</ComponentType><TypeName>Attribute</TypeName><ParentEntity>Case</ParentEntity><Action>Remove</Action><Comments><Comment>The Attribute First Response SLA Status hasn't been added to the solution because it's a new Attribute, or it contains components that won't work in earlier versions of CRM. 
    </Comment></Comments></Component><Component><Id>cc228258-aba6-420b-a59f-b11706260393</Id><Name>Received As</Name><ComponentType>2</ComponentType><TypeName>Attribute</TypeName><ParentEntity>Case</ParentEntity><Action>Remove</Action><Comments><Comment>The Attribute Received As hasn't been added to the solution because it's a new Attribute, or it contains components that won't work in earlier versions of CRM. 
    </Comment></Comments></Component><Component><Id>2f8acd2f-ce33-436f-a8da-bb0d6252c67c</Id><Name>Internal Use Only</Name><ComponentType>2</ComponentType><TypeName>Attribute</TypeName><ParentEntity>Case</ParentEntity><Action>Remove</Action><Comments><Comment>The Attribute Internal Use Only hasn't been added to the solution because it's a new Attribute, or it contains components that won't work in earlier versions of CRM. 
    </Comment></Comments></Component><Component><Id>b04c87eb-b26c-4bb6-94fb-ae6c12b55eb6</Id><Name>Customer Contacted</Name><ComponentType>2</ComponentType><TypeName>Attribute</TypeName><ParentEntity>Case</ParentEntity><Action>Remove</Action><Comments><Comment>The Attribute Customer Contacted hasn't been added to the solution because it's a new Attribute, or it contains components that won't work in earlier versions of CRM. 
    </Comment></Comments></Component><Component><Id>a28378f8-4f52-46be-bab9-bb35f4fc4574</Id><Name>Escalated On</Name><ComponentType>2</ComponentType><TypeName>Attribute</TypeName><ParentEntity>Case</ParentEntity><Action>Remove</Action><Comments><Comment>The Attribute Escalated On hasn't been added to the solution because it's a new Attribute, or it contains components that won't work in earlier versions of CRM. 
    </Comment></Comments></Component><Component><Id>225dddf1-69b0-447f-8463-3c2c7e1e8d90</Id><Name>Resolve By</Name><ComponentType>2</ComponentType><TypeName>Attribute</TypeName><ParentEntity>Case</ParentEntity><Action>Remove</Action><Comments><Comment>The Attribute Resolve By hasn't been added to the solution because it's a new Attribute, or it contains components that won't work in earlier versions of CRM. 
    </Comment></Comments></Component><Component><Id>1ba720ac-5a93-4d2e-8127-6b1019f008a6</Id><Name>Route Case</Name><ComponentType>2</ComponentType><TypeName>Attribute</TypeName><ParentEntity>Case</ParentEntity><Action>Remove</Action><Comments><Comment>The Attribute Route Case hasn't been added to the solution because it's a new Attribute, or it contains components that won't work in earlier versions of CRM. 
    </Comment></Comments></Component><Component><Id>2e2f06f0-d96e-455d-a82b-7755081086ac</Id><Name>Influence Score</Name><ComponentType>2</ComponentType><TypeName>Attribute</TypeName><ParentEntity>Case</ParentEntity><Action>Remove</Action><Comments><Comment>The Attribute Influence Score hasn't been added to the solution because it's a new Attribute, or it contains components that won't work in earlier versions of CRM. 
    </Comment></Comments></Component><Component><Id>8db39230-2cac-437d-a61c-fedd3fe9722b</Id><Name>Blocked Profile</Name><ComponentType>2</ComponentType><TypeName>Attribute</TypeName><ParentEntity>Case</ParentEntity><Action>Remove</Action><Comments><Comment>The Attribute Blocked Profile hasn't been added to the solution because it's a new Attribute, or it contains components that won't work in earlier versions of CRM. 
    </Comment></Comments></Component><Component><Id>c579966a-6d25-478d-af30-c01f2486f251</Id><Name>IsEscalated</Name><ComponentType>2</ComponentType><TypeName>Attribute</TypeName><ParentEntity>Case</ParentEntity><Action>Remove</Action><Comments><Comment>The Attribute IsEscalated hasn't been added to the solution because it's a new Attribute, or it contains components that won't work in earlier versions of CRM. 
    </Comment></Comments></Component><Component><Id>1637a284-a8b5-4b29-93ff-0e1e0f8466fc</Id><Name>Resolve By SLA Status</Name><ComponentType>2</ComponentType><TypeName>Attribute</TypeName><ParentEntity>Case</ParentEntity><Action>Remove</Action><Comments><Comment>The Attribute Resolve By SLA Status hasn't been added to the solution because it's a new Attribute, or it contains components that won't work in earlier versions of CRM. 
    </Comment></Comments></Component><Component><Id>35e625d1-1d8d-408b-89a7-fefb24dac969</Id><Name>First Response By</Name><ComponentType>2</ComponentType><TypeName>Attribute</TypeName><ParentEntity>Case</ParentEntity><Action>Remove</Action><Comments><Comment>The Attribute First Response By hasn't been added to the solution because it's a new Attribute, or it contains components that won't work in earlier versions of CRM. 
    </Comment></Comments></Component><Component><Id>a91337a4-9578-4d8d-b61f-3a271340b0f5</Id><Name>Renderer Type</Name><ComponentType>2</ComponentType><TypeName>Attribute</TypeName><ParentEntity>Process</ParentEntity><Action>Remove</Action><Comments><Comment>The Attribute Renderer Type hasn't been added to the solution because it's a new Attribute, or it contains components that won't work in earlier versions of CRM. 
    </Comment></Comments></Component><Component><Id>b9e5ac5b-d709-47aa-b82a-061b84e90c0b</Id><Name>All Processes</Name><ComponentType>26</ComponentType><TypeName>Saved Query</TypeName><ParentEntity>Process</ParentEntity><Action>Remove</Action><Comments><Comment>The Saved Query All Processes hasn't been added to the solution because it contains at least one Attribute that won't work in earlier versions of CRM. 
    </Comment></Comments></Component><Component><Id>eb732290-f216-4a0c-917d-49b24dd692ea</Id><Name>Activated Processes</Name><ComponentType>26</ComponentType><TypeName>Saved Query</TypeName><ParentEntity>Process</ParentEntity><Action>Remove</Action><Comments><Comment>The Saved Query Activated Processes hasn't been added to the solution because it contains at least one Attribute that won't work in earlier versions of CRM. 
    </Comment></Comments></Component><Component><Id>b852de68-5fa8-4fa2-8738-7fdcf5f3c628</Id><Name>Draft Processes</Name><ComponentType>26</ComponentType><TypeName>Saved Query</TypeName><ParentEntity>Process</ParentEntity><Action>Remove</Action><Comments><Comment>The Saved Query Draft Processes hasn't been added to the solution because it contains at least one Attribute that won't work in earlier versions of CRM. 
    </Comment></Comments></Component><Component><Id>cf7cb967-dfc4-4d1c-8279-87286ebb9276</Id><Name>My Processes</Name><ComponentType>26</ComponentType><TypeName>Saved Query</TypeName><ParentEntity>Process</ParentEntity><Action>Remove</Action><Comments><Comment>The Saved Query My Processes hasn't been added to the solution because it contains at least one Attribute that won't work in earlier versions of CRM. 
    </Comment></Comments></Component><Component><Id>9b6c4e91-7a00-42b3-9970-e98bd883f878</Id><Name>Process Advanced Find View</Name><ComponentType>26</ComponentType><TypeName>Saved Query</TypeName><ParentEntity>Process</ParentEntity><Action>Remove</Action><Comments><Comment>The Saved Query Process Advanced Find View hasn't been added to the solution because it contains at least one Attribute that won't work in earlier versions of CRM. 
    </Comment></Comments></Component><Component><Id>777bb20a-311a-4dc4-bfc5-9a40b1959d6d</Id><Name>Quick Find Processes</Name><ComponentType>26</ComponentType><TypeName>Saved Query</TypeName><ParentEntity>Process</ParentEntity><Action>Remove</Action><Comments><Comment>The Saved Query Quick Find Processes hasn't been added to the solution because it contains at least one Attribute that won't work in earlier versions of CRM. 
    </Comment></Comments></Component><Component><Id>fb42862e-2a90-42a4-abac-592d848d4ecf</Id><Name>Process Lookup View</Name><ComponentType>26</ComponentType><TypeName>Saved Query</TypeName><ParentEntity>Process</ParentEntity><Action>Remove</Action><Comments><Comment>The Saved Query Process Lookup View hasn't been added to the solution because it contains at least one Attribute that won't work in earlier versions of CRM. 
    </Comment></Comments></Component><Component><Id>5a758cb1-c2db-40e1-bb72-7469bf7cf344</Id><Name>Child Workflows</Name><ComponentType>26</ComponentType><TypeName>Saved Query</TypeName><ParentEntity>Process</ParentEntity><Action>Remove</Action><Comments><Comment>The Saved Query Child Workflows hasn't been added to the solution because it contains at least one Attribute that won't work in earlier versions of CRM. 
    </Comment></Comments></Component><Component><Id>45102185-b1b4-422b-a3bf-f1ba9c6e130a</Id><Name>On Demand Workflows</Name><ComponentType>26</ComponentType><TypeName>Saved Query</TypeName><ParentEntity>Process</ParentEntity><Action>Remove</Action><Comments><Comment>The Saved Query On Demand Workflows hasn't been added to the solution because it contains at least one Attribute that won't work in earlier versions of CRM. 
    </Comment></Comments></Component><Component><Id>332b5313-8e97-4b38-8778-1a95d57e3df8</Id><Name>Parent Case</Name><ComponentType>2</ComponentType><TypeName>Attribute</TypeName><ParentEntity>Case</ParentEntity><Action>Remove</Action><Comments><Comment>The Attribute Parent Case hasn't been added to the solution because it's a new Attribute, or it contains components that won't work in earlier versions of CRM. 
    </Comment></Comments></Component><Component><Id>d1d33d0e-e450-e511-9442-00155d03a501</Id><Name>d1d33d0e-e450-e511-9442-00155d03a501</Name><ComponentType>47</ComponentType><TypeName>Attribute Map</TypeName><ParentEntity /><Action>Remove</Action><Comments><Comment>The Attribute Map d1d33d0e-e450-e511-9442-00155d03a501 hasn't been added to the solution because it contains at least one Attribute that won't work in earlier versions of CRM. 
    </Comment></Comments></Component><Component><Id>1cb0f550-7782-476f-a4cf-fd0678499d92</Id><Name>1cb0f550-7782-476f-a4cf-fd0678499d92</Name><ComponentType>2</ComponentType><TypeName>Attribute</TypeName><ParentEntity>Case</ParentEntity><Action>Remove</Action><Comments><Comment>The Attribute 1cb0f550-7782-476f-a4cf-fd0678499d92 hasn't been added to the solution because it's a new Attribute, or it contains components that won't work in earlier versions of CRM. 
    </Comment></Comments></Component><Component><Id>d2d33d0e-e450-e511-9442-00155d03a501</Id><Name>d2d33d0e-e450-e511-9442-00155d03a501</Name><ComponentType>47</ComponentType><TypeName>Attribute Map</TypeName><ParentEntity /><Action>Remove</Action><Comments><Comment>The Attribute Map d2d33d0e-e450-e511-9442-00155d03a501 hasn't been added to the solution because it contains at least one Attribute that won't work in earlier versions of CRM. 
    </Comment></Comments></Component><Component><Id>a495bf5d-1b0b-4594-86f2-102e8d32b9e8</Id><Name>Master Case</Name><ComponentType>2</ComponentType><TypeName>Attribute</TypeName><ParentEntity>Case</ParentEntity><Action>Remove</Action><Comments><Comment>The Attribute Master Case hasn't been added to the solution because it's a new Attribute, or it contains components that won't work in earlier versions of CRM. 
    </Comment></Comments></Component><Component><Id>ded33d0e-e450-e511-9442-00155d03a501</Id><Name>ded33d0e-e450-e511-9442-00155d03a501</Name><ComponentType>47</ComponentType><TypeName>Attribute Map</TypeName><ParentEntity /><Action>Remove</Action><Comments><Comment>The Attribute Map ded33d0e-e450-e511-9442-00155d03a501 hasn't been added to the solution because it contains at least one Attribute that won't work in earlier versions of CRM. 
    </Comment></Comments></Component><Component><Id>34ce38e3-4252-418b-98a5-c0118e0f8eaa</Id><Name>34ce38e3-4252-418b-98a5-c0118e0f8eaa</Name><ComponentType>2</ComponentType><TypeName>Attribute</TypeName><ParentEntity>Case</ParentEntity><Action>Remove</Action><Comments><Comment>The Attribute 34ce38e3-4252-418b-98a5-c0118e0f8eaa hasn't been added to the solution because it's a new Attribute, or it contains components that won't work in earlier versions of CRM. 
    </Comment></Comments></Component><Component><Id>dfd33d0e-e450-e511-9442-00155d03a501</Id><Name>dfd33d0e-e450-e511-9442-00155d03a501</Name><ComponentType>47</ComponentType><TypeName>Attribute Map</TypeName><ParentEntity /><Action>Remove</Action><Comments><Comment>The Attribute Map dfd33d0e-e450-e511-9442-00155d03a501 hasn't been added to the solution because it contains at least one Attribute that won't work in earlier versions of CRM. 
    </Comment></Comments></Component><Component><Id>54cf6aed-e2bb-419f-980d-bbd7f223ae37</Id><Name>Entitlement</Name><ComponentType>2</ComponentType><TypeName>Attribute</TypeName><ParentEntity>Case</ParentEntity><Action>Remove</Action><Comments><Comment>The Attribute Entitlement hasn't been added to the solution because it's a new Attribute, or it contains components that won't work in earlier versions of CRM. 
    </Comment></Comments></Component><Component><Id>f4d33d0e-e450-e511-9442-00155d03a501</Id><Name>f4d33d0e-e450-e511-9442-00155d03a501</Name><ComponentType>47</ComponentType><TypeName>Attribute Map</TypeName><ParentEntity /><Action>Remove</Action><Comments><Comment>The Attribute Map f4d33d0e-e450-e511-9442-00155d03a501 hasn't been added to the solution because it contains at least one Attribute that won't work in earlier versions of CRM. 
    </Comment></Comments></Component><Component><Id>d38b0ab8-d426-4a48-a9fa-f9f9c7f3df6c</Id><Name>d38b0ab8-d426-4a48-a9fa-f9f9c7f3df6c</Name><ComponentType>2</ComponentType><TypeName>Attribute</TypeName><ParentEntity>Case</ParentEntity><Action>Remove</Action><Comments><Comment>The Attribute d38b0ab8-d426-4a48-a9fa-f9f9c7f3df6c hasn't been added to the solution because it's a new Attribute, or it contains components that won't work in earlier versions of CRM. 
    </Comment></Comments></Component><Component><Id>f5d33d0e-e450-e511-9442-00155d03a501</Id><Name>f5d33d0e-e450-e511-9442-00155d03a501</Name><ComponentType>47</ComponentType><TypeName>Attribute Map</TypeName><ParentEntity /><Action>Remove</Action><Comments><Comment>The Attribute Map f5d33d0e-e450-e511-9442-00155d03a501 hasn't been added to the solution because it contains at least one Attribute that won't work in earlier versions of CRM. 
    </Comment></Comments></Component><Component><Id>f466cb30-f5a7-e211-90dd-00155d2c1704</Id><Name>lk_entitlement_createdby</Name><ComponentType>10</ComponentType><TypeName>EntityRelationship</TypeName><ParentEntity>Entitlement</ParentEntity><Action>Remove</Action><Comments><Comment>The EntityRelationship lk_entitlement_createdby hasn't been added to the solution because it's a new EntityRelationship, or it contains components that won't work in earlier versions of CRM. 
    </Comment></Comments></Component><Component><Id>0067cb30-f5a7-e211-90dd-00155d2c1704</Id><Name>lk_entitlement_modifiedby</Name><ComponentType>10</ComponentType><TypeName>EntityRelationship</TypeName><ParentEntity>Entitlement</ParentEntity><Action>Remove</Action><Comments><Comment>The EntityRelationship lk_entitlement_modifiedby hasn't been added to the solution because it's a new EntityRelationship, or it contains components that won't work in earlier versions of CRM. 
    </Comment></Comments></Component><Component><Id>1867cb30-f5a7-e211-90dd-00155d2c1704</Id><Name>user_entitlement</Name><ComponentType>10</ComponentType><TypeName>EntityRelationship</TypeName><ParentEntity>Entitlement</ParentEntity><Action>Remove</Action><Comments><Comment>The EntityRelationship user_entitlement hasn't been added to the solution because it's a new EntityRelationship, or it contains components that won't work in earlier versions of CRM. 
    </Comment></Comments></Component><Component><Id>0b68cb30-f5a7-e211-90dd-00155d2c1704</Id><Name>lk_entitlementchannel_createdby</Name><ComponentType>10</ComponentType><TypeName>EntityRelationship</TypeName><ParentEntity>Entitlement Channel</ParentEntity><Action>Remove</Action><Comments><Comment>The EntityRelationship lk_entitlementchannel_createdby hasn't been added to the solution because it's a new EntityRelationship, or it contains components that won't work in earlier versions of CRM. 
    </Comment></Comments></Component><Component><Id>1768cb30-f5a7-e211-90dd-00155d2c1704</Id><Name>lk_entitlementchannel_modifiedby</Name><ComponentType>10</ComponentType><TypeName>EntityRelationship</TypeName><ParentEntity>Entitlement Channel</ParentEntity><Action>Remove</Action><Comments><Comment>The EntityRelationship lk_entitlementchannel_modifiedby hasn't been added to the solution because it's a new EntityRelationship, or it contains components that won't work in earlier versions of CRM. 
    </Comment></Comments></Component><Component><Id>c26ade36-f5a7-e211-90dd-00155d2c1704</Id><Name>account_entitlement_Customer</Name><ComponentType>10</ComponentType><TypeName>EntityRelationship</TypeName><ParentEntity>Entitlement</ParentEntity><Action>Remove</Action><Comments><Comment>The EntityRelationship account_entitlement_Customer hasn't been added to the solution because it's a new EntityRelationship, or it contains components that won't work in earlier versions of CRM. 
    </Comment></Comments></Component><Component><Id>208fdb7b-f5a7-e211-90dd-00155d2c1704</Id><Name>lk_entitlementtemplate_createdby</Name><ComponentType>10</ComponentType><TypeName>EntityRelationship</TypeName><ParentEntity>Entitlement Template</ParentEntity><Action>Remove</Action><Comments><Comment>The EntityRelationship lk_entitlementtemplate_createdby hasn't been added to the solution because it's a new EntityRelationship, or it contains components that won't work in earlier versions of CRM. 
    </Comment></Comments></Component><Component><Id>2c8fdb7b-f5a7-e211-90dd-00155d2c1704</Id><Name>lk_entitlementtemplate_modifiedby</Name><ComponentType>10</ComponentType><TypeName>EntityRelationship</TypeName><ParentEntity>Entitlement Template</ParentEntity><Action>Remove</Action><Comments><Comment>The EntityRelationship lk_entitlementtemplate_modifiedby hasn't been added to the solution because it's a new EntityRelationship, or it contains components that won't work in earlier versions of CRM. 
    </Comment></Comments></Component><Component><Id>91f70a66-e3b0-e211-a5fe-00155d2c1704</Id><Name>account_entitlement_Account</Name><ComponentType>10</ComponentType><TypeName>EntityRelationship</TypeName><ParentEntity>Entitlement</ParentEntity><Action>Remove</Action><Comments><Comment>The EntityRelationship account_entitlement_Account hasn't been added to the solution because it's a new EntityRelationship, or it contains components that won't work in earlier versions of CRM. 
    </Comment></Comments></Component><Component><Id>346e649e-e3b0-e211-a5fe-00155d2c1704</Id><Name>contact_entitlement_ContactId</Name><ComponentType>10</ComponentType><TypeName>EntityRelationship</TypeName><ParentEntity>Entitlement</ParentEntity><Action>Remove</Action><Comments><Comment>The EntityRelationship contact_entitlement_ContactId hasn't been added to the solution because it's a new EntityRelationship, or it contains components that won't work in earlier versions of CRM. 
    </Comment></Comments></Component><Component><Id>6657c45c-65d5-4c75-bd97-05e9014db6c8</Id><Name>incident_master_incident</Name><ComponentType>10</ComponentType><TypeName>EntityRelationship</TypeName><ParentEntity>Case</ParentEntity><Action>Remove</Action><Comments><Comment>The EntityRelationship incident_master_incident hasn't been added to the solution because it's a new EntityRelationship, or it contains components that won't work in earlier versions of CRM. 
    </Comment></Comments></Component><Component><Id>2ef745a4-5f97-4172-9a1d-07922076af15</Id><Name>slabase_workflowid</Name><ComponentType>10</ComponentType><TypeName>EntityRelationship</TypeName><ParentEntity>SLA</ParentEntity><Action>Remove</Action><Comments><Comment>The EntityRelationship slabase_workflowid hasn't been added to the solution because it's a new EntityRelationship, or it contains components that won't work in earlier versions of CRM. 
    </Comment></Comments></Component><Component><Id>4238ff1b-5b56-4a66-9751-0882a4a33545</Id><Name>incident_parent_incident</Name><ComponentType>10</ComponentType><TypeName>EntityRelationship</TypeName><ParentEntity>Case</ParentEntity><Action>Remove</Action><Comments><Comment>The EntityRelationship incident_parent_incident hasn't been added to the solution because it's a new EntityRelationship, or it contains components that won't work in earlier versions of CRM. 
    </Comment></Comments></Component><Component><Id>61b800f2-5b8f-44d2-9506-0bf4dcb0ff3b</Id><Name>lk_sharepointdata_user</Name><ComponentType>10</ComponentType><TypeName>EntityRelationship</TypeName><ParentEntity>SharePoint Data</ParentEntity><Action>Remove</Action><Comments><Comment>The EntityRelationship lk_sharepointdata_user hasn't been added to the solution because it's a new EntityRelationship, or it contains components that won't work in earlier versions of CRM. 
    </Comment></Comments></Component><Component><Id>ad634653-9d42-450a-8b16-0c035113b4c3</Id><Name>Account_Email_SendersAccount</Name><ComponentType>10</ComponentType><TypeName>EntityRelationship</TypeName><ParentEntity>Email</ParentEntity><Action>Remove</Action><Comments><Comment>The EntityRelationship Account_Email_SendersAccount hasn't been added to the solution because it's a new EntityRelationship, or it contains components that won't work in earlier versions of CRM. 
    </Comment></Comments></Component><Component><Id>a5508e2d-4089-4a54-bf6e-0c093fc76c88</Id><Name>Account_Email_EmailSender</Name><ComponentType>10</ComponentType><TypeName>EntityRelationship</TypeName><ParentEntity>Email</ParentEntity><Action>Remove</Action><Comments><Comment>The EntityRelationship Account_Email_EmailSender hasn't been added to the solution because it's a new EntityRelationship, or it contains components that won't work in earlier versions of CRM. 
    </Comment></Comments></Component><Component><Id>433fc341-07d2-4fcc-a764-12f3537a5f5f</Id><Name>sla_cases</Name><ComponentType>10</ComponentType><TypeName>EntityRelationship</TypeName><ParentEntity>SLA</ParentEntity><Action>Remove</Action><Comments><Comment>The EntityRelationship sla_cases hasn't been added to the solution because it's a new EntityRelationship, or it contains components that won't work in earlier versions of CRM. 
    </Comment></Comments></Component><Component><Id>b2ffcab8-952b-49a4-a3a0-18694633bf48</Id><Name>lk_slabase_createdby</Name><ComponentType>10</ComponentType><TypeName>EntityRelationship</TypeName><ParentEntity>User</ParentEntity><Action>Remove</Action><Comments><Comment>The EntityRelationship lk_slabase_createdby hasn't been added to the solution because it's a new EntityRelationship, or it contains components that won't work in earlier versions of CRM. 
    </Comment></Comments></Component><Component><Id>6df817cc-dae0-4ae4-909d-1a123f2b09c8</Id><Name>Incident_SocialActivities</Name><ComponentType>10</ComponentType><TypeName>EntityRelationship</TypeName><ParentEntity>Social Activity</ParentEntity><Action>Remove</Action><Comments><Comment>The EntityRelationship Incident_SocialActivities hasn't been added to the solution because it's a new EntityRelationship, or it contains components that won't work in earlier versions of CRM. 
    </Comment></Comments></Component><Component><Id>3564f0b1-4f79-434f-b801-1ac5b22a8bd4</Id><Name>Contact_SocialActivities</Name><ComponentType>10</ComponentType><TypeName>EntityRelationship</TypeName><ParentEntity>Contact</ParentEntity><Action>Remove</Action><Comments><Comment>The EntityRelationship Contact_SocialActivities hasn't been added to the solution because it's a new EntityRelationship, or it contains components that won't work in earlier versions of CRM. 
    </Comment></Comments></Component><Component><Id>6013d1d7-52bb-4b65-8c5b-1f57bfca694f</Id><Name>socialactivity_postauthor_contacts</Name><ComponentType>10</ComponentType><TypeName>EntityRelationship</TypeName><ParentEntity>Social Activity</ParentEntity><Action>Remove</Action><Comments><Comment>The EntityRelationship socialactivity_postauthor_contacts hasn't been added to the solution because it's a new EntityRelationship, or it contains components that won't work in earlier versions of CRM. 
    </Comment></Comments></Component><Component><Id>1228b162-ccc8-4f1d-99ba-1fda16549bfd</Id><Name>Opportunity_SharepointDocument</Name><ComponentType>10</ComponentType><TypeName>EntityRelationship</TypeName><ParentEntity>Sharepoint Document</ParentEntity><Action>Remove</Action><Comments><Comment>The EntityRelationship Opportunity_SharepointDocument hasn't been added to the solution because it's a new EntityRelationship, or it contains components that won't work in earlier versions of CRM. 
    </Comment></Comments></Component><Component><Id>d6342781-c945-4439-ad94-216972503282</Id><Name>lk_entitlementtemplatechannel_createdby</Name><ComponentType>10</ComponentType><TypeName>EntityRelationship</TypeName><ParentEntity>User</ParentEntity><Action>Remove</Action><Comments><Comment>The EntityRelationship lk_entitlementtemplatechannel_createdby hasn't been added to the solution because it's a new EntityRelationship, or it contains components that won't work in earlier versions of CRM. 
    </Comment></Comments></Component><Component><Id>fc11f93d-acf6-4ce7-b03c-275d31738259</Id><Name>lk_convertruleitembase_modifiedby</Name><ComponentType>10</ComponentType><TypeName>EntityRelationship</TypeName><ParentEntity>User</ParentEntity><Action>Remove</Action><Comments><Comment>The EntityRelationship lk_convertruleitembase_modifiedby hasn't been added to the solution because it's a new EntityRelationship, or it contains components that won't work in earlier versions of CRM. 
    </Comment></Comments></Component><Component><Id>84cb617a-e14f-43ec-9ef5-2934ec49ded3</Id><Name>Lead_Email_EmailSender</Name><ComponentType>10</ComponentType><TypeName>EntityRelationship</TypeName><ParentEntity>Email</ParentEntity><Action>Remove</Action><Comments><Comment>The EntityRelationship Lead_Email_EmailSender hasn't been added to the solution because it's a new EntityRelationship, or it contains components that won't work in earlier versions of CRM. 
    </Comment></Comments></Component><Component><Id>7c7265fc-b3e9-4fb7-91fc-33269dc2ac0d</Id><Name>lk_entitlementtemplatechannel_modifiedby</Name><ComponentType>10</ComponentType><TypeName>EntityRelationship</TypeName><ParentEntity>Entitlement Template Channel</ParentEntity><Action>Remove</Action><Comments><Comment>The EntityRelationship lk_entitlementtemplatechannel_modifiedby hasn't been added to the solution because it's a new EntityRelationship, or it contains components that won't work in earlier versions of CRM. 
    </Comment></Comments></Component><Component><Id>ad58b4ce-a1e6-47cc-91fc-3b1bb49a81c9</Id><Name>lk_SharePointData_modifiedby</Name><ComponentType>10</ComponentType><TypeName>EntityRelationship</TypeName><ParentEntity>User</ParentEntity><Action>Remove</Action><Comments><Comment>The EntityRelationship lk_SharePointData_modifiedby hasn't been added to the solution because it's a new EntityRelationship, or it contains components that won't work in earlier versions of CRM. 
    </Comment></Comments></Component><Component><Id>d4c64960-3de6-407b-b451-3d262c370d30</Id><Name>lk_incident_ChildIncidentCount</Name><ComponentType>10</ComponentType><TypeName>EntityRelationship</TypeName><ParentEntity>Case</ParentEntity><Action>Remove</Action><Comments><Comment>The EntityRelationship lk_incident_ChildIncidentCount hasn't been added to the solution because it's a new EntityRelationship, or it contains components that won't work in earlier versions of CRM. 
    </Comment></Comments></Component><Component><Id>f71db7c7-3d2c-4815-839a-401ca551901e</Id><Name>entitlementcontacts_association</Name><ComponentType>10</ComponentType><TypeName>EntityRelationship</TypeName><ParentEntity>Contact</ParentEntity><Action>Remove</Action><Comments><Comment>The EntityRelationship entitlementcontacts_association hasn't been added to the solution because it's a new EntityRelationship, or it contains components that won't work in earlier versions of CRM. 
    </Comment></Comments></Component><Component><Id>97c468a8-e7ab-4f94-99bd-4325619f1b6b</Id><Name>lk_RoutingRuleItem_createdby</Name><ComponentType>10</ComponentType><TypeName>EntityRelationship</TypeName><ParentEntity>User</ParentEntity><Action>Remove</Action><Comments><Comment>The EntityRelationship lk_RoutingRuleItem_createdby hasn't been added to the solution because it's a new EntityRelationship, or it contains components that won't work in earlier versions of CRM. 
    </Comment></Comments></Component><Component><Id>29247961-a5f6-489e-b9c5-466848d4c1c3</Id><Name>lk_ConvertRule_modifiedby</Name><ComponentType>10</ComponentType><TypeName>EntityRelationship</TypeName><ParentEntity>User</ParentEntity><Action>Remove</Action><Comments><Comment>The EntityRelationship lk_ConvertRule_modifiedby hasn't been added to the solution because it's a new EntityRelationship, or it contains components that won't work in earlier versions of CRM. 
    </Comment></Comments></Component><Component><Id>b94705f4-8348-4606-bd19-4fd1265a0ae4</Id><Name>user_routingrule</Name><ComponentType>10</ComponentType><TypeName>EntityRelationship</TypeName><ParentEntity>User</ParentEntity><Action>Remove</Action><Comments><Comment>The EntityRelationship user_routingrule hasn't been added to the solution because it's a new EntityRelationship, or it contains components that won't work in earlier versions of CRM. 
    </Comment></Comments></Component><Component><Id>bf10ee98-4d22-4896-8d69-5f6f7428415c</Id><Name>slaitembase_workflowid</Name><ComponentType>10</ComponentType><TypeName>EntityRelationship</TypeName><ParentEntity>Process</ParentEntity><Action>Remove</Action><Comments><Comment>The EntityRelationship slaitembase_workflowid hasn't been added to the solution because it's a new EntityRelationship, or it contains components that won't work in earlier versions of CRM. 
    </Comment></Comments></Component><Component><Id>00ed57ad-1f2b-405d-9142-65d2f4298447</Id><Name>Contact_Email_EmailSender</Name><ComponentType>10</ComponentType><TypeName>EntityRelationship</TypeName><ParentEntity>Contact</ParentEntity><Action>Remove</Action><Comments><Comment>The EntityRelationship Contact_Email_EmailSender hasn't been added to the solution because it's a new EntityRelationship, or it contains components that won't work in earlier versions of CRM. 
    </Comment></Comments></Component><Component><Id>ea6e6ec5-42c9-4a48-8789-662efdf20a00</Id><Name>user_routingruleitem</Name><ComponentType>10</ComponentType><TypeName>EntityRelationship</TypeName><ParentEntity>Rule Item</ParentEntity><Action>Remove</Action><Comments><Comment>The EntityRelationship user_routingruleitem hasn't been added to the solution because it's a new EntityRelationship, or it contains components that won't work in earlier versions of CRM. 
    </Comment></Comments></Component><Component><Id>801678d1-2853-4a06-9607-66d7462fe4a7</Id><Name>Account_SocialActivities</Name><ComponentType>10</ComponentType><TypeName>EntityRelationship</TypeName><ParentEntity>Social Activity</ParentEntity><Action>Remove</Action><Comments><Comment>The EntityRelationship Account_SocialActivities hasn't been added to the solution because it's a new EntityRelationship, or it contains components that won't work in earlier versions of CRM. 
    </Comment></Comments></Component><Component><Id>a482b31c-f9cc-4989-a087-6800cc438f39</Id><Name>lk_socialinsightsconfiguration_modifiedby</Name><ComponentType>10</ComponentType><TypeName>EntityRelationship</TypeName><ParentEntity>SocialInsightsConfiguration</ParentEntity><Action>Remove</Action><Comments><Comment>The EntityRelationship lk_socialinsightsconfiguration_modifiedby hasn't been added to the solution because it's a new EntityRelationship, or it contains components that won't work in earlier versions of CRM. 
    </Comment></Comments></Component><Component><Id>79f0c2d5-2a35-4b58-82f6-6803df31ad5b</Id><Name>lk_SharePointData_createdby</Name><ComponentType>10</ComponentType><TypeName>EntityRelationship</TypeName><ParentEntity>SharePoint Data</ParentEntity><Action>Remove</Action><Comments><Comment>The EntityRelationship lk_SharePointData_createdby hasn't been added to the solution because it's a new EntityRelationship, or it contains components that won't work in earlier versions of CRM. 
    </Comment></Comments></Component><Component><Id>b77b8ae0-9f22-4b3c-af7a-6e2fdcdfa4c3</Id><Name>SocialActivity_PostAuthorAccount_accounts</Name><ComponentType>10</ComponentType><TypeName>EntityRelationship</TypeName><ParentEntity>Account</ParentEntity><Action>Remove</Action><Comments><Comment>The EntityRelationship SocialActivity_PostAuthorAccount_accounts hasn't been added to the solution because it's a new EntityRelationship, or it contains components that won't work in earlier versions of CRM. 
    </Comment></Comments></Component><Component><Id>1ab88cd1-9c71-471b-955f-704697c80f3d</Id><Name>Account_SharepointDocument</Name><ComponentType>10</ComponentType><TypeName>EntityRelationship</TypeName><ParentEntity>Account</ParentEntity><Action>Remove</Action><Comments><Comment>The EntityRelationship Account_SharepointDocument hasn't been added to the solution because it's a new EntityRelationship, or it contains components that won't work in earlier versions of CRM. 
    </Comment></Comments></Component><Component><Id>7d37c314-9c84-438d-9794-70ab8c961a68</Id><Name>socialProfile_owning_user</Name><ComponentType>10</ComponentType><TypeName>EntityRelationship</TypeName><ParentEntity>User</ParentEntity><Action>Remove</Action><Comments><Comment>The EntityRelationship socialProfile_owning_user hasn't been added to the solution because it's a new EntityRelationship, or it contains components that won't work in earlier versions of CRM. 
    </Comment></Comments></Component><Component><Id>8ab8b788-13fa-452e-92c8-72a801ceabbe</Id><Name>contact_entitlement_Customer</Name><ComponentType>10</ComponentType><TypeName>EntityRelationship</TypeName><ParentEntity>Entitlement</ParentEntity><Action>Remove</Action><Comments><Comment>The EntityRelationship contact_entitlement_Customer hasn't been added to the solution because it's a new EntityRelationship, or it contains components that won't work in earlier versions of CRM. 
    </Comment></Comments></Component><Component><Id>d993ce09-1236-40ec-adad-777999584728</Id><Name>lk_socialinsightsconfiguration_createdby</Name><ComponentType>10</ComponentType><TypeName>EntityRelationship</TypeName><ParentEntity>SocialInsightsConfiguration</ParentEntity><Action>Remove</Action><Comments><Comment>The EntityRelationship lk_socialinsightsconfiguration_createdby hasn't been added to the solution because it's a new EntityRelationship, or it contains components that won't work in earlier versions of CRM. 
    </Comment></Comments></Component><Component><Id>566d4cb1-7aa4-400a-847c-7a6f34a9073a</Id><Name>socialactivity_postauthoraccount_contacts</Name><ComponentType>10</ComponentType><TypeName>EntityRelationship</TypeName><ParentEntity>Social Activity</ParentEntity><Action>Remove</Action><Comments><Comment>The EntityRelationship socialactivity_postauthoraccount_contacts hasn't been added to the solution because it's a new EntityRelationship, or it contains components that won't work in earlier versions of CRM. 
    </Comment></Comments></Component><Component><Id>384b7720-bfb0-4347-91c8-7ba9f81392c2</Id><Name>Socialprofile_customer_contacts</Name><ComponentType>10</ComponentType><TypeName>EntityRelationship</TypeName><ParentEntity>Contact</ParentEntity><Action>Remove</Action><Comments><Comment>The EntityRelationship Socialprofile_customer_contacts hasn't been added to the solution because it's a new EntityRelationship, or it contains components that won't work in earlier versions of CRM. 
    </Comment></Comments></Component><Component><Id>72d0a3ff-46bb-42d6-839a-7ce30f54ef1d</Id><Name>lk_slabase_modifiedby</Name><ComponentType>10</ComponentType><TypeName>EntityRelationship</TypeName><ParentEntity>User</ParentEntity><Action>Remove</Action><Comments><Comment>The EntityRelationship lk_slabase_modifiedby hasn't been added to the solution because it's a new EntityRelationship, or it contains components that won't work in earlier versions of CRM. 
    </Comment></Comments></Component><Component><Id>7a8489c8-88db-491c-b87b-7d775099d061</Id><Name>lk_socialactivity_createdby</Name><ComponentType>10</ComponentType><TypeName>EntityRelationship</TypeName><ParentEntity>Social Activity</ParentEntity><Action>Remove</Action><Comments><Comment>The EntityRelationship lk_socialactivity_createdby hasn't been added to the solution because it's a new EntityRelationship, or it contains components that won't work in earlier versions of CRM. 
    </Comment></Comments></Component><Component><Id>2bde9a7f-5083-4509-9b22-7dc2e44789ca</Id><Name>lk_routingrule_modifiedby</Name><ComponentType>10</ComponentType><TypeName>EntityRelationship</TypeName><ParentEntity>User</ParentEntity><Action>Remove</Action><Comments><Comment>The EntityRelationship lk_routingrule_modifiedby hasn't been added to the solution because it's a new EntityRelationship, or it contains components that won't work in earlier versions of CRM. 
    </Comment></Comments></Component><Component><Id>fb3114e5-189a-487c-b94c-84a847d744a8</Id><Name>lk_routingruleitem_modifiedby</Name><ComponentType>10</ComponentType><TypeName>EntityRelationship</TypeName><ParentEntity>User</ParentEntity><Action>Remove</Action><Comments><Comment>The EntityRelationship lk_routingruleitem_modifiedby hasn't been added to the solution because it's a new EntityRelationship, or it contains components that won't work in earlier versions of CRM. 
    </Comment></Comments></Component><Component><Id>80974121-b83f-4d8e-ad1b-930c746614b8</Id><Name>entitlement_cases</Name><ComponentType>10</ComponentType><TypeName>EntityRelationship</TypeName><ParentEntity>Case</ParentEntity><Action>Remove</Action><Comments><Comment>The EntityRelationship entitlement_cases hasn't been added to the solution because it's a new EntityRelationship, or it contains components that won't work in earlier versions of CRM. 
    </Comment></Comments></Component><Component><Id>8fb5a53b-ce5e-4ac7-915a-9391011eb1d8</Id><Name>lk_convertruleitembase_createdby</Name><ComponentType>10</ComponentType><TypeName>EntityRelationship</TypeName><ParentEntity>User</ParentEntity><Action>Remove</Action><Comments><Comment>The EntityRelationship lk_convertruleitembase_createdby hasn't been added to the solution because it's a new EntityRelationship, or it contains components that won't work in earlier versions of CRM. 
    </Comment></Comments></Component><Component><Id>c8b0f425-97d8-4f39-bde9-99b1a036b600</Id><Name>SocialActivity_PostAuthor_accounts</Name><ComponentType>10</ComponentType><TypeName>EntityRelationship</TypeName><ParentEntity>Account</ParentEntity><Action>Remove</Action><Comments><Comment>The EntityRelationship SocialActivity_PostAuthor_accounts hasn't been added to the solution because it's a new EntityRelationship, or it contains components that won't work in earlier versions of CRM. 
    </Comment></Comments></Component><Component><Id>e0008584-99ef-44e9-8ef4-9bfb825e1adb</Id><Name>user_convertrule</Name><ComponentType>10</ComponentType><TypeName>EntityRelationship</TypeName><ParentEntity>User</ParentEntity><Action>Remove</Action><Comments><Comment>The EntityRelationship user_convertrule hasn't been added to the solution because it's a new EntityRelationship, or it contains components that won't work in earlier versions of CRM. 
    </Comment></Comments></Component><Component><Id>a801edcc-4608-4c45-8bc1-9f6cf366e9ec</Id><Name>Lead_SocialActivities</Name><ComponentType>10</ComponentType><TypeName>EntityRelationship</TypeName><ParentEntity>Lead</ParentEntity><Action>Remove</Action><Comments><Comment>The EntityRelationship Lead_SocialActivities hasn't been added to the solution because it's a new EntityRelationship, or it contains components that won't work in earlier versions of CRM. 
    </Comment></Comments></Component><Component><Id>67fd6e1d-1576-40f9-821a-a0b852171aac</Id><Name>lk_convertrule_createdby</Name><ComponentType>10</ComponentType><TypeName>EntityRelationship</TypeName><ParentEntity>User</ParentEntity><Action>Remove</Action><Comments><Comment>The EntityRelationship lk_convertrule_createdby hasn't been added to the solution because it's a new EntityRelationship, or it contains components that won't work in earlier versions of CRM. 
    </Comment></Comments></Component><Component><Id>c5cba18d-6049-40ea-afc1-a4411beccaeb</Id><Name>socialprofile_cases</Name><ComponentType>10</ComponentType><TypeName>EntityRelationship</TypeName><ParentEntity>Social Profile</ParentEntity><Action>Remove</Action><Comments><Comment>The EntityRelationship socialprofile_cases hasn't been added to the solution because it's a new EntityRelationship, or it contains components that won't work in earlier versions of CRM. 
    </Comment></Comments></Component><Component><Id>559bb41e-19ad-469e-8ab7-a8870caebc38</Id><Name>lk_routingrule_createdby</Name><ComponentType>10</ComponentType><TypeName>EntityRelationship</TypeName><ParentEntity>User</ParentEntity><Action>Remove</Action><Comments><Comment>The EntityRelationship lk_routingrule_createdby hasn't been added to the solution because it's a new EntityRelationship, or it contains components that won't work in earlier versions of CRM. 
    </Comment></Comments></Component><Component><Id>195f2450-d7ca-48fc-ad25-aaf9cedb0d78</Id><Name>lk_socialactivity_modifiedby</Name><ComponentType>10</ComponentType><TypeName>EntityRelationship</TypeName><ParentEntity>User</ParentEntity><Action>Remove</Action><Comments><Comment>The EntityRelationship lk_socialactivity_modifiedby hasn't been added to the solution because it's a new EntityRelationship, or it contains components that won't work in earlier versions of CRM. 
    </Comment></Comments></Component><Component><Id>d2aad218-5f89-426d-b969-ae46df75c91b</Id><Name>Workflow_routingrule</Name><ComponentType>10</ComponentType><TypeName>EntityRelationship</TypeName><ParentEntity>Process</ParentEntity><Action>Remove</Action><Comments><Comment>The EntityRelationship Workflow_routingrule hasn't been added to the solution because it's a new EntityRelationship, or it contains components that won't work in earlier versions of CRM. 
    </Comment></Comments></Component><Component><Id>be152c46-5933-4435-9e7f-b26761c114a0</Id><Name>queuemembership_association</Name><ComponentType>10</ComponentType><TypeName>EntityRelationship</TypeName><ParentEntity>Queue</ParentEntity><Action>Remove</Action><Comments><Comment>The EntityRelationship queuemembership_association hasn't been added to the solution because it's a new EntityRelationship, or it contains components that won't work in earlier versions of CRM. 
    </Comment></Comments></Component><Component><Id>03424782-c7d5-4a34-bbb5-b2df729e0302</Id><Name>contact_as_primary_contact</Name><ComponentType>10</ComponentType><TypeName>EntityRelationship</TypeName><ParentEntity>Case</ParentEntity><Action>Remove</Action><Comments><Comment>The EntityRelationship contact_as_primary_contact hasn't been added to the solution because it's a new EntityRelationship, or it contains components that won't work in earlier versions of CRM. 
    </Comment></Comments></Component><Component><Id>a422faeb-060e-435b-ab7e-c0fadfe569b2</Id><Name>lk_sharepointdocumentbase_createdby</Name><ComponentType>10</ComponentType><TypeName>EntityRelationship</TypeName><ParentEntity>Sharepoint Document</ParentEntity><Action>Remove</Action><Comments><Comment>The EntityRelationship lk_sharepointdocumentbase_createdby hasn't been added to the solution because it's a new EntityRelationship, or it contains components that won't work in earlier versions of CRM. 
    </Comment></Comments></Component><Component><Id>22d659fa-031c-4e9f-837a-c29745e09cbe</Id><Name>KbArticle_SharepointDocument</Name><ComponentType>10</ComponentType><TypeName>EntityRelationship</TypeName><ParentEntity>Sharepoint Document</ParentEntity><Action>Remove</Action><Comments><Comment>The EntityRelationship KbArticle_SharepointDocument hasn't been added to the solution because it's a new EntityRelationship, or it contains components that won't work in earlier versions of CRM. 
    </Comment></Comments></Component><Component><Id>e217adef-7979-40b4-94e5-c83925fdd891</Id><Name>workflowid_convertrule</Name><ComponentType>10</ComponentType><TypeName>EntityRelationship</TypeName><ParentEntity>Case Creation Rule</ParentEntity><Action>Remove</Action><Comments><Comment>The EntityRelationship workflowid_convertrule hasn't been added to the solution because it's a new EntityRelationship, or it contains components that won't work in earlier versions of CRM. 
    </Comment></Comments></Component><Component><Id>5953b312-aca6-4546-b00d-c9c166b378ff</Id><Name>user_socialactivity</Name><ComponentType>10</ComponentType><TypeName>EntityRelationship</TypeName><ParentEntity>User</ParentEntity><Action>Remove</Action><Comments><Comment>The EntityRelationship user_socialactivity hasn't been added to the solution because it's a new EntityRelationship, or it contains components that won't work in earlier versions of CRM. 
    </Comment></Comments></Component><Component><Id>bc9ebc45-2470-441a-b333-d3083f9fb9e4</Id><Name>Socialprofile_customer_accounts</Name><ComponentType>10</ComponentType><TypeName>EntityRelationship</TypeName><ParentEntity>Account</ParentEntity><Action>Remove</Action><Comments><Comment>The EntityRelationship Socialprofile_customer_accounts hasn't been added to the solution because it's a new EntityRelationship, or it contains components that won't work in earlier versions of CRM. 
    </Comment></Comments></Component><Component><Id>fcc02623-5161-4044-9d12-dc6e0589fc31</Id><Name>SystemUser_Email_EmailSender</Name><ComponentType>10</ComponentType><TypeName>EntityRelationship</TypeName><ParentEntity>User</ParentEntity><Action>Remove</Action><Comments><Comment>The EntityRelationship SystemUser_Email_EmailSender hasn't been added to the solution because it's a new EntityRelationship, or it contains components that won't work in earlier versions of CRM. 
    </Comment></Comments></Component><Component><Id>02640d21-fd4b-4ee2-9c2b-df19e0fa839d</Id><Name>lk_slaitembase_modifiedby</Name><ComponentType>10</ComponentType><TypeName>EntityRelationship</TypeName><ParentEntity>User</ParentEntity><Action>Remove</Action><Comments><Comment>The EntityRelationship lk_slaitembase_modifiedby hasn't been added to the solution because it's a new EntityRelationship, or it contains components that won't work in earlier versions of CRM. 
    </Comment></Comments></Component><Component><Id>2468bdb7-d841-46af-b237-e53e3099640f</Id><Name>user_slabase</Name><ComponentType>10</ComponentType><TypeName>EntityRelationship</TypeName><ParentEntity>SLA</ParentEntity><Action>Remove</Action><Comments><Comment>The EntityRelationship user_slabase hasn't been added to the solution because it's a new EntityRelationship, or it contains components that won't work in earlier versions of CRM. 
    </Comment></Comments></Component><Component><Id>5a51ef69-c3f6-4af2-baa7-e6f3f41ef6b2</Id><Name>lk_slaitembase_createdby</Name><ComponentType>10</ComponentType><TypeName>EntityRelationship</TypeName><ParentEntity>SLA Item</ParentEntity><Action>Remove</Action><Comments><Comment>The EntityRelationship lk_slaitembase_createdby hasn't been added to the solution because it's a new EntityRelationship, or it contains components that won't work in earlier versions of CRM. 
    </Comment></Comments></Component><Component><Id>92e51a28-59c0-4192-be56-e8d5b66ab36d</Id><Name>lk_sharepointdocumentbase_modifiedby</Name><ComponentType>10</ComponentType><TypeName>EntityRelationship</TypeName><ParentEntity>User</ParentEntity><Action>Remove</Action><Comments><Comment>The EntityRelationship lk_sharepointdocumentbase_modifiedby hasn't been added to the solution because it's a new EntityRelationship, or it contains components that won't work in earlier versions of CRM. 
    </Comment></Comments></Component><Component><Id>e4075824-37c2-4ec8-8cbf-f21aa28b7672</Id><Name>Lead_SharepointDocument</Name><ComponentType>10</ComponentType><TypeName>EntityRelationship</TypeName><ParentEntity>Sharepoint Document</ParentEntity><Action>Remove</Action><Comments><Comment>The EntityRelationship Lead_SharepointDocument hasn't been added to the solution because it's a new EntityRelationship, or it contains components that won't work in earlier versions of CRM. 
    </Comment></Comments></Component><Component><Id>89c95f17-9eee-426a-825f-f3a4e6b48d24</Id><Name>Opportunity_SocialActivities</Name><ComponentType>10</ComponentType><TypeName>EntityRelationship</TypeName><ParentEntity>Opportunity</ParentEntity><Action>Remove</Action><Comments><Comment>The EntityRelationship Opportunity_SocialActivities hasn't been added to the solution because it's a new EntityRelationship, or it contains components that won't work in earlier versions of CRM. 
    </Comment></Comments></Component></Components>