﻿<?xml version="1.0" encoding="utf-8"?>
<ImportExportXml version="6.1.0002.0112" SolutionPackageVersion="6.0" languagecode="1033" generatedBy="OnPremise" xmlns:xsi="http://www.w3.org/2001/XMLSchema-instance">
  <SolutionManifest>
    <UniqueName>AdxstudioPartnerPipeline</UniqueName>
    <LocalizedNames>
      <LocalizedName description="Adxstudio Partner Pipeline" languagecode="1033" />
    </LocalizedNames>
    <Descriptions>
      <Description description="Partner Pipeline extends Adxstudio Portals with partner opportunity registration, management and routing." languagecode="1033" />
    </Descriptions>
    <Version>7.0.0010</Version>
    <Managed>1</Managed>
    <Publisher>
      <UniqueName>adxstudio</UniqueName>
      <LocalizedNames>
        <LocalizedName description="Adxstudio Inc." languagecode="1033" />
      </LocalizedNames>
      <Descriptions>
        <Description description="Adxstudio brings qualified expertise in web portal and CMS frameworks to Microsoft Dynamics CRM with xRM Portals (CfMD), an integrated bundle of web portal accelerators which add sophisticated content management, event coordination, membership, profile and self-service capabilities to Dynamics CRM." languagecode="1033" />
      </Descriptions>
      <EMailAddress>support@adxstudio.com</EMailAddress>
      <SupportingWebsiteUrl>http://www.adxstudio.com</SupportingWebsiteUrl>
      <CustomizationPrefix>adx</CustomizationPrefix>
      <CustomizationOptionValuePrefix>75615</CustomizationOptionValuePrefix>
      <Addresses>
        <Address>
          <AddressNumber>1</AddressNumber>
          <AddressTypeCode>1</AddressTypeCode>
          <City xsi:nil="true"></City>
          <County xsi:nil="true"></County>
          <Country xsi:nil="true"></Country>
          <Fax xsi:nil="true"></Fax>
          <FreightTermsCode xsi:nil="true"></FreightTermsCode>
          <ImportSequenceNumber xsi:nil="true"></ImportSequenceNumber>
          <Latitude xsi:nil="true"></Latitude>
          <Line1 xsi:nil="true"></Line1>
          <Line2 xsi:nil="true"></Line2>
          <Line3 xsi:nil="true"></Line3>
          <Longitude xsi:nil="true"></Longitude>
          <Name xsi:nil="true"></Name>
          <PostalCode xsi:nil="true"></PostalCode>
          <PostOfficeBox xsi:nil="true"></PostOfficeBox>
          <PrimaryContactName xsi:nil="true"></PrimaryContactName>
          <ShippingMethodCode>1</ShippingMethodCode>
          <StateOrProvince xsi:nil="true"></StateOrProvince>
          <Telephone1 xsi:nil="true"></Telephone1>
          <Telephone2 xsi:nil="true"></Telephone2>
          <Telephone3 xsi:nil="true"></Telephone3>
          <TimeZoneRuleVersionNumber xsi:nil="true"></TimeZoneRuleVersionNumber>
          <UPSZone xsi:nil="true"></UPSZone>
          <UTCOffset xsi:nil="true"></UTCOffset>
          <UTCConversionTimeZoneCode xsi:nil="true"></UTCConversionTimeZoneCode>
        </Address>
        <Address>
          <AddressNumber>2</AddressNumber>
          <AddressTypeCode>1</AddressTypeCode>
          <City xsi:nil="true"></City>
          <County xsi:nil="true"></County>
          <Country xsi:nil="true"></Country>
          <Fax xsi:nil="true"></Fax>
          <FreightTermsCode xsi:nil="true"></FreightTermsCode>
          <ImportSequenceNumber xsi:nil="true"></ImportSequenceNumber>
          <Latitude xsi:nil="true"></Latitude>
          <Line1 xsi:nil="true"></Line1>
          <Line2 xsi:nil="true"></Line2>
          <Line3 xsi:nil="true"></Line3>
          <Longitude xsi:nil="true"></Longitude>
          <Name xsi:nil="true"></Name>
          <PostalCode xsi:nil="true"></PostalCode>
          <PostOfficeBox xsi:nil="true"></PostOfficeBox>
          <PrimaryContactName xsi:nil="true"></PrimaryContactName>
          <ShippingMethodCode>1</ShippingMethodCode>
          <StateOrProvince xsi:nil="true"></StateOrProvince>
          <Telephone1 xsi:nil="true"></Telephone1>
          <Telephone2 xsi:nil="true"></Telephone2>
          <Telephone3 xsi:nil="true"></Telephone3>
          <TimeZoneRuleVersionNumber xsi:nil="true"></TimeZoneRuleVersionNumber>
          <UPSZone xsi:nil="true"></UPSZone>
          <UTCOffset xsi:nil="true"></UTCOffset>
          <UTCConversionTimeZoneCode xsi:nil="true"></UTCConversionTimeZoneCode>
        </Address>
      </Addresses>
    </Publisher>
    <RootComponents>
      <RootComponent type="1" schemaName="account" />
      <RootComponent type="1" schemaName="adx_calculatepartnercapacityworkflowaction" />
      <RootComponent type="1" schemaName="adx_channelpermissions" />
      <RootComponent type="1" schemaName="adx_leadtype" />
      <RootComponent type="1" schemaName="adx_opportunitynote" />
      <RootComponent type="1" schemaName="adx_opportunitypermissions" />
      <RootComponent type="1" schemaName="adx_triggerdistributionworkflowaction" />
      <RootComponent type="1" schemaName="adx_triggerexpirationofleadsworkflowaction" />
      <RootComponent type="1" schemaName="contact" />
      <RootComponent type="1" schemaName="lead" />
      <RootComponent type="1" schemaName="opportunity" />
      <RootComponent type="1" schemaName="product" />
      <RootComponent type="1" schemaName="territory" />
      <RootComponent type="60" id="{412c08ca-4428-e111-9ffb-00155d03a708}" />
      <RootComponent type="61" schemaName="adx_Access_perms_icon" />
      <RootComponent type="61" schemaName="adx_holidaydata.xml" />
      <RootComponent type="61" schemaName="adx_icon_nav_cms_small" />
      <RootComponent type="61" schemaName="adx_Lead_type_large" />
      <RootComponent type="61" schemaName="adx_lead_type_small" />
      <RootComponent type="61" schemaName="adx_opportunity_note_large" />
      <RootComponent type="61" schemaName="adx_opportunity_note_small" />
      <RootComponent type="61" schemaName="adx_workflow_action_icon" />
      <RootComponent type="61" schemaName="adx_Workflow_action_large" />
      <RootComponent type="61" schemaName="adx_zipcodedata.xml" />
      <RootComponent type="91" schemaName="Adxstudio.Xrm.Plugins.Partner, Version=7.1.0.0, Culture=neutral, PublicKeyToken=8f6c15d0d269472e" />
      <RootComponent type="92" id="{01580a31-a154-e411-9446-00155d03b502}" />
      <RootComponent type="92" id="{32461cbd-a054-e411-9446-00155d03b502}" />
      <RootComponent type="92" id="{86b84acb-a154-e411-9446-00155d03b502}" />
      <RootComponent type="92" id="{93149efa-a054-e411-9446-00155d03b502}" />
      <RootComponent type="92" id="{a001dcb6-a154-e411-9446-00155d03b502}" />
      <RootComponent type="92" id="{bc13fc75-a254-e411-9446-00155d03b502}" />
      <RootComponent type="92" id="{e3946418-a154-e411-9446-00155d03b502}" />
      <RootComponent type="92" id="{e6d21f8a-a254-e411-9446-00155d03b502}" />
      <RootComponent type="92" id="{fbeb86a5-a054-e411-9446-00155d03b502}" />
    </RootComponents>
    <MissingDependencies>
      <MissingDependency>
        <Required key="0" type="2" schemaName="adx_organizationname" displayName="Organization Name" parentSchemaName="contact" parentDisplayName="Contact" solution="AdxstudioPortalsDependencies (1.0.0031)" />
        <Dependent key="1" type="60" displayName="Opportunity Contact Web Form" parentDisplayName="Contact" id="{adcd7acb-c422-4aeb-9d14-a103607876b9}" />
      </MissingDependency>
      <MissingDependency>
        <Required key="2" type="2" schemaName="msa_eservicesaccesslevel" displayName="eServices Access Level" parentSchemaName="contact" parentDisplayName="Contact" solution="AdxstudioPortalsDependencies (1.0.0031)" />
        <Dependent key="2" type="2" schemaName="msa_eservicesaccesslevel" displayName="eServices Access Level" parentSchemaName="contact" parentDisplayName="Contact" />
      </MissingDependency>
      <MissingDependency>
        <Required key="3" type="2" schemaName="adx_modifiedbyipaddress" displayName="Modified By IP Address" parentSchemaName="opportunity" parentDisplayName="Opportunity" solution="AdxstudioPortalsDependencies (1.0.0031)" />
        <Dependent key="3" type="2" schemaName="adx_modifiedbyipaddress" displayName="Modified By IP Address" parentSchemaName="opportunity" parentDisplayName="Opportunity" />
      </MissingDependency>
      <MissingDependency>
        <Required key="4" type="2" schemaName="adx_logonenabled" displayName="Logon Enabled" parentSchemaName="contact" parentDisplayName="Contact" solution="AdxstudioPortalsDependencies (1.0.0031)" />
        <Dependent key="4" type="2" schemaName="adx_logonenabled" displayName="Logon Enabled" parentSchemaName="contact" parentDisplayName="Contact" />
      </MissingDependency>
      <MissingDependency>
        <Required key="5" type="2" schemaName="adx_createdbyusername" displayName="Created By Username" parentSchemaName="account" parentDisplayName="Account" solution="AdxstudioPortalsDependencies (1.0.0031)" />
        <Dependent key="5" type="2" schemaName="adx_createdbyusername" displayName="Created By Username" parentSchemaName="account" parentDisplayName="Account" />
      </MissingDependency>
      <MissingDependency>
        <Required key="6" type="2" schemaName="msa_managingpartnerid" displayName="Managing Partner" parentSchemaName="account" parentDisplayName="Account" solution="AdxstudioPortalsDependencies (1.0.0031)" />
        <Dependent key="6" type="2" schemaName="msa_managingpartnerid" displayName="Managing Partner" parentSchemaName="account" parentDisplayName="Account" />
      </MissingDependency>
      <MissingDependency>
        <Required key="7" type="2" schemaName="adx_createdbyipaddress" displayName="Created By IP Address" parentSchemaName="opportunity" parentDisplayName="Opportunity" solution="AdxstudioPortalsDependencies (1.0.0031)" />
        <Dependent key="7" type="2" schemaName="adx_createdbyipaddress" displayName="Created By IP Address" parentSchemaName="opportunity" parentDisplayName="Opportunity" />
      </MissingDependency>
      <MissingDependency>
        <Required key="8" type="2" schemaName="adx_createdbyipaddress" displayName="Created By IP Address" parentSchemaName="account" parentDisplayName="Account" solution="AdxstudioPortalsDependencies (1.0.0031)" />
        <Dependent key="8" type="2" schemaName="adx_createdbyipaddress" displayName="Created By IP Address" parentSchemaName="account" parentDisplayName="Account" />
      </MissingDependency>
      <MissingDependency>
        <Required key="9" type="2" schemaName="msa_webuser" displayName="Web User" parentSchemaName="contact" parentDisplayName="Contact" solution="AdxstudioPortalsDependencies (1.0.0031)" />
        <Dependent key="9" type="2" schemaName="msa_webuser" displayName="Web User" parentSchemaName="contact" parentDisplayName="Contact" />
      </MissingDependency>
      <MissingDependency>
        <Required key="10" type="2" schemaName="msa_partnerid" displayName="Partner" parentSchemaName="opportunity" parentDisplayName="Opportunity" solution="AdxstudioPortalsDependencies (1.0.0031)" />
        <Dependent key="10" type="2" schemaName="msa_partnerid" displayName="Partner" parentSchemaName="opportunity" parentDisplayName="Opportunity" />
      </MissingDependency>
      <MissingDependency>
        <Required key="11" type="2" schemaName="adx_modifiedbyipaddress" displayName="Modified By IP Address" parentSchemaName="account" parentDisplayName="Account" solution="AdxstudioPortalsDependencies (1.0.0031)" />
        <Dependent key="11" type="2" schemaName="adx_modifiedbyipaddress" displayName="Modified By IP Address" parentSchemaName="account" parentDisplayName="Account" />
      </MissingDependency>
      <MissingDependency>
        <Required key="12" type="2" schemaName="msa_managingpartnerid" displayName="Managing Partner" parentSchemaName="contact" parentDisplayName="Contact" solution="AdxstudioPortalsDependencies (1.0.0031)" />
        <Dependent key="12" type="2" schemaName="msa_managingpartnerid" displayName="Managing Partner" parentSchemaName="contact" parentDisplayName="Contact" />
      </MissingDependency>
      <MissingDependency>
        <Required key="13" type="2" schemaName="adx_modifiedbyusername" displayName="Modified By Username" parentSchemaName="account" parentDisplayName="Account" solution="AdxstudioPortalsDependencies (1.0.0031)" />
        <Dependent key="13" type="2" schemaName="adx_modifiedbyusername" displayName="Modified By Username" parentSchemaName="account" parentDisplayName="Account" />
      </MissingDependency>
      <MissingDependency>
        <Required key="14" type="2" schemaName="adx_lockedout" displayName="Locked Out" parentSchemaName="contact" parentDisplayName="Contact" solution="AdxstudioPortalsDependencies (1.0.0031)" />
        <Dependent key="14" type="2" schemaName="adx_lockedout" displayName="Locked Out" parentSchemaName="contact" parentDisplayName="Contact" />
      </MissingDependency>
      <MissingDependency>
        <Required key="15" type="2" schemaName="adx_changepasswordatnextlogon" displayName="User must change password at next logon" parentSchemaName="contact" parentDisplayName="Contact" solution="AdxstudioPortalsDependencies (1.0.0031)" />
        <Dependent key="15" type="2" schemaName="adx_changepasswordatnextlogon" displayName="User must change password at next logon" parentSchemaName="contact" parentDisplayName="Contact" />
      </MissingDependency>
      <MissingDependency>
        <Required key="16" type="2" schemaName="msa_allocatedtopartner" displayName="Allocated to Partner" parentSchemaName="opportunity" parentDisplayName="Opportunity" solution="AdxstudioPortalsDependencies (1.0.0031)" />
        <Dependent key="16" type="2" schemaName="msa_allocatedtopartner" displayName="Allocated to Partner" parentSchemaName="opportunity" parentDisplayName="Opportunity" />
      </MissingDependency>
      <MissingDependency>
        <Required key="17" type="2" schemaName="adx_modifiedbyusername" displayName="Modified By Username" parentSchemaName="opportunity" parentDisplayName="Opportunity" solution="AdxstudioPortalsDependencies (1.0.0031)" />
        <Dependent key="17" type="2" schemaName="adx_modifiedbyusername" displayName="Modified By Username" parentSchemaName="opportunity" parentDisplayName="Opportunity" />
      </MissingDependency>
      <MissingDependency>
        <Required key="18" type="2" schemaName="adx_createdbyusername" displayName="Created By Username" parentSchemaName="opportunity" parentDisplayName="Opportunity" solution="AdxstudioPortalsDependencies (1.0.0031)" />
        <Dependent key="18" type="2" schemaName="adx_createdbyusername" displayName="Created By Username" parentSchemaName="opportunity" parentDisplayName="Opportunity" />
      </MissingDependency>
      <MissingDependency>
        <Required key="19" type="2" schemaName="adx_systemuserid" displayName="System User" parentSchemaName="contact" parentDisplayName="Contact" solution="AdxstudioPortalsDependencies (1.0.0031)" />
        <Dependent key="19" type="2" schemaName="adx_systemuserid" displayName="System User" parentSchemaName="contact" parentDisplayName="Contact" />
      </MissingDependency>
      <MissingDependency>
        <Required key="20" type="2" schemaName="msa_allowbidding" displayName="Allow Bidding" parentSchemaName="opportunity" parentDisplayName="Opportunity" solution="AdxstudioPortalsDependencies (1.0.0031)" />
        <Dependent key="20" type="2" schemaName="msa_allowbidding" displayName="Allow Bidding" parentSchemaName="opportunity" parentDisplayName="Opportunity" />
      </MissingDependency>
      <MissingDependency>
        <Required key="21" type="2" schemaName="msa_partneroppid" displayName="Partner Contact" parentSchemaName="opportunity" parentDisplayName="Opportunity" solution="AdxstudioPortalsDependencies (1.0.0031)" />
        <Dependent key="21" type="2" schemaName="msa_partneroppid" displayName="Partner Contact" parentSchemaName="opportunity" parentDisplayName="Opportunity" />
      </MissingDependency>
      <MissingDependency>
        <Required key="22" type="10" schemaName="msa_account_managingpartner" displayName="msa_account_managingpartner" parentSchemaName="account" parentDisplayName="Account" solution="AdxstudioPortalsDependencies (1.0.0031)" />
        <Dependent key="22" type="10" schemaName="msa_account_managingpartner" displayName="msa_account_managingpartner" parentSchemaName="account" parentDisplayName="Account" />
      </MissingDependency>
      <MissingDependency>
        <Required key="23" type="10" schemaName="adx_website_sponsor" displayName="adx_website_sponsor" parentSchemaName="adx_website" parentDisplayName="Website" solution="AdxstudioPortalsDependencies (1.0.0031)" />
        <Dependent key="23" type="10" schemaName="adx_website_sponsor" displayName="adx_website_sponsor" parentSchemaName="adx_website" parentDisplayName="Website" />
      </MissingDependency>
      <MissingDependency>
        <Required key="24" type="10" schemaName="adx_invitation_invitecontacts" displayName="adx_invitation_invitecontacts" parentSchemaName="adx_invitation" parentDisplayName="Invitation" solution="AdxstudioPortals (7.0.0060)" />
        <Dependent key="24" type="10" schemaName="adx_invitation_invitecontacts" displayName="adx_invitation_invitecontacts" parentSchemaName="adx_invitation" parentDisplayName="Invitation" />
      </MissingDependency>
      <MissingDependency>
        <Required key="23" type="10" schemaName="adx_website_sponsor" displayName="adx_website_sponsor" parentSchemaName="adx_website" parentDisplayName="Website" solution="AdxstudioPortalsDependencies (1.0.0031)" />
        <Dependent key="23" type="10" schemaName="adx_website_sponsor" displayName="adx_website_sponsor" parentSchemaName="adx_website" parentDisplayName="Website" />
      </MissingDependency>
      <MissingDependency>
        <Required key="25" type="10" schemaName="adx_webrole_contact" displayName="adx_webrole_contact" parentSchemaName="adx_webrole" parentDisplayName="Web Role" solution="AdxstudioPortalsDependencies (1.0.0031)" />
        <Dependent key="25" type="10" schemaName="adx_webrole_contact" displayName="adx_webrole_contact" parentSchemaName="adx_webrole" parentDisplayName="Web Role" />
      </MissingDependency>
      <MissingDependency>
        <Required key="26" type="10" schemaName="msa_contact_managingpartner" displayName="msa_contact_managingpartner" parentSchemaName="contact" parentDisplayName="Contact" solution="AdxstudioPortalsDependencies (1.0.0031)" />
        <Dependent key="26" type="10" schemaName="msa_contact_managingpartner" displayName="msa_contact_managingpartner" parentSchemaName="contact" parentDisplayName="Contact" />
      </MissingDependency>
      <MissingDependency>
        <Required key="27" type="10" schemaName="adx_webrole_account" displayName="adx_webrole_account" parentSchemaName="adx_webrole" parentDisplayName="Web Role" solution="AdxstudioPortals (7.0.0060)" />
        <Dependent key="27" type="10" schemaName="adx_webrole_account" displayName="adx_webrole_account" parentSchemaName="adx_webrole" parentDisplayName="Web Role" />
      </MissingDependency>
      <MissingDependency>
        <Required key="24" type="10" schemaName="adx_invitation_invitecontacts" displayName="adx_invitation_invitecontacts" parentSchemaName="adx_invitation" parentDisplayName="Invitation" solution="AdxstudioPortals (7.0.0060)" />
        <Dependent key="24" type="10" schemaName="adx_invitation_invitecontacts" displayName="adx_invitation_invitecontacts" parentSchemaName="adx_invitation" parentDisplayName="Invitation" />
      </MissingDependency>
      <MissingDependency>
        <Required key="28" type="10" schemaName="adx_invitation_redeemedcontacts" displayName="adx_invitation_redeemedcontacts" parentSchemaName="adx_invitation" parentDisplayName="Invitation" solution="AdxstudioPortals (7.0.0060)" />
        <Dependent key="28" type="10" schemaName="adx_invitation_redeemedcontacts" displayName="adx_invitation_redeemedcontacts" parentSchemaName="adx_invitation" parentDisplayName="Invitation" />
      </MissingDependency>
      <MissingDependency>
        <Required key="29" type="10" schemaName="msa_partner_opportunity" displayName="msa_partner_opportunity" parentSchemaName="opportunity" parentDisplayName="Opportunity" solution="AdxstudioPortalsDependencies (1.0.0031)" />
        <Dependent key="29" type="10" schemaName="msa_partner_opportunity" displayName="msa_partner_opportunity" parentSchemaName="opportunity" parentDisplayName="Opportunity" />
      </MissingDependency>
      <MissingDependency>
        <Required key="30" type="10" schemaName="msa_contact_opportunity" displayName="msa_contact_opportunity" parentSchemaName="opportunity" parentDisplayName="Opportunity" solution="AdxstudioPortalsDependencies (1.0.0031)" />
        <Dependent key="30" type="10" schemaName="msa_contact_opportunity" displayName="msa_contact_opportunity" parentSchemaName="opportunity" parentDisplayName="Opportunity" />
      </MissingDependency>
      <MissingDependency>
        <Required key="28" type="10" schemaName="adx_invitation_redeemedcontacts" displayName="adx_invitation_redeemedcontacts" parentSchemaName="adx_invitation" parentDisplayName="Invitation" solution="AdxstudioPortals (7.0.0060)" />
        <Dependent key="28" type="10" schemaName="adx_invitation_redeemedcontacts" displayName="adx_invitation_redeemedcontacts" parentSchemaName="adx_invitation" parentDisplayName="Invitation" />
      </MissingDependency>
      <MissingDependency>
        <Required key="27" type="10" schemaName="adx_webrole_account" displayName="adx_webrole_account" parentSchemaName="adx_webrole" parentDisplayName="Web Role" solution="AdxstudioPortals (7.0.0060)" />
        <Dependent key="27" type="10" schemaName="adx_webrole_account" displayName="adx_webrole_account" parentSchemaName="adx_webrole" parentDisplayName="Web Role" />
      </MissingDependency>
      <MissingDependency>
        <Required key="31" type="10" schemaName="adx_systemuser_contact" displayName="adx_systemuser_contact" parentSchemaName="contact" parentDisplayName="Contact" solution="AdxstudioPortalsDependencies (1.0.0031)" />
        <Dependent key="31" type="10" schemaName="adx_systemuser_contact" displayName="adx_systemuser_contact" parentSchemaName="contact" parentDisplayName="Contact" />
      </MissingDependency>
      <MissingDependency>
        <Required key="25" type="10" schemaName="adx_webrole_contact" displayName="adx_webrole_contact" parentSchemaName="adx_webrole" parentDisplayName="Web Role" solution="AdxstudioPortalsDependencies (1.0.0031)" />
        <Dependent key="25" type="10" schemaName="adx_webrole_contact" displayName="adx_webrole_contact" parentSchemaName="adx_webrole" parentDisplayName="Web Role" />
      </MissingDependency>
      <MissingDependency>
        <Required key="32" type="9" schemaName="adx_lockedout_contact" displayName="Locked Out" solution="AdxstudioPortalsDependencies (1.0.0031)" />
        <Dependent key="32" type="9" schemaName="adx_lockedout_contact" displayName="Locked Out" />
      </MissingDependency>
      <MissingDependency>
        <Required key="33" type="9" schemaName="adx_changepasswordatnextlogon_contact" displayName="User must change password at next logon" solution="AdxstudioPortalsDependencies (1.0.0031)" />
        <Dependent key="33" type="9" schemaName="adx_changepasswordatnextlogon_contact" displayName="User must change password at next logon" />
      </MissingDependency>
      <MissingDependency>
        <Required key="34" type="9" schemaName="msa_webuser_contact" displayName="Web User" solution="AdxstudioPortalsDependencies (1.0.0031)" />
        <Dependent key="34" type="9" schemaName="msa_webuser_contact" displayName="Web User" />
      </MissingDependency>
      <MissingDependency>
        <Required key="35" type="9" schemaName="msa_allocatedtopartner_opportunity" displayName="Allocated to Partner" solution="AdxstudioPortalsDependencies (1.0.0031)" />
        <Dependent key="35" type="9" schemaName="msa_allocatedtopartner_opportunity" displayName="Allocated to Partner" />
      </MissingDependency>
      <MissingDependency>
        <Required key="36" type="9" schemaName="msa_eservicesaccesslevel_contact" displayName="eServices Access Level" solution="AdxstudioPortalsDependencies (1.0.0031)" />
        <Dependent key="36" type="9" schemaName="msa_eservicesaccesslevel_contact" displayName="eServices Access Level" />
      </MissingDependency>
      <MissingDependency>
        <Required key="35" type="9" schemaName="msa_allocatedtopartner_opportunity" displayName="Allocated to Partner" solution="AdxstudioPortalsDependencies (1.0.0031)" />
        <Dependent key="35" type="9" schemaName="msa_allocatedtopartner_opportunity" displayName="Allocated to Partner" />
      </MissingDependency>
      <MissingDependency>
        <Required key="37" type="9" schemaName="msa_allowbidding_opportunity" displayName="Allow Bidding" solution="AdxstudioPortalsDependencies (1.0.0031)" />
        <Dependent key="37" type="9" schemaName="msa_allowbidding_opportunity" displayName="Allow Bidding" />
      </MissingDependency>
      <MissingDependency>
        <Required key="36" type="9" schemaName="msa_eservicesaccesslevel_contact" displayName="eServices Access Level" solution="AdxstudioPortalsDependencies (1.0.0031)" />
        <Dependent key="36" type="9" schemaName="msa_eservicesaccesslevel_contact" displayName="eServices Access Level" />
      </MissingDependency>
      <MissingDependency>
        <Required key="38" type="9" schemaName="adx_logonenabled_contact" displayName="Logon Enabled" solution="AdxstudioPortalsDependencies (1.0.0031)" />
        <Dependent key="38" type="9" schemaName="adx_logonenabled_contact" displayName="Logon Enabled" />
      </MissingDependency>
      <MissingDependency>
        <Required key="36" type="9" schemaName="msa_eservicesaccesslevel_contact" displayName="eServices Access Level" solution="AdxstudioPortalsDependencies (1.0.0031)" />
        <Dependent key="36" type="9" schemaName="msa_eservicesaccesslevel_contact" displayName="eServices Access Level" />
      </MissingDependency>
      <MissingDependency>
        <Required key="37" type="9" schemaName="msa_allowbidding_opportunity" displayName="Allow Bidding" solution="AdxstudioPortalsDependencies (1.0.0031)" />
        <Dependent key="37" type="9" schemaName="msa_allowbidding_opportunity" displayName="Allow Bidding" />
      </MissingDependency>
      <MissingDependency>
        <Required key="33" type="9" schemaName="adx_changepasswordatnextlogon_contact" displayName="User must change password at next logon" solution="AdxstudioPortalsDependencies (1.0.0031)" />
        <Dependent key="33" type="9" schemaName="adx_changepasswordatnextlogon_contact" displayName="User must change password at next logon" />
      </MissingDependency>
      <MissingDependency>
        <Required key="32" type="9" schemaName="adx_lockedout_contact" displayName="Locked Out" solution="AdxstudioPortalsDependencies (1.0.0031)" />
        <Dependent key="32" type="9" schemaName="adx_lockedout_contact" displayName="Locked Out" />
      </MissingDependency>
      <MissingDependency>
        <Required key="34" type="9" schemaName="msa_webuser_contact" displayName="Web User" solution="AdxstudioPortalsDependencies (1.0.0031)" />
        <Dependent key="34" type="9" schemaName="msa_webuser_contact" displayName="Web User" />
      </MissingDependency>
      <MissingDependency>
        <Required key="39" type="9" schemaName="opportunity_statuscode" displayName="Status Reason" solution="System" />
        <Dependent key="39" type="9" schemaName="opportunity_statuscode" displayName="Status Reason" />
      </MissingDependency>
      <MissingDependency>
        <Required key="38" type="9" schemaName="adx_logonenabled_contact" displayName="Logon Enabled" solution="AdxstudioPortalsDependencies (1.0.0031)" />
        <Dependent key="38" type="9" schemaName="adx_logonenabled_contact" displayName="Logon Enabled" />
      </MissingDependency>
      <MissingDependency>
        <Required key="22" type="10" schemaName="msa_account_managingpartner" displayName="msa_account_managingpartner" parentSchemaName="account" parentDisplayName="Account" solution="AdxstudioPortalsDependencies (1.0.0031)" />
        <Dependent key="40" type="2" schemaName="msa_managingpartneridyominame" parentSchemaName="account" parentDisplayName="Account" />
      </MissingDependency>
      <MissingDependency>
        <Required key="30" type="10" schemaName="msa_contact_opportunity" displayName="msa_contact_opportunity" parentSchemaName="opportunity" parentDisplayName="Opportunity" solution="AdxstudioPortalsDependencies (1.0.0031)" />
        <Dependent key="41" type="2" schemaName="msa_partneroppidyominame" parentSchemaName="opportunity" parentDisplayName="Opportunity" />
      </MissingDependency>
      <MissingDependency>
        <Required key="22" type="10" schemaName="msa_account_managingpartner" displayName="msa_account_managingpartner" parentSchemaName="account" parentDisplayName="Account" solution="AdxstudioPortalsDependencies (1.0.0031)" />
        <Dependent key="42" type="2" schemaName="msa_managingpartneridname" parentSchemaName="account" parentDisplayName="Account" />
      </MissingDependency>
      <MissingDependency>
        <Required key="31" type="10" schemaName="adx_systemuser_contact" displayName="adx_systemuser_contact" parentSchemaName="contact" parentDisplayName="Contact" solution="AdxstudioPortalsDependencies (1.0.0031)" />
        <Dependent key="43" type="2" schemaName="adx_systemuseridname" parentSchemaName="contact" parentDisplayName="Contact" />
      </MissingDependency>
      <MissingDependency>
        <Required key="26" type="10" schemaName="msa_contact_managingpartner" displayName="msa_contact_managingpartner" parentSchemaName="contact" parentDisplayName="Contact" solution="AdxstudioPortalsDependencies (1.0.0031)" />
        <Dependent key="44" type="2" schemaName="msa_managingpartneridyominame" parentSchemaName="contact" parentDisplayName="Contact" />
      </MissingDependency>
      <MissingDependency>
        <Required key="29" type="10" schemaName="msa_partner_opportunity" displayName="msa_partner_opportunity" parentSchemaName="opportunity" parentDisplayName="Opportunity" solution="AdxstudioPortalsDependencies (1.0.0031)" />
        <Dependent key="45" type="2" schemaName="msa_partneridyominame" parentSchemaName="opportunity" parentDisplayName="Opportunity" />
      </MissingDependency>
      <MissingDependency>
        <Required key="30" type="10" schemaName="msa_contact_opportunity" displayName="msa_contact_opportunity" parentSchemaName="opportunity" parentDisplayName="Opportunity" solution="AdxstudioPortalsDependencies (1.0.0031)" />
        <Dependent key="46" type="2" schemaName="msa_partneroppidname" parentSchemaName="opportunity" parentDisplayName="Opportunity" />
      </MissingDependency>
      <MissingDependency>
        <Required key="31" type="10" schemaName="adx_systemuser_contact" displayName="adx_systemuser_contact" parentSchemaName="contact" parentDisplayName="Contact" solution="AdxstudioPortalsDependencies (1.0.0031)" />
        <Dependent key="47" type="2" schemaName="adx_systemuseridyominame" parentSchemaName="contact" parentDisplayName="Contact" />
      </MissingDependency>
      <MissingDependency>
        <Required key="26" type="10" schemaName="msa_contact_managingpartner" displayName="msa_contact_managingpartner" parentSchemaName="contact" parentDisplayName="Contact" solution="AdxstudioPortalsDependencies (1.0.0031)" />
        <Dependent key="48" type="2" schemaName="msa_managingpartneridname" parentSchemaName="contact" parentDisplayName="Contact" />
      </MissingDependency>
      <MissingDependency>
        <Required key="29" type="10" schemaName="msa_partner_opportunity" displayName="msa_partner_opportunity" parentSchemaName="opportunity" parentDisplayName="Opportunity" solution="AdxstudioPortalsDependencies (1.0.0031)" />
        <Dependent key="49" type="2" schemaName="msa_partneridname" parentSchemaName="opportunity" parentDisplayName="Opportunity" />
      </MissingDependency>
      <MissingDependency>
        <Required key="38" type="9" schemaName="adx_logonenabled_contact" displayName="Logon Enabled" solution="AdxstudioPortalsDependencies (1.0.0031)" />
        <Dependent key="38" type="9" schemaName="adx_logonenabled_contact" displayName="Logon Enabled" />
      </MissingDependency>
      <MissingDependency>
        <Required key="37" type="9" schemaName="msa_allowbidding_opportunity" displayName="Allow Bidding" solution="AdxstudioPortalsDependencies (1.0.0031)" />
        <Dependent key="37" type="9" schemaName="msa_allowbidding_opportunity" displayName="Allow Bidding" />
      </MissingDependency>
      <MissingDependency>
        <Required key="33" type="9" schemaName="adx_changepasswordatnextlogon_contact" displayName="User must change password at next logon" solution="AdxstudioPortalsDependencies (1.0.0031)" />
        <Dependent key="33" type="9" schemaName="adx_changepasswordatnextlogon_contact" displayName="User must change password at next logon" />
      </MissingDependency>
      <MissingDependency>
        <Required key="36" type="9" schemaName="msa_eservicesaccesslevel_contact" displayName="eServices Access Level" solution="AdxstudioPortalsDependencies (1.0.0031)" />
        <Dependent key="36" type="9" schemaName="msa_eservicesaccesslevel_contact" displayName="eServices Access Level" />
      </MissingDependency>
      <MissingDependency>
        <Required key="34" type="9" schemaName="msa_webuser_contact" displayName="Web User" solution="AdxstudioPortalsDependencies (1.0.0031)" />
        <Dependent key="34" type="9" schemaName="msa_webuser_contact" displayName="Web User" />
      </MissingDependency>
      <MissingDependency>
        <Required key="32" type="9" schemaName="adx_lockedout_contact" displayName="Locked Out" solution="AdxstudioPortalsDependencies (1.0.0031)" />
        <Dependent key="32" type="9" schemaName="adx_lockedout_contact" displayName="Locked Out" />
      </MissingDependency>
      <MissingDependency>
        <Required key="35" type="9" schemaName="msa_allocatedtopartner_opportunity" displayName="Allocated to Partner" solution="AdxstudioPortalsDependencies (1.0.0031)" />
        <Dependent key="35" type="9" schemaName="msa_allocatedtopartner_opportunity" displayName="Allocated to Partner" />
      </MissingDependency>
      <MissingDependency>
        <Required key="30" type="10" schemaName="msa_contact_opportunity" displayName="msa_contact_opportunity" parentSchemaName="opportunity" parentDisplayName="Opportunity" solution="AdxstudioPortalsDependencies (1.0.0031)" />
        <Dependent key="50" type="60" displayName="Partner Details" parentDisplayName="Opportunity" id="{95ba4a68-785b-46a2-9860-e54c4efed540}" />
      </MissingDependency>
      <MissingDependency>
        <Required key="29" type="10" schemaName="msa_partner_opportunity" displayName="msa_partner_opportunity" parentSchemaName="opportunity" parentDisplayName="Opportunity" solution="AdxstudioPortalsDependencies (1.0.0031)" />
        <Dependent key="50" type="60" displayName="Partner Details" parentDisplayName="Opportunity" id="{95ba4a68-785b-46a2-9860-e54c4efed540}" />
      </MissingDependency>
      <MissingDependency>
        <Required key="22" type="10" schemaName="msa_account_managingpartner" displayName="msa_account_managingpartner" parentSchemaName="account" parentDisplayName="Account" solution="AdxstudioPortalsDependencies (1.0.0031)" />
        <Dependent key="51" type="60" displayName="Partner Details" parentDisplayName="Account" id="{6e4f41f8-653a-48f7-9c4c-aad8c675f86d}" />
      </MissingDependency>
      <MissingDependency>
        <Required key="52" type="1" schemaName="opportunity" displayName="Opportunity" solution="System" />
        <Dependent key="52" type="1" schemaName="opportunity" displayName="Opportunity" />
      </MissingDependency>
      <MissingDependency>
        <Required key="53" type="20" displayName="System Customizer" solution="System" id="{6de33915-e33c-e311-93f9-00155d03a503}" parentId="{119f245c-3cc8-4b62-b31c-d1a046ced15d}" />
        <Dependent key="51" type="60" displayName="Partner Details" parentDisplayName="Account" id="{6e4f41f8-653a-48f7-9c4c-aad8c675f86d}" />
      </MissingDependency>
      <MissingDependency>
        <Required key="53" type="20" displayName="System Customizer" solution="System" id="{6de33915-e33c-e311-93f9-00155d03a503}" parentId="{119f245c-3cc8-4b62-b31c-d1a046ced15d}" />
        <Dependent key="54" type="60" displayName="New Opportunity Form" parentDisplayName="Lead" id="{fa2707a1-59c2-4e7f-b237-f28e5cdfee62}" />
      </MissingDependency>
      <MissingDependency>
        <Required key="53" type="20" displayName="System Customizer" solution="System" id="{6de33915-e33c-e311-93f9-00155d03a503}" parentId="{119f245c-3cc8-4b62-b31c-d1a046ced15d}" />
        <Dependent key="50" type="60" displayName="Partner Details" parentDisplayName="Opportunity" id="{95ba4a68-785b-46a2-9860-e54c4efed540}" />
      </MissingDependency>
      <MissingDependency>
        <Required key="53" type="20" displayName="System Customizer" solution="System" id="{6de33915-e33c-e311-93f9-00155d03a503}" parentId="{119f245c-3cc8-4b62-b31c-d1a046ced15d}" />
        <Dependent key="55" type="60" displayName="Contact Web Form" parentDisplayName="Contact" id="{657bed95-e04a-4cab-965f-899ca32e1a11}" />
      </MissingDependency>
      <MissingDependency>
        <Required key="53" type="20" displayName="System Customizer" solution="System" id="{6de33915-e33c-e311-93f9-00155d03a503}" parentId="{119f245c-3cc8-4b62-b31c-d1a046ced15d}" />
        <Dependent key="1" type="60" displayName="Opportunity Contact Web Form" parentDisplayName="Contact" id="{adcd7acb-c422-4aeb-9d14-a103607876b9}" />
      </MissingDependency>
      <MissingDependency>
        <Required key="53" type="20" displayName="System Customizer" solution="System" id="{6de33915-e33c-e311-93f9-00155d03a503}" parentId="{119f245c-3cc8-4b62-b31c-d1a046ced15d}" />
        <Dependent key="56" type="60" displayName="Permissions Management Web Form" parentDisplayName="Opportunity Permissions" id="{6e70d4dd-b446-4ace-88df-adcf708eab97}" />
      </MissingDependency>
      <MissingDependency>
        <Required key="53" type="20" displayName="System Customizer" solution="System" id="{6de33915-e33c-e311-93f9-00155d03a503}" parentId="{119f245c-3cc8-4b62-b31c-d1a046ced15d}" />
        <Dependent key="57" type="60" displayName="Account Read Only Web Form" parentDisplayName="Account" id="{64f87031-71ca-4f83-822a-8ce08d870bf3}" />
      </MissingDependency>
      <MissingDependency>
        <Required key="53" type="20" displayName="System Customizer" solution="System" id="{6de33915-e33c-e311-93f9-00155d03a503}" parentId="{119f245c-3cc8-4b62-b31c-d1a046ced15d}" />
        <Dependent key="58" type="60" displayName="Account Web Form" parentDisplayName="Account" id="{c29a9cdd-aef1-402d-ac6c-01da783afbbf}" />
      </MissingDependency>
      <MissingDependency>
        <Required key="53" type="20" displayName="System Customizer" solution="System" id="{6de33915-e33c-e311-93f9-00155d03a503}" parentId="{119f245c-3cc8-4b62-b31c-d1a046ced15d}" />
        <Dependent key="59" type="60" displayName="Opportunity Contact Details Form" parentDisplayName="Contact" id="{e402c899-09c8-43f2-8720-93a949ac0cc1}" />
      </MissingDependency>
      <MissingDependency>
        <Required key="53" type="20" displayName="System Customizer" solution="System" id="{6de33915-e33c-e311-93f9-00155d03a503}" parentId="{119f245c-3cc8-4b62-b31c-d1a046ced15d}" />
        <Dependent key="60" type="60" displayName="Partner Details" parentDisplayName="Lead" id="{722720ba-f4d3-4a74-b910-42371f07bed1}" />
      </MissingDependency>
      <MissingDependency>
        <Required key="53" type="20" displayName="System Customizer" solution="System" id="{6de33915-e33c-e311-93f9-00155d03a503}" parentId="{119f245c-3cc8-4b62-b31c-d1a046ced15d}" />
        <Dependent key="61" type="60" displayName="Permissions Management Web Form" parentDisplayName="Channel Permissions" id="{7322b723-d7c9-4ab8-802a-8c08db5f9e63}" />
      </MissingDependency>
      <MissingDependency>
        <Required key="53" type="20" displayName="System Customizer" solution="System" id="{6de33915-e33c-e311-93f9-00155d03a503}" parentId="{119f245c-3cc8-4b62-b31c-d1a046ced15d}" />
        <Dependent key="62" type="60" displayName="Opportunity Details Web Form" parentDisplayName="Opportunity" id="{a20be4be-53ef-42dd-bccc-9ed80caded8e}" />
      </MissingDependency>
      <MissingDependency>
        <Required key="53" type="20" displayName="System Customizer" solution="System" id="{6de33915-e33c-e311-93f9-00155d03a503}" parentId="{119f245c-3cc8-4b62-b31c-d1a046ced15d}" />
        <Dependent key="63" type="60" displayName="Opportunity Create Form" parentDisplayName="Opportunity" id="{14439f51-aa36-4324-9b6c-258658dc61f8}" />
      </MissingDependency>
      <MissingDependency>
        <Required key="64" type="26" schemaName="Open Activities" displayName="Open Activities" parentSchemaName="activitypointer" parentDisplayName="Activity" solution="System" id="{00000000-0000-0000-00aa-000010001900}" />
        <Dependent key="65" type="60" displayName="Information" parentDisplayName="Contact" id="{894cc46a-b0cb-4ab0-8bf6-200544e46a2d}" />
      </MissingDependency>
      <MissingDependency>
        <Required key="64" type="26" schemaName="Open Activities" displayName="Open Activities" parentSchemaName="activitypointer" parentDisplayName="Activity" solution="System" id="{00000000-0000-0000-00aa-000010001900}" />
        <Dependent key="60" type="60" displayName="Partner Details" parentDisplayName="Lead" id="{722720ba-f4d3-4a74-b910-42371f07bed1}" />
      </MissingDependency>
      <MissingDependency>
        <Required key="64" type="26" schemaName="Open Activities" displayName="Open Activities" parentSchemaName="activitypointer" parentDisplayName="Activity" solution="System" id="{00000000-0000-0000-00aa-000010001900}" />
        <Dependent key="66" type="60" displayName="Information" parentDisplayName="Lead" id="{9886ead0-4fcc-4747-9a18-08e7a9a6de71}" />
      </MissingDependency>
      <MissingDependency>
        <Required key="64" type="26" schemaName="Open Activities" displayName="Open Activities" parentSchemaName="activitypointer" parentDisplayName="Activity" solution="System" id="{00000000-0000-0000-00aa-000010001900}" />
        <Dependent key="50" type="60" displayName="Partner Details" parentDisplayName="Opportunity" id="{95ba4a68-785b-46a2-9860-e54c4efed540}" />
      </MissingDependency>
      <MissingDependency>
        <Required key="64" type="26" schemaName="Open Activities" displayName="Open Activities" parentSchemaName="activitypointer" parentDisplayName="Activity" solution="System" id="{00000000-0000-0000-00aa-000010001900}" />
        <Dependent key="67" type="60" displayName="Information" parentDisplayName="Account" id="{b053a39a-041a-4356-acef-ddf00182762b}" />
      </MissingDependency>
      <MissingDependency>
        <Required key="64" type="26" schemaName="Open Activities" displayName="Open Activities" parentSchemaName="activitypointer" parentDisplayName="Activity" solution="System" id="{00000000-0000-0000-00aa-000010001900}" />
        <Dependent key="68" type="60" displayName="Information" parentDisplayName="Opportunity" id="{a2a56263-ec37-4991-a3b0-e7b37a71d818}" />
      </MissingDependency>
      <MissingDependency>
        <Required key="69" type="26" schemaName="Opportunity Product Inline Edit View" displayName="Opportunity Product Inline Edit View" parentSchemaName="opportunityproduct" parentDisplayName="Opportunity Product" solution="System" id="{01010de7-749e-4fe6-8037-aca560a4fcbe}" />
        <Dependent key="68" type="60" displayName="Information" parentDisplayName="Opportunity" id="{a2a56263-ec37-4991-a3b0-e7b37a71d818}" />
      </MissingDependency>
      <MissingDependency>
        <Required key="70" type="26" schemaName="Currency Lookup View" displayName="Currency Lookup View" parentSchemaName="transactioncurrency" parentDisplayName="Currency" solution="System" id="{cd5625b0-dda8-4ee2-b13f-b9331e027c8a}" />
        <Dependent key="62" type="60" displayName="Opportunity Details Web Form" parentDisplayName="Opportunity" id="{a20be4be-53ef-42dd-bccc-9ed80caded8e}" />
      </MissingDependency>
      <MissingDependency>
        <Required key="70" type="26" schemaName="Currency Lookup View" displayName="Currency Lookup View" parentSchemaName="transactioncurrency" parentDisplayName="Currency" solution="System" id="{cd5625b0-dda8-4ee2-b13f-b9331e027c8a}" />
        <Dependent key="63" type="60" displayName="Opportunity Create Form" parentDisplayName="Opportunity" id="{14439f51-aa36-4324-9b6c-258658dc61f8}" />
      </MissingDependency>
      <MissingDependency>
        <Required key="71" type="26" schemaName="Quote Associated View" displayName="Quote Associated View" parentSchemaName="quote" parentDisplayName="Quote" solution="System" id="{642095db-91dd-4813-bb31-665a3a2bae61}" />
        <Dependent key="68" type="60" displayName="Information" parentDisplayName="Opportunity" id="{a2a56263-ec37-4991-a3b0-e7b37a71d818}" />
      </MissingDependency>
      <MissingDependency>
        <Required key="71" type="26" schemaName="Quote Associated View" displayName="Quote Associated View" parentSchemaName="quote" parentDisplayName="Quote" solution="System" id="{642095db-91dd-4813-bb31-665a3a2bae61}" />
        <Dependent key="50" type="60" displayName="Partner Details" parentDisplayName="Opportunity" id="{95ba4a68-785b-46a2-9860-e54c4efed540}" />
      </MissingDependency>
      <MissingDependency>
        <Required key="72" type="26" schemaName="Active Services" displayName="Active Services" parentSchemaName="service" parentDisplayName="Service" solution="System" id="{2bd4de5e-a7b4-4f5d-8fde-eb3b62d8e2b2}" />
        <Dependent key="67" type="60" displayName="Information" parentDisplayName="Account" id="{b053a39a-041a-4356-acef-ddf00182762b}" />
      </MissingDependency>
      <MissingDependency>
        <Required key="72" type="26" schemaName="Active Services" displayName="Active Services" parentSchemaName="service" parentDisplayName="Service" solution="System" id="{2bd4de5e-a7b4-4f5d-8fde-eb3b62d8e2b2}" />
        <Dependent key="65" type="60" displayName="Information" parentDisplayName="Contact" id="{894cc46a-b0cb-4ab0-8bf6-200544e46a2d}" />
      </MissingDependency>
      <MissingDependency>
        <Required key="73" type="26" schemaName="Price List Lookup View" displayName="Price List Lookup View" parentSchemaName="pricelevel" parentDisplayName="Price List" solution="System" id="{ee499892-35e1-4d07-a1b7-bb69fe9bfd42}" />
        <Dependent key="62" type="60" displayName="Opportunity Details Web Form" parentDisplayName="Opportunity" id="{a20be4be-53ef-42dd-bccc-9ed80caded8e}" />
      </MissingDependency>
      <MissingDependency>
        <Required key="73" type="26" schemaName="Price List Lookup View" displayName="Price List Lookup View" parentSchemaName="pricelevel" parentDisplayName="Price List" solution="System" id="{ee499892-35e1-4d07-a1b7-bb69fe9bfd42}" />
        <Dependent key="63" type="60" displayName="Opportunity Create Form" parentDisplayName="Opportunity" id="{14439f51-aa36-4324-9b6c-258658dc61f8}" />
      </MissingDependency>
      <MissingDependency>
        <Required key="74" type="26" schemaName="Opportunity Product Associated View" displayName="Opportunity Product Associated View" parentSchemaName="opportunityproduct" parentDisplayName="Opportunity Product" solution="System" id="{57e13b8f-1788-4c77-9bd4-427a0f71e986}" />
        <Dependent key="50" type="60" displayName="Partner Details" parentDisplayName="Opportunity" id="{95ba4a68-785b-46a2-9860-e54c4efed540}" />
      </MissingDependency>
      <MissingDependency>
        <Required key="75" type="1" schemaName="adx_bingmaplookup" displayName="Bing Map Lookup" solution="AdxstudioCRM2011ProductivityPack (1.0.0032)" />
        <Dependent key="76" type="92" id="{93149efa-a054-e411-9446-00155d03b502}" />
      </MissingDependency>
      <MissingDependency>
        <Required key="77" type="61" schemaName="msdyn_/ActivityFeeds.Form.js" displayName="msdyn_/ActivityFeeds.Form.js" solution="ActivityFeedsCore (6.1.2.112)" />
        <Dependent key="65" type="60" displayName="Information" parentDisplayName="Contact" id="{894cc46a-b0cb-4ab0-8bf6-200544e46a2d}" />
      </MissingDependency>
      <MissingDependency>
        <Required key="77" type="61" schemaName="msdyn_/ActivityFeeds.Form.js" displayName="msdyn_/ActivityFeeds.Form.js" solution="ActivityFeedsCore (6.1.2.112)" />
        <Dependent key="66" type="60" displayName="Information" parentDisplayName="Lead" id="{9886ead0-4fcc-4747-9a18-08e7a9a6de71}" />
      </MissingDependency>
      <MissingDependency>
        <Required key="77" type="61" schemaName="msdyn_/ActivityFeeds.Form.js" displayName="msdyn_/ActivityFeeds.Form.js" solution="ActivityFeedsCore (6.1.2.112)" />
        <Dependent key="68" type="60" displayName="Information" parentDisplayName="Opportunity" id="{a2a56263-ec37-4991-a3b0-e7b37a71d818}" />
      </MissingDependency>
      <MissingDependency>
        <Required key="77" type="61" schemaName="msdyn_/ActivityFeeds.Form.js" displayName="msdyn_/ActivityFeeds.Form.js" solution="ActivityFeedsCore (6.1.2.112)" />
        <Dependent key="67" type="60" displayName="Information" parentDisplayName="Account" id="{b053a39a-041a-4356-acef-ddf00182762b}" />
      </MissingDependency>
      <MissingDependency>
        <Required key="78" type="61" schemaName="Contact_main_system_library.js" displayName="Contact_main_system_library.js" solution="System" />
        <Dependent key="1" type="60" displayName="Opportunity Contact Web Form" parentDisplayName="Contact" id="{adcd7acb-c422-4aeb-9d14-a103607876b9}" />
      </MissingDependency>
      <MissingDependency>
        <Required key="78" type="61" schemaName="Contact_main_system_library.js" displayName="Contact_main_system_library.js" solution="System" />
        <Dependent key="55" type="60" displayName="Contact Web Form" parentDisplayName="Contact" id="{657bed95-e04a-4cab-965f-899ca32e1a11}" />
      </MissingDependency>
      <MissingDependency>
        <Required key="79" type="61" schemaName="msa_icon_access_permissions_16.png" displayName="msa_icon_access_permissions_16.png" solution="AdxstudioPortalsDependencies (1.0.0031)" />
        <Dependent key="80" type="1" schemaName="adx_channelpermissions" displayName="Channel Permissions" />
      </MissingDependency>
      <MissingDependency>
        <Required key="79" type="61" schemaName="msa_icon_access_permissions_16.png" displayName="msa_icon_access_permissions_16.png" solution="AdxstudioPortalsDependencies (1.0.0031)" />
        <Dependent key="81" type="1" schemaName="adx_opportunitypermissions" displayName="Opportunity Permissions" />
      </MissingDependency>
      <MissingDependency>
        <Required key="82" type="61" schemaName="msdyn_/RecordWall.htm" displayName="msdyn_/RecordWall.htm" solution="ActivityFeedsCore (6.1.2.112)" />
        <Dependent key="66" type="60" displayName="Information" parentDisplayName="Lead" id="{9886ead0-4fcc-4747-9a18-08e7a9a6de71}" />
      </MissingDependency>
      <MissingDependency>
        <Required key="82" type="61" schemaName="msdyn_/RecordWall.htm" displayName="msdyn_/RecordWall.htm" solution="ActivityFeedsCore (6.1.2.112)" />
        <Dependent key="65" type="60" displayName="Information" parentDisplayName="Contact" id="{894cc46a-b0cb-4ab0-8bf6-200544e46a2d}" />
      </MissingDependency>
      <MissingDependency>
        <Required key="82" type="61" schemaName="msdyn_/RecordWall.htm" displayName="msdyn_/RecordWall.htm" solution="ActivityFeedsCore (6.1.2.112)" />
        <Dependent key="68" type="60" displayName="Information" parentDisplayName="Opportunity" id="{a2a56263-ec37-4991-a3b0-e7b37a71d818}" />
      </MissingDependency>
      <MissingDependency>
        <Required key="82" type="61" schemaName="msdyn_/RecordWall.htm" displayName="msdyn_/RecordWall.htm" solution="ActivityFeedsCore (6.1.2.112)" />
        <Dependent key="67" type="60" displayName="Information" parentDisplayName="Account" id="{b053a39a-041a-4356-acef-ddf00182762b}" />
      </MissingDependency>
      <MissingDependency>
        <Required key="83" type="61" schemaName="msa_icon_access_permissions_32.png" displayName="msa_icon_access_permissions_32.png" solution="AdxstudioPortalsDependencies (1.0.0031)" />
        <Dependent key="80" type="1" schemaName="adx_channelpermissions" displayName="Channel Permissions" />
      </MissingDependency>
      <MissingDependency>
        <Required key="83" type="61" schemaName="msa_icon_access_permissions_32.png" displayName="msa_icon_access_permissions_32.png" solution="AdxstudioPortalsDependencies (1.0.0031)" />
        <Dependent key="81" type="1" schemaName="adx_opportunitypermissions" displayName="Opportunity Permissions" />
      </MissingDependency>
      <MissingDependency>
        <Required key="84" type="61" schemaName="Account_main_system_library.js" displayName="Account_main_system_library.js" solution="System" />
        <Dependent key="58" type="60" displayName="Account Web Form" parentDisplayName="Account" id="{c29a9cdd-aef1-402d-ac6c-01da783afbbf}" />
      </MissingDependency>
      <MissingDependency>
        <Required key="84" type="61" schemaName="Account_main_system_library.js" displayName="Account_main_system_library.js" solution="System" />
        <Dependent key="51" type="60" displayName="Partner Details" parentDisplayName="Account" id="{6e4f41f8-653a-48f7-9c4c-aad8c675f86d}" />
      </MissingDependency>
      <MissingDependency>
        <Required key="85" type="61" schemaName="Opportunity_main_system_library.js" displayName="Opportunity_main_system_library.js" solution="System" />
        <Dependent key="63" type="60" displayName="Opportunity Create Form" parentDisplayName="Opportunity" id="{14439f51-aa36-4324-9b6c-258658dc61f8}" />
      </MissingDependency>
      <MissingDependency>
        <Required key="85" type="61" schemaName="Opportunity_main_system_library.js" displayName="Opportunity_main_system_library.js" solution="System" />
        <Dependent key="62" type="60" displayName="Opportunity Details Web Form" parentDisplayName="Opportunity" id="{a20be4be-53ef-42dd-bccc-9ed80caded8e}" />
      </MissingDependency>
      <MissingDependency>
        <Required key="86" type="61" schemaName="adx_icon_nav_cms_small" displayName="adx_icon_nav_cms_small" solution="AdxstudioPortals (7.0.0060)" />
        <Dependent key="86" type="61" schemaName="adx_icon_nav_cms_small" displayName="adx_icon_nav_cms_small" />
      </MissingDependency>
    </MissingDependencies>
  </SolutionManifest>
</ImportExportXml>