﻿<?xml version="1.0" encoding="utf-8"?>
<ImportExportXml version="6.1.0003.0119" SolutionPackageVersion="6.0" languagecode="1033" generatedBy="OnPremise" xmlns:xsi="http://www.w3.org/2001/XMLSchema-instance">
  <SolutionManifest>
    <UniqueName>AdxstudioServiceRequest</UniqueName>
    <LocalizedNames>
      <LocalizedName description="Adxstudio Service Request" languagecode="1033" />
    </LocalizedNames>
    <Descriptions>
      <Description description="Extends Adxstudio Portals with service requests." languagecode="1033" />
    </Descriptions>
    <Version>7.0.0015</Version>
    <Managed>1</Managed>
    <Publisher>
      <UniqueName>adxstudio</UniqueName>
      <LocalizedNames>
        <LocalizedName description="Adxstudio Inc." languagecode="1033" />
      </LocalizedNames>
      <Descriptions>
        <Description description="Adxstudio brings qualified expertise in web portal and CMS frameworks to Microsoft Dynamics CRM with xRM Portals (CfMD), an integrated bundle of web portal accelerators which add sophisticated content management, event coordination, membership, profile and self-service capabilities to Dynamics CRM." languagecode="1033" />
      </Descriptions>
      <EMailAddress>support@adxstudio.com</EMailAddress>
      <SupportingWebsiteUrl>http://www.adxstudio.com</SupportingWebsiteUrl>
      <CustomizationPrefix>adx</CustomizationPrefix>
      <CustomizationOptionValuePrefix>75615</CustomizationOptionValuePrefix>
      <Addresses>
        <Address>
          <AddressNumber>1</AddressNumber>
          <AddressTypeCode>1</AddressTypeCode>
          <City xsi:nil="true"></City>
          <County xsi:nil="true"></County>
          <Country xsi:nil="true"></Country>
          <Fax xsi:nil="true"></Fax>
          <FreightTermsCode xsi:nil="true"></FreightTermsCode>
          <ImportSequenceNumber xsi:nil="true"></ImportSequenceNumber>
          <Latitude xsi:nil="true"></Latitude>
          <Line1 xsi:nil="true"></Line1>
          <Line2 xsi:nil="true"></Line2>
          <Line3 xsi:nil="true"></Line3>
          <Longitude xsi:nil="true"></Longitude>
          <Name xsi:nil="true"></Name>
          <PostalCode xsi:nil="true"></PostalCode>
          <PostOfficeBox xsi:nil="true"></PostOfficeBox>
          <PrimaryContactName xsi:nil="true"></PrimaryContactName>
          <ShippingMethodCode>1</ShippingMethodCode>
          <StateOrProvince xsi:nil="true"></StateOrProvince>
          <Telephone1 xsi:nil="true"></Telephone1>
          <Telephone2 xsi:nil="true"></Telephone2>
          <Telephone3 xsi:nil="true"></Telephone3>
          <TimeZoneRuleVersionNumber xsi:nil="true"></TimeZoneRuleVersionNumber>
          <UPSZone xsi:nil="true"></UPSZone>
          <UTCOffset xsi:nil="true"></UTCOffset>
          <UTCConversionTimeZoneCode xsi:nil="true"></UTCConversionTimeZoneCode>
        </Address>
        <Address>
          <AddressNumber>2</AddressNumber>
          <AddressTypeCode>1</AddressTypeCode>
          <City xsi:nil="true"></City>
          <County xsi:nil="true"></County>
          <Country xsi:nil="true"></Country>
          <Fax xsi:nil="true"></Fax>
          <FreightTermsCode xsi:nil="true"></FreightTermsCode>
          <ImportSequenceNumber xsi:nil="true"></ImportSequenceNumber>
          <Latitude xsi:nil="true"></Latitude>
          <Line1 xsi:nil="true"></Line1>
          <Line2 xsi:nil="true"></Line2>
          <Line3 xsi:nil="true"></Line3>
          <Longitude xsi:nil="true"></Longitude>
          <Name xsi:nil="true"></Name>
          <PostalCode xsi:nil="true"></PostalCode>
          <PostOfficeBox xsi:nil="true"></PostOfficeBox>
          <PrimaryContactName xsi:nil="true"></PrimaryContactName>
          <ShippingMethodCode>1</ShippingMethodCode>
          <StateOrProvince xsi:nil="true"></StateOrProvince>
          <Telephone1 xsi:nil="true"></Telephone1>
          <Telephone2 xsi:nil="true"></Telephone2>
          <Telephone3 xsi:nil="true"></Telephone3>
          <TimeZoneRuleVersionNumber xsi:nil="true"></TimeZoneRuleVersionNumber>
          <UPSZone xsi:nil="true"></UPSZone>
          <UTCOffset xsi:nil="true"></UTCOffset>
          <UTCConversionTimeZoneCode xsi:nil="true"></UTCConversionTimeZoneCode>
        </Address>
      </Addresses>
    </Publisher>
    <RootComponents>
      <RootComponent type="1" schemaName="adx_311alert" />
      <RootComponent type="1" schemaName="adx_311dialog" />
      <RootComponent type="1" schemaName="adx_311dialogsession" />
      <RootComponent type="1" schemaName="adx_servicerequest" />
      <RootComponent type="1" schemaName="adx_servicerequesttype" />
      <RootComponent type="1" schemaName="kbarticle" />
      <RootComponent type="9" schemaName="adx_servicerequestduplicatestatus" />
      <RootComponent type="9" schemaName="adx_servicerequestpriority" />
      <RootComponent type="9" schemaName="adx_servicestatus" />
      <RootComponent type="20" id="{0c50dd64-e7b2-e211-83ca-00155d5183a0}" />
      <RootComponent type="20" id="{28410239-9bbd-e211-abaf-00155d5187aa}" />
      <RootComponent type="20" id="{61d306cc-8bbd-e211-abaf-00155d5187aa}" />
      <RootComponent type="31" id="{345c8d0a-1055-e211-b64a-00155d036906}" />
      <RootComponent type="60" id="{17b1c5cc-cebc-e211-abaf-00155d5187aa}" />
      <RootComponent type="60" id="{2dc49445-cdb1-e211-91b9-00155d036906}" />
      <RootComponent type="60" id="{4eae219a-edbc-e211-abaf-00155d5187aa}" />
      <RootComponent type="60" id="{c2726850-0c55-e211-b64a-00155d036906}" />
      <RootComponent type="61" schemaName="adx_311alert_icon_16x16.png" />
      <RootComponent type="61" schemaName="adx_311alert_icon_32x32.png" />
      <RootComponent type="61" schemaName="adx_311dialog_icon16x16.png" />
      <RootComponent type="61" schemaName="adx_311dialog_icon32x32.png" />
      <RootComponent type="61" schemaName="adx_contact_servicerequest_map/alert_map_icon.png" />
      <RootComponent type="61" schemaName="adx_contact_servicerequest_map/index.html" />
      <RootComponent type="61" schemaName="adx_contact_servicerequest_map/loader.gif" />
      <RootComponent type="61" schemaName="adx_contact_servicerequest_map/map.css" />
      <RootComponent type="61" schemaName="adx_contact_servicerequest_map/map.js" />
      <RootComponent type="61" schemaName="adx_contact_servicerequest_map/pin.png" />
      <RootComponent type="61" schemaName="adx_kbsample.js" />
      <RootComponent type="61" schemaName="adx_map_icon_16x16.png" />
      <RootComponent type="61" schemaName="adx_map_icon_32x32.png" />
      <RootComponent type="61" schemaName="adx_rundialog.js" />
      <RootComponent type="61" schemaName="adx_scripts/jquery.timeago.js" />
      <RootComponent type="61" schemaName="adx_scripts/jquery.tmpl.min.js" />
      <RootComponent type="61" schemaName="adx_scripts/jquery1.9.1.min.js" />
      <RootComponent type="61" schemaName="adx_scripts/json2.js" />
      <RootComponent type="61" schemaName="adx_scripts/twitter/feed.html" />
      <RootComponent type="61" schemaName="adx_scripts/twitter/twitter.css" />
      <RootComponent type="61" schemaName="adx_scripts/twitter/twitter.js" />
      <RootComponent type="61" schemaName="adx_servicerequestmap/adx.map.css" />
      <RootComponent type="61" schemaName="adx_servicerequestmap/adx.map.js" />
      <RootComponent type="61" schemaName="adx_servicerequestmap/alert_map_icon.png" />
      <RootComponent type="61" schemaName="adx_servicerequestmap/bing_heatmap_module.js" />
      <RootComponent type="61" schemaName="adx_servicerequestmap/heatmap.html" />
      <RootComponent type="61" schemaName="adx_servicerequestmap/heatmap.js" />
      <RootComponent type="61" schemaName="adx_servicerequestmap/index.html" />
      <RootComponent type="61" schemaName="adx_servicerequestmap/loader.gif" />
      <RootComponent type="61" schemaName="adx_servicerequesttype.js" />
      <RootComponent type="61" schemaName="adx_servicerequesttype_icon_16x16.png" />
      <RootComponent type="61" schemaName="adx_servicerequesttype_icon_32x32.png" />
      <RootComponent type="61" schemaName="adx_servicerequest_icon_16x16.png" />
      <RootComponent type="61" schemaName="adx_servicerequest_icon_32x32.png" />
      <RootComponent type="61" schemaName="adx_sms_icon_16x16.png" />
      <RootComponent type="61" schemaName="adx_sms_icon_32x32.png" />
      <RootComponent type="62" />
      <RootComponent type="91" schemaName="Adxstudio.Xrm.Plugins.Service311, Version=5.1.0.9, Culture=neutral, PublicKeyToken=6658450043d93140" />
      <RootComponent type="91" schemaName="Adxstudio.Xrm.Plugins.ServiceRequest, Version=5.1.0.0, Culture=neutral, PublicKeyToken=6658450043d93140" />
      <RootComponent type="92" id="{3cd0c8ca-e52a-e311-9629-00155d039901}" />
      <RootComponent type="92" id="{3d160202-e52a-e311-9629-00155d039901}" />
      <RootComponent type="92" id="{4a3208c4-e52a-e311-9629-00155d039901}" />
      <RootComponent type="92" id="{5e14e3e0-e42a-e311-9629-00155d039901}" />
      <RootComponent type="92" id="{5fde5462-e52a-e311-9629-00155d039901}" />
      <RootComponent type="92" id="{704d3bd7-14a6-e211-b2ea-00155d036906}" />
      <RootComponent type="92" id="{9131638e-e52a-e311-9629-00155d039901}" />
      <RootComponent type="92" id="{994fd173-e52a-e311-9629-00155d039901}" />
      <RootComponent type="92" id="{a0bebaeb-e42a-e311-9629-00155d039901}" />
      <RootComponent type="92" id="{ad05377a-e52a-e311-9629-00155d039901}" />
      <RootComponent type="92" id="{c43bdfe6-e52a-e311-9629-00155d039901}" />
      <RootComponent type="92" id="{d3600bee-e52a-e311-9629-00155d039901}" />
      <RootComponent type="92" id="{d482d7d2-e52a-e311-9629-00155d039901}" />
      <RootComponent type="92" id="{f25934c8-14a6-e211-b2ea-00155d036906}" />
      <RootComponent type="92" id="{f28ba9d4-e42a-e311-9629-00155d039901}" />
      <RootComponent type="92" id="{f3f99385-e52a-e311-9629-00155d039901}" />
      <RootComponent type="92" id="{f63e74f2-e42a-e311-9629-00155d039901}" />
      <RootComponent type="92" id="{f992aafa-e42a-e311-9629-00155d039901}" />
    </RootComponents>
    <MissingDependencies>
      <MissingDependency>
        <Required key="0" type="1" schemaName="adx_websitebinding" displayName="Website Binding" solution="AdxstudioPortals (7.0.0058)" />
        <Dependent key="1" type="62" id="{17a3a638-e33c-e311-93f9-00155d03a503}" />
      </MissingDependency>
      <MissingDependency>
        <Required key="2" type="1" schemaName="adx_poll" displayName="Poll" solution="AdxstudioPortals (7.0.0058)" />
        <Dependent key="1" type="62" id="{17a3a638-e33c-e311-93f9-00155d03a503}" />
      </MissingDependency>
      <MissingDependency>
        <Required key="3" type="1" schemaName="adx_webpageaccesscontrolrule" displayName="Web Page Access Control Rule" solution="AdxstudioPortals (7.0.0058)" />
        <Dependent key="1" type="62" id="{17a3a638-e33c-e311-93f9-00155d03a503}" />
      </MissingDependency>
      <MissingDependency>
        <Required key="4" type="1" schemaName="adx_weblinkset" displayName="Web Link Set" solution="AdxstudioPortalsDependencies (1.0.0030)" />
        <Dependent key="1" type="62" id="{17a3a638-e33c-e311-93f9-00155d03a503}" />
      </MissingDependency>
      <MissingDependency>
        <Required key="5" type="1" schemaName="adx_redirect" displayName="Redirect" solution="AdxstudioPortals (7.0.0058)" />
        <Dependent key="1" type="62" id="{17a3a638-e33c-e311-93f9-00155d03a503}" />
      </MissingDependency>
      <MissingDependency>
        <Required key="6" type="1" schemaName="adx_ad" displayName="Ad" solution="AdxstudioPortals (7.0.0058)" />
        <Dependent key="1" type="62" id="{17a3a638-e33c-e311-93f9-00155d03a503}" />
      </MissingDependency>
      <MissingDependency>
        <Required key="7" type="1" schemaName="adx_contentsnippet" displayName="Content Snippet" solution="AdxstudioPortalsDependencies (1.0.0030)" />
        <Dependent key="1" type="62" id="{17a3a638-e33c-e311-93f9-00155d03a503}" />
      </MissingDependency>
      <MissingDependency>
        <Required key="8" type="1" schemaName="msdyn_postconfig" displayName="Post Configuration" solution="ActivityFeedsCore (6.1.3.119)" />
        <Dependent key="1" type="62" id="{17a3a638-e33c-e311-93f9-00155d03a503}" />
      </MissingDependency>
      <MissingDependency>
        <Required key="9" type="1" schemaName="adx_pagetemplate" displayName="Page Template" solution="AdxstudioPortalsDependencies (1.0.0030)" />
        <Dependent key="1" type="62" id="{17a3a638-e33c-e311-93f9-00155d03a503}" />
      </MissingDependency>
      <MissingDependency>
        <Required key="10" type="1" schemaName="adx_setting" displayName="Setting" solution="AdxstudioCRM2011ProductivityPack (1.0.0030)" />
        <Dependent key="1" type="62" id="{17a3a638-e33c-e311-93f9-00155d03a503}" />
      </MissingDependency>
      <MissingDependency>
        <Required key="11" type="1" schemaName="adx_webpage" displayName="Web Page" solution="AdxstudioPortalsDependencies (1.0.0030)" />
        <Dependent key="1" type="62" id="{17a3a638-e33c-e311-93f9-00155d03a503}" />
      </MissingDependency>
      <MissingDependency>
        <Required key="12" type="1" schemaName="adx_licensekey" displayName="Adxstudio License Key" solution="AdxstudioPortals (7.0.0058)" />
        <Dependent key="1" type="62" id="{17a3a638-e33c-e311-93f9-00155d03a503}" />
      </MissingDependency>
      <MissingDependency>
        <Required key="13" type="1" schemaName="adx_autonumberingdefinition" displayName="Auto Numbering Definition" solution="AdxstudioCRM2011ProductivityPack (1.0.0030)" />
        <Dependent key="1" type="62" id="{17a3a638-e33c-e311-93f9-00155d03a503}" />
      </MissingDependency>
      <MissingDependency>
        <Required key="13" type="1" schemaName="adx_autonumberingdefinition" displayName="Auto Numbering Definition" solution="AdxstudioCRM2011ProductivityPack (1.0.0030)" />
        <Dependent key="14" type="10" schemaName="adx_servicerequesttype_autonumberingdefinition" displayName="adx_servicerequesttype_autonumberingdefinition" parentSchemaName="adx_servicerequesttype" parentDisplayName="Service Request Type" />
      </MissingDependency>
      <MissingDependency>
        <Required key="15" type="1" schemaName="adx_websiteaccess" displayName="Website Access" solution="AdxstudioPortals (7.0.0058)" />
        <Dependent key="1" type="62" id="{17a3a638-e33c-e311-93f9-00155d03a503}" />
      </MissingDependency>
      <MissingDependency>
        <Required key="16" type="1" schemaName="adx_publishingstatetransitionrule" displayName="Publishing State Transition Rule" solution="AdxstudioPortals (7.0.0058)" />
        <Dependent key="1" type="62" id="{17a3a638-e33c-e311-93f9-00155d03a503}" />
      </MissingDependency>
      <MissingDependency>
        <Required key="17" type="1" schemaName="adx_pollplacement" displayName="Poll Placement" solution="AdxstudioPortals (7.0.0058)" />
        <Dependent key="1" type="62" id="{17a3a638-e33c-e311-93f9-00155d03a503}" />
      </MissingDependency>
      <MissingDependency>
        <Required key="18" type="1" schemaName="adx_shortcut" displayName="Shortcut" solution="AdxstudioPortals (7.0.0058)" />
        <Dependent key="1" type="62" id="{17a3a638-e33c-e311-93f9-00155d03a503}" />
      </MissingDependency>
      <MissingDependency>
        <Required key="19" type="1" schemaName="msdyn_postruleconfig" displayName="Post Rule Configuration" solution="ActivityFeedsCore (6.1.3.119)" />
        <Dependent key="1" type="62" id="{17a3a638-e33c-e311-93f9-00155d03a503}" />
      </MissingDependency>
      <MissingDependency>
        <Required key="20" type="1" schemaName="adx_contactaccess" displayName="Contact Access" solution="AdxstudioPortalsDependencies (1.0.0030)" />
        <Dependent key="1" type="62" id="{17a3a638-e33c-e311-93f9-00155d03a503}" />
      </MissingDependency>
      <MissingDependency>
        <Required key="21" type="1" schemaName="adx_sitemarker" displayName="Site Marker" solution="AdxstudioPortalsDependencies (1.0.0030)" />
        <Dependent key="1" type="62" id="{17a3a638-e33c-e311-93f9-00155d03a503}" />
      </MissingDependency>
      <MissingDependency>
        <Required key="22" type="1" schemaName="adx_webrole" displayName="Web Role" solution="AdxstudioPortalsDependencies (1.0.0030)" />
        <Dependent key="1" type="62" id="{17a3a638-e33c-e311-93f9-00155d03a503}" />
      </MissingDependency>
      <MissingDependency>
        <Required key="23" type="1" schemaName="adx_webnotificationurl" displayName="Web Notification URL" solution="AdxstudioPortalsDependencies (1.0.0030)" />
        <Dependent key="1" type="62" id="{17a3a638-e33c-e311-93f9-00155d03a503}" />
      </MissingDependency>
      <MissingDependency>
        <Required key="24" type="1" schemaName="adx_entityform" displayName="Entity Form" solution="AdxstudioWebForms (7.0.0085)" />
        <Dependent key="1" type="62" id="{17a3a638-e33c-e311-93f9-00155d03a503}" />
      </MissingDependency>
      <MissingDependency>
        <Required key="25" type="1" schemaName="adx_accountaccess" displayName="Account Access" solution="AdxstudioPortalsDependencies (1.0.0030)" />
        <Dependent key="1" type="62" id="{17a3a638-e33c-e311-93f9-00155d03a503}" />
      </MissingDependency>
      <MissingDependency>
        <Required key="26" type="1" schemaName="adx_sitesetting" displayName="Site Setting" solution="AdxstudioPortalsDependencies (1.0.0030)" />
        <Dependent key="1" type="62" id="{17a3a638-e33c-e311-93f9-00155d03a503}" />
      </MissingDependency>
      <MissingDependency>
        <Required key="27" type="1" schemaName="adx_webform" displayName="Web Form" solution="AdxstudioWebForms (7.0.0085)" />
        <Dependent key="28" type="10" schemaName="adx_servicerequesttype_webform" displayName="adx_servicerequesttype_webform" parentSchemaName="adx_servicerequesttype" parentDisplayName="Service Request Type" />
      </MissingDependency>
      <MissingDependency>
        <Required key="27" type="1" schemaName="adx_webform" displayName="Web Form" solution="AdxstudioWebForms (7.0.0085)" />
        <Dependent key="1" type="62" id="{17a3a638-e33c-e311-93f9-00155d03a503}" />
      </MissingDependency>
      <MissingDependency>
        <Required key="29" type="1" schemaName="adx_website" displayName="Website" solution="AdxstudioPortalsDependencies (1.0.0030)" />
        <Dependent key="1" type="62" id="{17a3a638-e33c-e311-93f9-00155d03a503}" />
      </MissingDependency>
      <MissingDependency>
        <Required key="30" type="1" schemaName="adx_entitylist" displayName="Entity List" solution="AdxstudioWebForms (7.0.0085)" />
        <Dependent key="1" type="62" id="{17a3a638-e33c-e311-93f9-00155d03a503}" />
      </MissingDependency>
      <MissingDependency>
        <Required key="31" type="1" schemaName="adx_caseaccess" displayName="Case Access" solution="AdxstudioPortalsDependencies (1.0.0030)" />
        <Dependent key="1" type="62" id="{17a3a638-e33c-e311-93f9-00155d03a503}" />
      </MissingDependency>
      <MissingDependency>
        <Required key="32" type="1" schemaName="adx_webfile" displayName="Web File" solution="AdxstudioPortalsDependencies (1.0.0030)" />
        <Dependent key="1" type="62" id="{17a3a638-e33c-e311-93f9-00155d03a503}" />
      </MissingDependency>
      <MissingDependency>
        <Required key="33" type="1" schemaName="adx_adplacement" displayName="Ad Placement" solution="AdxstudioPortals (7.0.0058)" />
        <Dependent key="1" type="62" id="{17a3a638-e33c-e311-93f9-00155d03a503}" />
      </MissingDependency>
      <MissingDependency>
        <Required key="34" type="2" schemaName="adx_name" displayName="Name" parentSchemaName="adx_webform" parentDisplayName="Web Form" solution="AdxstudioWebForms (7.0.0085)" />
        <Dependent key="28" type="10" schemaName="adx_servicerequesttype_webform" displayName="adx_servicerequesttype_webform" parentSchemaName="adx_servicerequesttype" parentDisplayName="Service Request Type" />
      </MissingDependency>
      <MissingDependency>
        <Required key="34" type="2" schemaName="adx_name" displayName="Name" parentSchemaName="adx_webform" parentDisplayName="Web Form" solution="AdxstudioWebForms (7.0.0085)" />
        <Dependent key="28" type="10" schemaName="adx_servicerequesttype_webform" displayName="adx_servicerequesttype_webform" parentSchemaName="adx_servicerequesttype" parentDisplayName="Service Request Type" />
      </MissingDependency>
      <MissingDependency>
        <Required key="35" type="2" schemaName="adx_autonumberingdefinitionid" displayName="Auto Numbering Definition" parentSchemaName="adx_autonumberingdefinition" parentDisplayName="Auto Numbering Definition" solution="AdxstudioCRM2011ProductivityPack (1.0.0030)" />
        <Dependent key="14" type="10" schemaName="adx_servicerequesttype_autonumberingdefinition" displayName="adx_servicerequesttype_autonumberingdefinition" parentSchemaName="adx_servicerequesttype" parentDisplayName="Service Request Type" />
      </MissingDependency>
      <MissingDependency>
        <Required key="36" type="2" schemaName="adx_webformid" displayName="Web Form" parentSchemaName="adx_webform" parentDisplayName="Web Form" solution="AdxstudioWebForms (7.0.0085)" />
        <Dependent key="28" type="10" schemaName="adx_servicerequesttype_webform" displayName="adx_servicerequesttype_webform" parentSchemaName="adx_servicerequesttype" parentDisplayName="Service Request Type" />
      </MissingDependency>
      <MissingDependency>
        <Required key="37" type="2" schemaName="adx_name" displayName="Name" parentSchemaName="adx_autonumberingdefinition" parentDisplayName="Auto Numbering Definition" solution="AdxstudioCRM2011ProductivityPack (1.0.0030)" />
        <Dependent key="14" type="10" schemaName="adx_servicerequesttype_autonumberingdefinition" displayName="adx_servicerequesttype_autonumberingdefinition" parentSchemaName="adx_servicerequesttype" parentDisplayName="Service Request Type" />
      </MissingDependency>
      <MissingDependency>
        <Required key="37" type="2" schemaName="adx_name" displayName="Name" parentSchemaName="adx_autonumberingdefinition" parentDisplayName="Auto Numbering Definition" solution="AdxstudioCRM2011ProductivityPack (1.0.0030)" />
        <Dependent key="14" type="10" schemaName="adx_servicerequesttype_autonumberingdefinition" displayName="adx_servicerequesttype_autonumberingdefinition" parentSchemaName="adx_servicerequesttype" parentDisplayName="Service Request Type" />
      </MissingDependency>
      <MissingDependency>
        <Required key="38" type="2" schemaName="msa_publishtoweb" displayName="Publish to Web" parentSchemaName="kbarticle" parentDisplayName="Article" solution="AdxstudioPortalsDependencies (1.0.0030)" />
        <Dependent key="38" type="2" schemaName="msa_publishtoweb" displayName="Publish to Web" parentSchemaName="kbarticle" parentDisplayName="Article" />
      </MissingDependency>
      <MissingDependency>
        <Required key="39" type="10" schemaName="adx_kbarticle_kbarticle" displayName="adx_kbarticle_kbarticle" parentSchemaName="kbarticle" parentDisplayName="Article" solution="AdxstudioPortals (7.0.0058)" />
        <Dependent key="39" type="10" schemaName="adx_kbarticle_kbarticle" displayName="adx_kbarticle_kbarticle" parentSchemaName="kbarticle" parentDisplayName="Article" />
      </MissingDependency>
      <MissingDependency>
        <Required key="39" type="10" schemaName="adx_kbarticle_kbarticle" displayName="adx_kbarticle_kbarticle" parentSchemaName="kbarticle" parentDisplayName="Article" solution="AdxstudioPortals (7.0.0058)" />
        <Dependent key="39" type="10" schemaName="adx_kbarticle_kbarticle" displayName="adx_kbarticle_kbarticle" parentSchemaName="kbarticle" parentDisplayName="Article" />
      </MissingDependency>
      <MissingDependency>
        <Required key="40" type="9" schemaName="msa_publishtoweb_kbarticle" displayName="Publish to Web" solution="AdxstudioPortalsDependencies (1.0.0030)" />
        <Dependent key="40" type="9" schemaName="msa_publishtoweb_kbarticle" displayName="Publish to Web" />
      </MissingDependency>
      <MissingDependency>
        <Required key="40" type="9" schemaName="msa_publishtoweb_kbarticle" displayName="Publish to Web" solution="AdxstudioPortalsDependencies (1.0.0030)" />
        <Dependent key="40" type="9" schemaName="msa_publishtoweb_kbarticle" displayName="Publish to Web" />
      </MissingDependency>
      <MissingDependency>
        <Required key="40" type="9" schemaName="msa_publishtoweb_kbarticle" displayName="Publish to Web" solution="AdxstudioPortalsDependencies (1.0.0030)" />
        <Dependent key="40" type="9" schemaName="msa_publishtoweb_kbarticle" displayName="Publish to Web" />
      </MissingDependency>
      <MissingDependency>
        <Required key="13" type="1" schemaName="adx_autonumberingdefinition" displayName="Auto Numbering Definition" solution="AdxstudioCRM2011ProductivityPack (1.0.0030)" />
        <Dependent key="14" type="10" schemaName="adx_servicerequesttype_autonumberingdefinition" displayName="adx_servicerequesttype_autonumberingdefinition" parentSchemaName="adx_servicerequesttype" parentDisplayName="Service Request Type" />
      </MissingDependency>
      <MissingDependency>
        <Required key="41" type="1" schemaName="workflow" displayName="Process" solution="System" />
        <Dependent key="42" type="10" schemaName="adx_workflow_311dialog" displayName="adx_workflow_311dialog" parentSchemaName="adx_311dialog" parentDisplayName="311 Dialog" />
      </MissingDependency>
      <MissingDependency>
        <Required key="43" type="1" schemaName="contact" displayName="Contact" solution="System" />
        <Dependent key="44" type="10" schemaName="adx_contact_311dialogsession" displayName="adx_contact_311dialogsession" parentSchemaName="adx_311dialogsession" parentDisplayName="311 Dialog Session" />
      </MissingDependency>
      <MissingDependency>
        <Required key="43" type="1" schemaName="contact" displayName="Contact" solution="System" />
        <Dependent key="45" type="10" schemaName="adx_servicerequest_regardingcontact" displayName="adx_servicerequest_regardingcontact" parentSchemaName="adx_servicerequest" parentDisplayName="Service Request" />
      </MissingDependency>
      <MissingDependency>
        <Required key="46" type="1" schemaName="subject" displayName="Subject" solution="System" />
        <Dependent key="47" type="10" schemaName="adx_servicerequesttype_subject" displayName="adx_servicerequesttype_subject" parentSchemaName="adx_servicerequesttype" parentDisplayName="Service Request Type" />
      </MissingDependency>
      <MissingDependency>
        <Required key="27" type="1" schemaName="adx_webform" displayName="Web Form" solution="AdxstudioWebForms (7.0.0085)" />
        <Dependent key="28" type="10" schemaName="adx_servicerequesttype_webform" displayName="adx_servicerequesttype_webform" parentSchemaName="adx_servicerequesttype" parentDisplayName="Service Request Type" />
      </MissingDependency>
      <MissingDependency>
        <Required key="48" type="1" schemaName="lead" displayName="Lead" solution="System" />
        <Dependent key="49" type="10" schemaName="adx_servicerequest_regardinglead" displayName="adx_servicerequest_regardinglead" parentSchemaName="adx_servicerequest" parentDisplayName="Service Request" />
      </MissingDependency>
      <MissingDependency>
        <Required key="46" type="1" schemaName="subject" displayName="Subject" solution="System" />
        <Dependent key="50" type="10" schemaName="adx_311alert_subject" displayName="adx_311alert_subject" parentSchemaName="adx_311alert" parentDisplayName="311 Alert" />
      </MissingDependency>
      <MissingDependency>
        <Required key="51" type="1" schemaName="team" displayName="Team" solution="System" />
        <Dependent key="52" type="10" schemaName="adx_servicerequesttype_defaultteam" displayName="adx_servicerequesttype_defaultteam" parentSchemaName="adx_servicerequesttype" parentDisplayName="Service Request Type" />
      </MissingDependency>
      <MissingDependency>
        <Required key="53" type="20" displayName="System Customizer" solution="System" id="{6de33915-e33c-e311-93f9-00155d03a503}" parentId="{119f245c-3cc8-4b62-b31c-d1a046ced15d}" />
        <Dependent key="54" type="60" displayName="Web Form" parentDisplayName="Service Request" id="{f4d8ef29-e240-4bd3-ae9f-fe3f53f6a926}" />
      </MissingDependency>
      <MissingDependency>
        <Required key="55" type="26" schemaName="Auto Numbering Definition Lookup View" displayName="Auto Numbering Definition Lookup View" parentSchemaName="adx_autonumberingdefinition" parentDisplayName="Auto Numbering Definition" solution="AdxstudioCRM2011ProductivityPack (1.0.0030)" id="{26e94857-b411-45b2-95dc-ae648b6356ab}" />
        <Dependent key="56" type="60" displayName="Information" parentDisplayName="Service Request Type" id="{8e44462e-0d6e-475a-9f8b-7bc911bb865c}" />
      </MissingDependency>
      <MissingDependency>
        <Required key="57" type="26" schemaName="Web Form Lookup View" displayName="Web Form Lookup View" parentSchemaName="adx_webform" parentDisplayName="Web Form" solution="AdxstudioWebForms (7.0.0085)" id="{614b2579-9d9f-4e34-a69e-65163a3e14de}" />
        <Dependent key="56" type="60" displayName="Information" parentDisplayName="Service Request Type" id="{8e44462e-0d6e-475a-9f8b-7bc911bb865c}" />
      </MissingDependency>
      <MissingDependency>
        <Required key="58" type="26" schemaName="Process Lookup View" displayName="Process Lookup View" parentSchemaName="workflow" parentDisplayName="Process" solution="System" id="{fb42862e-2a90-42a4-abac-592d848d4ecf}" />
        <Dependent key="59" type="60" displayName="Information" parentDisplayName="311 Dialog" id="{4f3718c9-966d-4e82-91a6-21ba35d52c11}" />
      </MissingDependency>
      <MissingDependency>
        <Required key="60" type="26" schemaName="Lead Lookup View" displayName="Lead Lookup View" parentSchemaName="lead" parentDisplayName="Lead" solution="System" id="{ecbac1a3-f8d8-4423-8f7e-10b11119739a}" />
        <Dependent key="61" type="60" displayName="Information" parentDisplayName="Service Request" id="{0ba4cc8e-f5b7-49cf-86c2-d9993fdbd05b}" />
      </MissingDependency>
      <MissingDependency>
        <Required key="62" type="26" schemaName="Contacts Lookup View" displayName="Contacts Lookup View" parentSchemaName="contact" parentDisplayName="Contact" solution="System" id="{a2d479c5-53e3-4c69-addd-802327e67a0d}" />
        <Dependent key="61" type="60" displayName="Information" parentDisplayName="Service Request" id="{0ba4cc8e-f5b7-49cf-86c2-d9993fdbd05b}" />
      </MissingDependency>
      <MissingDependency>
        <Required key="63" type="61" schemaName="adx_regarding_entity_link.htm" displayName="adx_regarding_entity_link.htm" solution="AdxstudioPortals (7.0.0058)" />
        <Dependent key="61" type="60" displayName="Information" parentDisplayName="Service Request" id="{0ba4cc8e-f5b7-49cf-86c2-d9993fdbd05b}" />
      </MissingDependency>
      <MissingDependency>
        <Required key="64" type="61" schemaName="adx_scripts/json2.js" displayName="adx_scripts/json2.js" solution="AdxstudioPortals (7.0.0058)" />
        <Dependent key="64" type="61" schemaName="adx_scripts/json2.js" displayName="adx_scripts/json2.js" />
      </MissingDependency>
      <MissingDependency>
        <Required key="65" type="61" schemaName="adx_scripts/jquery1.9.1.min.js" displayName="adx_scripts/jquery1.9.1.min.js" solution="AdxstudioPortals (7.0.0058)" />
        <Dependent key="65" type="61" schemaName="adx_scripts/jquery1.9.1.min.js" displayName="adx_scripts/jquery1.9.1.min.js" />
      </MissingDependency>
      <MissingDependency>
        <Required key="66" type="61" schemaName="msa_icon_nav_portals_32.png" displayName="msa_icon_nav_portals_32.png" solution="AdxstudioPortalsDependencies (1.0.0030)" />
        <Dependent key="1" type="62" id="{17a3a638-e33c-e311-93f9-00155d03a503}" />
      </MissingDependency>
      <MissingDependency>
        <Required key="67" type="61" schemaName="msdyn_/Images/Wall_16.png" displayName="msdyn_/Images/Wall_16.png" solution="ActivityFeedsCore (6.1.3.119)" />
        <Dependent key="1" type="62" id="{17a3a638-e33c-e311-93f9-00155d03a503}" />
      </MissingDependency>
      <MissingDependency>
        <Required key="68" type="61" schemaName="adx_entity_attribute_selector.htm" displayName="adx_entity_attribute_selector.htm" solution="AdxstudioPortals (7.0.0058)" />
        <Dependent key="56" type="60" displayName="Information" parentDisplayName="Service Request Type" id="{8e44462e-0d6e-475a-9f8b-7bc911bb865c}" />
      </MissingDependency>
      <MissingDependency>
        <Required key="69" type="61" schemaName="adx_entity_selector.htm" displayName="adx_entity_selector.htm" solution="AdxstudioPortals (7.0.0058)" />
        <Dependent key="56" type="60" displayName="Information" parentDisplayName="Service Request Type" id="{8e44462e-0d6e-475a-9f8b-7bc911bb865c}" />
      </MissingDependency>
      <MissingDependency>
        <Required key="70" type="61" schemaName="msdyn_/PersonalWall.htm" displayName="msdyn_/PersonalWall.htm" solution="ActivityFeedsCore (6.1.3.119)" />
        <Dependent key="1" type="62" id="{17a3a638-e33c-e311-93f9-00155d03a503}" />
      </MissingDependency>
      <MissingDependency>
        <Required key="71" type="61" schemaName="adx_entity_view_selector.htm" displayName="adx_entity_view_selector.htm" solution="AdxstudioPortals (7.0.0058)" />
        <Dependent key="56" type="60" displayName="Information" parentDisplayName="Service Request Type" id="{8e44462e-0d6e-475a-9f8b-7bc911bb865c}" />
      </MissingDependency>
    </MissingDependencies>
  </SolutionManifest>
</ImportExportXml>