<Components xmlns:xsd="http://www.w3.org/2001/XMLSchema" xmlns:xsi="http://www.w3.org/2001/XMLSchema-instance" xmlns="http://schemas.microsoft.com/crm/2009/"><Component><Id>eda26f1e-dbcc-40ad-91f2-ff2878d1d8d8</Id><Name>Entitlement Contacts</Name><ComponentType>26</ComponentType><TypeName>Saved Query</TypeName><ParentEntity>Contact</ParentEntity><Action>Remove</Action><Comments><Comment>The Saved Query Entitlement Contacts hasn't been added to the solution because it's a new Saved Query, or it contains components that won't work in earlier versions of CRM. 
    </Comment></Comments></Component><Component><Id>c26ade36-f5a7-e211-90dd-00155d2c1704</Id><Name>account_entitlement_Customer</Name><ComponentType>10</ComponentType><TypeName>EntityRelationship</TypeName><ParentEntity>Entitlement</ParentEntity><Action>Remove</Action><Comments><Comment>The EntityRelationship account_entitlement_Customer hasn't been added to the solution because it's a new EntityRelationship, or it contains components that won't work in earlier versions of CRM. 
    </Comment></Comments></Component><Component><Id>91f70a66-e3b0-e211-a5fe-00155d2c1704</Id><Name>account_entitlement_Account</Name><ComponentType>10</ComponentType><TypeName>EntityRelationship</TypeName><ParentEntity>Entitlement</ParentEntity><Action>Remove</Action><Comments><Comment>The EntityRelationship account_entitlement_Account hasn't been added to the solution because it's a new EntityRelationship, or it contains components that won't work in earlier versions of CRM. 
    </Comment></Comments></Component><Component><Id>346e649e-e3b0-e211-a5fe-00155d2c1704</Id><Name>contact_entitlement_ContactId</Name><ComponentType>10</ComponentType><TypeName>EntityRelationship</TypeName><ParentEntity>Entitlement</ParentEntity><Action>Remove</Action><Comments><Comment>The EntityRelationship contact_entitlement_ContactId hasn't been added to the solution because it's a new EntityRelationship, or it contains components that won't work in earlier versions of CRM. 
    </Comment></Comments></Component><Component><Id>ad634653-9d42-450a-8b16-0c035113b4c3</Id><Name>Account_Email_SendersAccount</Name><ComponentType>10</ComponentType><TypeName>EntityRelationship</TypeName><ParentEntity>Email</ParentEntity><Action>Remove</Action><Comments><Comment>The EntityRelationship Account_Email_SendersAccount hasn't been added to the solution because it's a new EntityRelationship, or it contains components that won't work in earlier versions of CRM. 
    </Comment></Comments></Component><Component><Id>a5508e2d-4089-4a54-bf6e-0c093fc76c88</Id><Name>Account_Email_EmailSender</Name><ComponentType>10</ComponentType><TypeName>EntityRelationship</TypeName><ParentEntity>Email</ParentEntity><Action>Remove</Action><Comments><Comment>The EntityRelationship Account_Email_EmailSender hasn't been added to the solution because it's a new EntityRelationship, or it contains components that won't work in earlier versions of CRM. 
    </Comment></Comments></Component><Component><Id>3564f0b1-4f79-434f-b801-1ac5b22a8bd4</Id><Name>Contact_SocialActivities</Name><ComponentType>10</ComponentType><TypeName>EntityRelationship</TypeName><ParentEntity>Contact</ParentEntity><Action>Remove</Action><Comments><Comment>The EntityRelationship Contact_SocialActivities hasn't been added to the solution because it's a new EntityRelationship, or it contains components that won't work in earlier versions of CRM. 
    </Comment></Comments></Component><Component><Id>6013d1d7-52bb-4b65-8c5b-1f57bfca694f</Id><Name>socialactivity_postauthor_contacts</Name><ComponentType>10</ComponentType><TypeName>EntityRelationship</TypeName><ParentEntity>Social Activity</ParentEntity><Action>Remove</Action><Comments><Comment>The EntityRelationship socialactivity_postauthor_contacts hasn't been added to the solution because it's a new EntityRelationship, or it contains components that won't work in earlier versions of CRM. 
    </Comment></Comments></Component><Component><Id>f71db7c7-3d2c-4815-839a-401ca551901e</Id><Name>entitlementcontacts_association</Name><ComponentType>10</ComponentType><TypeName>EntityRelationship</TypeName><ParentEntity>Contact</ParentEntity><Action>Remove</Action><Comments><Comment>The EntityRelationship entitlementcontacts_association hasn't been added to the solution because it's a new EntityRelationship, or it contains components that won't work in earlier versions of CRM. 
    </Comment></Comments></Component><Component><Id>00ed57ad-1f2b-405d-9142-65d2f4298447</Id><Name>Contact_Email_EmailSender</Name><ComponentType>10</ComponentType><TypeName>EntityRelationship</TypeName><ParentEntity>Contact</ParentEntity><Action>Remove</Action><Comments><Comment>The EntityRelationship Contact_Email_EmailSender hasn't been added to the solution because it's a new EntityRelationship, or it contains components that won't work in earlier versions of CRM. 
    </Comment></Comments></Component><Component><Id>801678d1-2853-4a06-9607-66d7462fe4a7</Id><Name>Account_SocialActivities</Name><ComponentType>10</ComponentType><TypeName>EntityRelationship</TypeName><ParentEntity>Social Activity</ParentEntity><Action>Remove</Action><Comments><Comment>The EntityRelationship Account_SocialActivities hasn't been added to the solution because it's a new EntityRelationship, or it contains components that won't work in earlier versions of CRM. 
    </Comment></Comments></Component><Component><Id>b77b8ae0-9f22-4b3c-af7a-6e2fdcdfa4c3</Id><Name>SocialActivity_PostAuthorAccount_accounts</Name><ComponentType>10</ComponentType><TypeName>EntityRelationship</TypeName><ParentEntity>Account</ParentEntity><Action>Remove</Action><Comments><Comment>The EntityRelationship SocialActivity_PostAuthorAccount_accounts hasn't been added to the solution because it's a new EntityRelationship, or it contains components that won't work in earlier versions of CRM. 
    </Comment></Comments></Component><Component><Id>1ab88cd1-9c71-471b-955f-704697c80f3d</Id><Name>Account_SharepointDocument</Name><ComponentType>10</ComponentType><TypeName>EntityRelationship</TypeName><ParentEntity>Account</ParentEntity><Action>Remove</Action><Comments><Comment>The EntityRelationship Account_SharepointDocument hasn't been added to the solution because it's a new EntityRelationship, or it contains components that won't work in earlier versions of CRM. 
    </Comment></Comments></Component><Component><Id>8ab8b788-13fa-452e-92c8-72a801ceabbe</Id><Name>contact_entitlement_Customer</Name><ComponentType>10</ComponentType><TypeName>EntityRelationship</TypeName><ParentEntity>Entitlement</ParentEntity><Action>Remove</Action><Comments><Comment>The EntityRelationship contact_entitlement_Customer hasn't been added to the solution because it's a new EntityRelationship, or it contains components that won't work in earlier versions of CRM. 
    </Comment></Comments></Component><Component><Id>566d4cb1-7aa4-400a-847c-7a6f34a9073a</Id><Name>socialactivity_postauthoraccount_contacts</Name><ComponentType>10</ComponentType><TypeName>EntityRelationship</TypeName><ParentEntity>Social Activity</ParentEntity><Action>Remove</Action><Comments><Comment>The EntityRelationship socialactivity_postauthoraccount_contacts hasn't been added to the solution because it's a new EntityRelationship, or it contains components that won't work in earlier versions of CRM. 
    </Comment></Comments></Component><Component><Id>384b7720-bfb0-4347-91c8-7ba9f81392c2</Id><Name>Socialprofile_customer_contacts</Name><ComponentType>10</ComponentType><TypeName>EntityRelationship</TypeName><ParentEntity>Contact</ParentEntity><Action>Remove</Action><Comments><Comment>The EntityRelationship Socialprofile_customer_contacts hasn't been added to the solution because it's a new EntityRelationship, or it contains components that won't work in earlier versions of CRM. 
    </Comment></Comments></Component><Component><Id>c8b0f425-97d8-4f39-bde9-99b1a036b600</Id><Name>SocialActivity_PostAuthor_accounts</Name><ComponentType>10</ComponentType><TypeName>EntityRelationship</TypeName><ParentEntity>Account</ParentEntity><Action>Remove</Action><Comments><Comment>The EntityRelationship SocialActivity_PostAuthor_accounts hasn't been added to the solution because it's a new EntityRelationship, or it contains components that won't work in earlier versions of CRM. 
    </Comment></Comments></Component><Component><Id>03424782-c7d5-4a34-bbb5-b2df729e0302</Id><Name>contact_as_primary_contact</Name><ComponentType>10</ComponentType><TypeName>EntityRelationship</TypeName><ParentEntity>Case</ParentEntity><Action>Remove</Action><Comments><Comment>The EntityRelationship contact_as_primary_contact hasn't been added to the solution because it's a new EntityRelationship, or it contains components that won't work in earlier versions of CRM. 
    </Comment></Comments></Component><Component><Id>bc9ebc45-2470-441a-b333-d3083f9fb9e4</Id><Name>Socialprofile_customer_accounts</Name><ComponentType>10</ComponentType><TypeName>EntityRelationship</TypeName><ParentEntity>Account</ParentEntity><Action>Remove</Action><Comments><Comment>The EntityRelationship Socialprofile_customer_accounts hasn't been added to the solution because it's a new EntityRelationship, or it contains components that won't work in earlier versions of CRM. 
    </Comment></Comments></Component></Components>