﻿<?xml version="1.0" encoding="utf-8"?>
<ImportExportXml version="6.1.0002.0112" SolutionPackageVersion="6.0" languagecode="1033" generatedBy="OnPremise" xmlns:xsi="http://www.w3.org/2001/XMLSchema-instance">
  <SolutionManifest>
    <UniqueName>AdxstudioRetailHousehold</UniqueName>
    <LocalizedNames>
      <LocalizedName description="Adxstudio Retail Household" languagecode="1033" />
    </LocalizedNames>
    <Descriptions>
      <Description description="Extends Adxstudio Portals Retail with Household forms and views." languagecode="1033" />
    </Descriptions>
    <Version>7.0.0009</Version>
    <Managed>1</Managed>
    <Publisher>
      <UniqueName>adxstudio</UniqueName>
      <LocalizedNames>
        <LocalizedName description="Adxstudio Inc." languagecode="1033" />
      </LocalizedNames>
      <Descriptions>
        <Description description="Adxstudio brings qualified expertise in web portal and CMS frameworks to Microsoft Dynamics CRM with xRM Portals (CfMD), an integrated bundle of web portal accelerators which add sophisticated content management, event coordination, membership, profile and self-service capabilities to Dynamics CRM." languagecode="1033" />
      </Descriptions>
      <EMailAddress>support@adxstudio.com</EMailAddress>
      <SupportingWebsiteUrl>http://www.adxstudio.com</SupportingWebsiteUrl>
      <CustomizationPrefix>adx</CustomizationPrefix>
      <CustomizationOptionValuePrefix>75615</CustomizationOptionValuePrefix>
      <Addresses>
        <Address>
          <AddressNumber>1</AddressNumber>
          <AddressTypeCode>1</AddressTypeCode>
          <City xsi:nil="true"></City>
          <County xsi:nil="true"></County>
          <Country xsi:nil="true"></Country>
          <Fax xsi:nil="true"></Fax>
          <FreightTermsCode xsi:nil="true"></FreightTermsCode>
          <ImportSequenceNumber xsi:nil="true"></ImportSequenceNumber>
          <Latitude xsi:nil="true"></Latitude>
          <Line1 xsi:nil="true"></Line1>
          <Line2 xsi:nil="true"></Line2>
          <Line3 xsi:nil="true"></Line3>
          <Longitude xsi:nil="true"></Longitude>
          <Name xsi:nil="true"></Name>
          <PostalCode xsi:nil="true"></PostalCode>
          <PostOfficeBox xsi:nil="true"></PostOfficeBox>
          <PrimaryContactName xsi:nil="true"></PrimaryContactName>
          <ShippingMethodCode>1</ShippingMethodCode>
          <StateOrProvince xsi:nil="true"></StateOrProvince>
          <Telephone1 xsi:nil="true"></Telephone1>
          <Telephone2 xsi:nil="true"></Telephone2>
          <Telephone3 xsi:nil="true"></Telephone3>
          <TimeZoneRuleVersionNumber xsi:nil="true"></TimeZoneRuleVersionNumber>
          <UPSZone xsi:nil="true"></UPSZone>
          <UTCOffset xsi:nil="true"></UTCOffset>
          <UTCConversionTimeZoneCode xsi:nil="true"></UTCConversionTimeZoneCode>
        </Address>
        <Address>
          <AddressNumber>2</AddressNumber>
          <AddressTypeCode>1</AddressTypeCode>
          <City xsi:nil="true"></City>
          <County xsi:nil="true"></County>
          <Country xsi:nil="true"></Country>
          <Fax xsi:nil="true"></Fax>
          <FreightTermsCode xsi:nil="true"></FreightTermsCode>
          <ImportSequenceNumber xsi:nil="true"></ImportSequenceNumber>
          <Latitude xsi:nil="true"></Latitude>
          <Line1 xsi:nil="true"></Line1>
          <Line2 xsi:nil="true"></Line2>
          <Line3 xsi:nil="true"></Line3>
          <Longitude xsi:nil="true"></Longitude>
          <Name xsi:nil="true"></Name>
          <PostalCode xsi:nil="true"></PostalCode>
          <PostOfficeBox xsi:nil="true"></PostOfficeBox>
          <PrimaryContactName xsi:nil="true"></PrimaryContactName>
          <ShippingMethodCode>1</ShippingMethodCode>
          <StateOrProvince xsi:nil="true"></StateOrProvince>
          <Telephone1 xsi:nil="true"></Telephone1>
          <Telephone2 xsi:nil="true"></Telephone2>
          <Telephone3 xsi:nil="true"></Telephone3>
          <TimeZoneRuleVersionNumber xsi:nil="true"></TimeZoneRuleVersionNumber>
          <UPSZone xsi:nil="true"></UPSZone>
          <UTCOffset xsi:nil="true"></UTCOffset>
          <UTCConversionTimeZoneCode xsi:nil="true"></UTCConversionTimeZoneCode>
        </Address>
      </Addresses>
    </Publisher>
    <RootComponents>
      <RootComponent type="1" schemaName="account" />
      <RootComponent type="1" schemaName="contact" />
    </RootComponents>
    <MissingDependencies>
      <MissingDependency>
        <Required key="0" type="2" schemaName="adx_timezone" displayName="Time Zone" parentSchemaName="contact" parentDisplayName="Contact" solution="AdxstudioPortalsDependencies (1.0.0031)" />
        <Dependent key="1" type="60" displayName="Portal Contact" parentDisplayName="Contact" id="{3fb651a5-cdbf-46c9-87fb-d2c748662bb8}" />
      </MissingDependency>
      <MissingDependency>
        <Required key="2" type="2" schemaName="adx_profilemodifiedon" displayName="Profile Modified On" parentSchemaName="contact" parentDisplayName="Contact" solution="AdxstudioPortals (7.0.0060)" />
        <Dependent key="1" type="60" displayName="Portal Contact" parentDisplayName="Contact" id="{3fb651a5-cdbf-46c9-87fb-d2c748662bb8}" />
      </MissingDependency>
      <MissingDependency>
        <Required key="3" type="2" schemaName="adx_publicprofilecopy" displayName="Public Profile Copy" parentSchemaName="contact" parentDisplayName="Contact" solution="AdxstudioPortals (7.0.0060)" />
        <Dependent key="4" type="60" displayName="Profile Web Form" parentDisplayName="Contact" id="{0bd832d5-9d6a-456d-bdc1-21129e82cc0f}" />
      </MissingDependency>
      <MissingDependency>
        <Required key="5" type="2" schemaName="adx_organizationname" displayName="Organization Name" parentSchemaName="contact" parentDisplayName="Contact" solution="AdxstudioPortalsDependencies (1.0.0031)" />
        <Dependent key="4" type="60" displayName="Profile Web Form" parentDisplayName="Contact" id="{0bd832d5-9d6a-456d-bdc1-21129e82cc0f}" />
      </MissingDependency>
      <MissingDependency>
        <Required key="6" type="2" schemaName="adx_lastpasswordchange" displayName="Last Password Change" parentSchemaName="contact" parentDisplayName="Contact" solution="AdxstudioPortalsDependencies (1.0.0031)" />
        <Dependent key="1" type="60" displayName="Portal Contact" parentDisplayName="Contact" id="{3fb651a5-cdbf-46c9-87fb-d2c748662bb8}" />
      </MissingDependency>
      <MissingDependency>
        <Required key="7" type="2" schemaName="adx_lastsuccessfullogon" displayName="Last Successful Logon" parentSchemaName="contact" parentDisplayName="Contact" solution="AdxstudioPortalsDependencies (1.0.0031)" />
        <Dependent key="1" type="60" displayName="Portal Contact" parentDisplayName="Contact" id="{3fb651a5-cdbf-46c9-87fb-d2c748662bb8}" />
      </MissingDependency>
      <MissingDependency>
        <Required key="8" type="2" schemaName="adx_resetpassword" displayName="Reset Password" parentSchemaName="contact" parentDisplayName="Contact" solution="AdxstudioPortalsDependencies (1.0.0031)" />
        <Dependent key="1" type="60" displayName="Portal Contact" parentDisplayName="Contact" id="{3fb651a5-cdbf-46c9-87fb-d2c748662bb8}" />
      </MissingDependency>
      <MissingDependency>
        <Required key="9" type="2" schemaName="adx_username" displayName="Username" parentSchemaName="contact" parentDisplayName="Contact" solution="AdxstudioPortalsDependencies (1.0.0031)" />
        <Dependent key="1" type="60" displayName="Portal Contact" parentDisplayName="Contact" id="{3fb651a5-cdbf-46c9-87fb-d2c748662bb8}" />
      </MissingDependency>
      <MissingDependency>
        <Required key="10" type="2" schemaName="adx_profilealert" displayName="Profile Alert" parentSchemaName="contact" parentDisplayName="Contact" solution="AdxstudioPortals (7.0.0060)" />
        <Dependent key="1" type="60" displayName="Portal Contact" parentDisplayName="Contact" id="{3fb651a5-cdbf-46c9-87fb-d2c748662bb8}" />
      </MissingDependency>
      <MissingDependency>
        <Required key="11" type="2" schemaName="adx_lockedoutreason" displayName="Locked Out Reason" parentSchemaName="contact" parentDisplayName="Contact" solution="AdxstudioPortals (7.0.0060)" />
        <Dependent key="1" type="60" displayName="Portal Contact" parentDisplayName="Contact" id="{3fb651a5-cdbf-46c9-87fb-d2c748662bb8}" />
      </MissingDependency>
      <MissingDependency>
        <Required key="12" type="2" schemaName="adx_identityprovidername" displayName="Identity Provider" parentSchemaName="contact" parentDisplayName="Contact" solution="AdxstudioPortalsDependencies (1.0.0031)" />
        <Dependent key="1" type="60" displayName="Portal Contact" parentDisplayName="Contact" id="{3fb651a5-cdbf-46c9-87fb-d2c748662bb8}" />
      </MissingDependency>
      <MissingDependency>
        <Required key="13" type="2" schemaName="adx_profilealertinstructions" displayName="Profile Alert Instructions" parentSchemaName="contact" parentDisplayName="Contact" solution="AdxstudioPortals (7.0.0060)" />
        <Dependent key="1" type="60" displayName="Portal Contact" parentDisplayName="Contact" id="{3fb651a5-cdbf-46c9-87fb-d2c748662bb8}" />
      </MissingDependency>
      <MissingDependency>
        <Required key="14" type="2" schemaName="adx_profilealertdate" displayName="Profile Alert Date" parentSchemaName="contact" parentDisplayName="Contact" solution="AdxstudioPortals (7.0.0060)" />
        <Dependent key="1" type="60" displayName="Portal Contact" parentDisplayName="Contact" id="{3fb651a5-cdbf-46c9-87fb-d2c748662bb8}" />
      </MissingDependency>
      <MissingDependency>
        <Required key="15" type="2" schemaName="adx_lastactivity" displayName="Last Activity" parentSchemaName="contact" parentDisplayName="Contact" solution="AdxstudioPortalsDependencies (1.0.0031)" />
        <Dependent key="1" type="60" displayName="Portal Contact" parentDisplayName="Contact" id="{3fb651a5-cdbf-46c9-87fb-d2c748662bb8}" />
      </MissingDependency>
      <MissingDependency>
        <Required key="16" type="2" schemaName="adx_resetpasswordanswer" displayName="Reset Password Answer" parentSchemaName="contact" parentDisplayName="Contact" solution="AdxstudioPortals (7.0.0060)" />
        <Dependent key="1" type="60" displayName="Portal Contact" parentDisplayName="Contact" id="{3fb651a5-cdbf-46c9-87fb-d2c748662bb8}" />
      </MissingDependency>
      <MissingDependency>
        <Required key="17" type="2" schemaName="adx_passwordquestion" displayName="Password Question" parentSchemaName="contact" parentDisplayName="Contact" solution="AdxstudioPortalsDependencies (1.0.0031)" />
        <Dependent key="1" type="60" displayName="Portal Contact" parentDisplayName="Contact" id="{3fb651a5-cdbf-46c9-87fb-d2c748662bb8}" />
      </MissingDependency>
      <MissingDependency>
        <Required key="18" type="2" schemaName="adx_lastlockedout" displayName="Last Locked Out" parentSchemaName="contact" parentDisplayName="Contact" solution="AdxstudioPortalsDependencies (1.0.0031)" />
        <Dependent key="1" type="60" displayName="Portal Contact" parentDisplayName="Contact" id="{3fb651a5-cdbf-46c9-87fb-d2c748662bb8}" />
      </MissingDependency>
      <MissingDependency>
        <Required key="19" type="2" schemaName="adx_systemuserid" displayName="System User" parentSchemaName="contact" parentDisplayName="Contact" solution="AdxstudioPortalsDependencies (1.0.0031)" />
        <Dependent key="19" type="2" schemaName="adx_systemuserid" displayName="System User" parentSchemaName="contact" parentDisplayName="Contact" />
      </MissingDependency>
      <MissingDependency>
        <Required key="20" type="2" schemaName="msa_eservicesaccesslevel" displayName="eServices Access Level" parentSchemaName="contact" parentDisplayName="Contact" solution="AdxstudioPortalsDependencies (1.0.0031)" />
        <Dependent key="20" type="2" schemaName="msa_eservicesaccesslevel" displayName="eServices Access Level" parentSchemaName="contact" parentDisplayName="Contact" />
      </MissingDependency>
      <MissingDependency>
        <Required key="21" type="2" schemaName="msa_webuser" displayName="Web User" parentSchemaName="contact" parentDisplayName="Contact" solution="AdxstudioPortalsDependencies (1.0.0031)" />
        <Dependent key="21" type="2" schemaName="msa_webuser" displayName="Web User" parentSchemaName="contact" parentDisplayName="Contact" />
      </MissingDependency>
      <MissingDependency>
        <Required key="22" type="2" schemaName="msa_managingpartnerid" displayName="Managing Partner" parentSchemaName="account" parentDisplayName="Account" solution="AdxstudioPortalsDependencies (1.0.0031)" />
        <Dependent key="22" type="2" schemaName="msa_managingpartnerid" displayName="Managing Partner" parentSchemaName="account" parentDisplayName="Account" />
      </MissingDependency>
      <MissingDependency>
        <Required key="23" type="2" schemaName="adx_changepasswordatnextlogon" displayName="User must change password at next logon" parentSchemaName="contact" parentDisplayName="Contact" solution="AdxstudioPortalsDependencies (1.0.0031)" />
        <Dependent key="23" type="2" schemaName="adx_changepasswordatnextlogon" displayName="User must change password at next logon" parentSchemaName="contact" parentDisplayName="Contact" />
      </MissingDependency>
      <MissingDependency>
        <Required key="24" type="2" schemaName="adx_logonenabled" displayName="Logon Enabled" parentSchemaName="contact" parentDisplayName="Contact" solution="AdxstudioPortalsDependencies (1.0.0031)" />
        <Dependent key="24" type="2" schemaName="adx_logonenabled" displayName="Logon Enabled" parentSchemaName="contact" parentDisplayName="Contact" />
      </MissingDependency>
      <MissingDependency>
        <Required key="25" type="2" schemaName="msa_managingpartnerid" displayName="Managing Partner" parentSchemaName="contact" parentDisplayName="Contact" solution="AdxstudioPortalsDependencies (1.0.0031)" />
        <Dependent key="25" type="2" schemaName="msa_managingpartnerid" displayName="Managing Partner" parentSchemaName="contact" parentDisplayName="Contact" />
      </MissingDependency>
      <MissingDependency>
        <Required key="26" type="2" schemaName="adx_lockedout" displayName="Locked Out" parentSchemaName="contact" parentDisplayName="Contact" solution="AdxstudioPortalsDependencies (1.0.0031)" />
        <Dependent key="26" type="2" schemaName="adx_lockedout" displayName="Locked Out" parentSchemaName="contact" parentDisplayName="Contact" />
      </MissingDependency>
      <MissingDependency>
        <Required key="27" type="10" schemaName="adx_webrole_contact" displayName="adx_webrole_contact" parentSchemaName="adx_webrole" parentDisplayName="Web Role" solution="AdxstudioPortalsDependencies (1.0.0031)" />
        <Dependent key="27" type="10" schemaName="adx_webrole_contact" displayName="adx_webrole_contact" parentSchemaName="adx_webrole" parentDisplayName="Web Role" />
      </MissingDependency>
      <MissingDependency>
        <Required key="28" type="10" schemaName="msa_account_managingpartner" displayName="msa_account_managingpartner" parentSchemaName="account" parentDisplayName="Account" solution="AdxstudioPortalsDependencies (1.0.0031)" />
        <Dependent key="28" type="10" schemaName="msa_account_managingpartner" displayName="msa_account_managingpartner" parentSchemaName="account" parentDisplayName="Account" />
      </MissingDependency>
      <MissingDependency>
        <Required key="29" type="10" schemaName="adx_invitation_redeemedcontacts" displayName="adx_invitation_redeemedcontacts" parentSchemaName="adx_invitation" parentDisplayName="Invitation" solution="AdxstudioPortals (7.0.0060)" />
        <Dependent key="29" type="10" schemaName="adx_invitation_redeemedcontacts" displayName="adx_invitation_redeemedcontacts" parentSchemaName="adx_invitation" parentDisplayName="Invitation" />
      </MissingDependency>
      <MissingDependency>
        <Required key="30" type="10" schemaName="adx_systemuser_contact" displayName="adx_systemuser_contact" parentSchemaName="contact" parentDisplayName="Contact" solution="AdxstudioPortalsDependencies (1.0.0031)" />
        <Dependent key="30" type="10" schemaName="adx_systemuser_contact" displayName="adx_systemuser_contact" parentSchemaName="contact" parentDisplayName="Contact" />
      </MissingDependency>
      <MissingDependency>
        <Required key="31" type="10" schemaName="adx_webrole_account" displayName="adx_webrole_account" parentSchemaName="adx_webrole" parentDisplayName="Web Role" solution="AdxstudioPortals (7.0.0060)" />
        <Dependent key="31" type="10" schemaName="adx_webrole_account" displayName="adx_webrole_account" parentSchemaName="adx_webrole" parentDisplayName="Web Role" />
      </MissingDependency>
      <MissingDependency>
        <Required key="32" type="10" schemaName="adx_invitation_invitecontacts" displayName="adx_invitation_invitecontacts" parentSchemaName="adx_invitation" parentDisplayName="Invitation" solution="AdxstudioPortals (7.0.0060)" />
        <Dependent key="32" type="10" schemaName="adx_invitation_invitecontacts" displayName="adx_invitation_invitecontacts" parentSchemaName="adx_invitation" parentDisplayName="Invitation" />
      </MissingDependency>
      <MissingDependency>
        <Required key="31" type="10" schemaName="adx_webrole_account" displayName="adx_webrole_account" parentSchemaName="adx_webrole" parentDisplayName="Web Role" solution="AdxstudioPortals (7.0.0060)" />
        <Dependent key="31" type="10" schemaName="adx_webrole_account" displayName="adx_webrole_account" parentSchemaName="adx_webrole" parentDisplayName="Web Role" />
      </MissingDependency>
      <MissingDependency>
        <Required key="32" type="10" schemaName="adx_invitation_invitecontacts" displayName="adx_invitation_invitecontacts" parentSchemaName="adx_invitation" parentDisplayName="Invitation" solution="AdxstudioPortals (7.0.0060)" />
        <Dependent key="32" type="10" schemaName="adx_invitation_invitecontacts" displayName="adx_invitation_invitecontacts" parentSchemaName="adx_invitation" parentDisplayName="Invitation" />
      </MissingDependency>
      <MissingDependency>
        <Required key="27" type="10" schemaName="adx_webrole_contact" displayName="adx_webrole_contact" parentSchemaName="adx_webrole" parentDisplayName="Web Role" solution="AdxstudioPortalsDependencies (1.0.0031)" />
        <Dependent key="27" type="10" schemaName="adx_webrole_contact" displayName="adx_webrole_contact" parentSchemaName="adx_webrole" parentDisplayName="Web Role" />
      </MissingDependency>
      <MissingDependency>
        <Required key="33" type="10" schemaName="adx_website_sponsor" displayName="adx_website_sponsor" parentSchemaName="adx_website" parentDisplayName="Website" solution="AdxstudioPortalsDependencies (1.0.0031)" />
        <Dependent key="33" type="10" schemaName="adx_website_sponsor" displayName="adx_website_sponsor" parentSchemaName="adx_website" parentDisplayName="Website" />
      </MissingDependency>
      <MissingDependency>
        <Required key="34" type="10" schemaName="msa_contact_managingpartner" displayName="msa_contact_managingpartner" parentSchemaName="contact" parentDisplayName="Contact" solution="AdxstudioPortalsDependencies (1.0.0031)" />
        <Dependent key="34" type="10" schemaName="msa_contact_managingpartner" displayName="msa_contact_managingpartner" parentSchemaName="contact" parentDisplayName="Contact" />
      </MissingDependency>
      <MissingDependency>
        <Required key="29" type="10" schemaName="adx_invitation_redeemedcontacts" displayName="adx_invitation_redeemedcontacts" parentSchemaName="adx_invitation" parentDisplayName="Invitation" solution="AdxstudioPortals (7.0.0060)" />
        <Dependent key="29" type="10" schemaName="adx_invitation_redeemedcontacts" displayName="adx_invitation_redeemedcontacts" parentSchemaName="adx_invitation" parentDisplayName="Invitation" />
      </MissingDependency>
      <MissingDependency>
        <Required key="33" type="10" schemaName="adx_website_sponsor" displayName="adx_website_sponsor" parentSchemaName="adx_website" parentDisplayName="Website" solution="AdxstudioPortalsDependencies (1.0.0031)" />
        <Dependent key="33" type="10" schemaName="adx_website_sponsor" displayName="adx_website_sponsor" parentSchemaName="adx_website" parentDisplayName="Website" />
      </MissingDependency>
      <MissingDependency>
        <Required key="35" type="9" schemaName="adx_lockedout_contact" displayName="Locked Out" solution="AdxstudioPortalsDependencies (1.0.0031)" />
        <Dependent key="35" type="9" schemaName="adx_lockedout_contact" displayName="Locked Out" />
      </MissingDependency>
      <MissingDependency>
        <Required key="36" type="9" schemaName="msa_webuser_contact" displayName="Web User" solution="AdxstudioPortalsDependencies (1.0.0031)" />
        <Dependent key="36" type="9" schemaName="msa_webuser_contact" displayName="Web User" />
      </MissingDependency>
      <MissingDependency>
        <Required key="37" type="9" schemaName="adx_changepasswordatnextlogon_contact" displayName="User must change password at next logon" solution="AdxstudioPortalsDependencies (1.0.0031)" />
        <Dependent key="37" type="9" schemaName="adx_changepasswordatnextlogon_contact" displayName="User must change password at next logon" />
      </MissingDependency>
      <MissingDependency>
        <Required key="37" type="9" schemaName="adx_changepasswordatnextlogon_contact" displayName="User must change password at next logon" solution="AdxstudioPortalsDependencies (1.0.0031)" />
        <Dependent key="37" type="9" schemaName="adx_changepasswordatnextlogon_contact" displayName="User must change password at next logon" />
      </MissingDependency>
      <MissingDependency>
        <Required key="38" type="9" schemaName="msa_eservicesaccesslevel_contact" displayName="eServices Access Level" solution="AdxstudioPortalsDependencies (1.0.0031)" />
        <Dependent key="38" type="9" schemaName="msa_eservicesaccesslevel_contact" displayName="eServices Access Level" />
      </MissingDependency>
      <MissingDependency>
        <Required key="38" type="9" schemaName="msa_eservicesaccesslevel_contact" displayName="eServices Access Level" solution="AdxstudioPortalsDependencies (1.0.0031)" />
        <Dependent key="38" type="9" schemaName="msa_eservicesaccesslevel_contact" displayName="eServices Access Level" />
      </MissingDependency>
      <MissingDependency>
        <Required key="39" type="9" schemaName="adx_logonenabled_contact" displayName="Logon Enabled" solution="AdxstudioPortalsDependencies (1.0.0031)" />
        <Dependent key="39" type="9" schemaName="adx_logonenabled_contact" displayName="Logon Enabled" />
      </MissingDependency>
      <MissingDependency>
        <Required key="38" type="9" schemaName="msa_eservicesaccesslevel_contact" displayName="eServices Access Level" solution="AdxstudioPortalsDependencies (1.0.0031)" />
        <Dependent key="38" type="9" schemaName="msa_eservicesaccesslevel_contact" displayName="eServices Access Level" />
      </MissingDependency>
      <MissingDependency>
        <Required key="39" type="9" schemaName="adx_logonenabled_contact" displayName="Logon Enabled" solution="AdxstudioPortalsDependencies (1.0.0031)" />
        <Dependent key="39" type="9" schemaName="adx_logonenabled_contact" displayName="Logon Enabled" />
      </MissingDependency>
      <MissingDependency>
        <Required key="35" type="9" schemaName="adx_lockedout_contact" displayName="Locked Out" solution="AdxstudioPortalsDependencies (1.0.0031)" />
        <Dependent key="35" type="9" schemaName="adx_lockedout_contact" displayName="Locked Out" />
      </MissingDependency>
      <MissingDependency>
        <Required key="36" type="9" schemaName="msa_webuser_contact" displayName="Web User" solution="AdxstudioPortalsDependencies (1.0.0031)" />
        <Dependent key="36" type="9" schemaName="msa_webuser_contact" displayName="Web User" />
      </MissingDependency>
      <MissingDependency>
        <Required key="28" type="10" schemaName="msa_account_managingpartner" displayName="msa_account_managingpartner" parentSchemaName="account" parentDisplayName="Account" solution="AdxstudioPortalsDependencies (1.0.0031)" />
        <Dependent key="40" type="2" schemaName="msa_managingpartneridname" parentSchemaName="account" parentDisplayName="Account" />
      </MissingDependency>
      <MissingDependency>
        <Required key="34" type="10" schemaName="msa_contact_managingpartner" displayName="msa_contact_managingpartner" parentSchemaName="contact" parentDisplayName="Contact" solution="AdxstudioPortalsDependencies (1.0.0031)" />
        <Dependent key="41" type="2" schemaName="msa_managingpartneridyominame" parentSchemaName="contact" parentDisplayName="Contact" />
      </MissingDependency>
      <MissingDependency>
        <Required key="30" type="10" schemaName="adx_systemuser_contact" displayName="adx_systemuser_contact" parentSchemaName="contact" parentDisplayName="Contact" solution="AdxstudioPortalsDependencies (1.0.0031)" />
        <Dependent key="42" type="2" schemaName="adx_systemuseridname" parentSchemaName="contact" parentDisplayName="Contact" />
      </MissingDependency>
      <MissingDependency>
        <Required key="34" type="10" schemaName="msa_contact_managingpartner" displayName="msa_contact_managingpartner" parentSchemaName="contact" parentDisplayName="Contact" solution="AdxstudioPortalsDependencies (1.0.0031)" />
        <Dependent key="43" type="2" schemaName="msa_managingpartneridname" parentSchemaName="contact" parentDisplayName="Contact" />
      </MissingDependency>
      <MissingDependency>
        <Required key="28" type="10" schemaName="msa_account_managingpartner" displayName="msa_account_managingpartner" parentSchemaName="account" parentDisplayName="Account" solution="AdxstudioPortalsDependencies (1.0.0031)" />
        <Dependent key="44" type="2" schemaName="msa_managingpartneridyominame" parentSchemaName="account" parentDisplayName="Account" />
      </MissingDependency>
      <MissingDependency>
        <Required key="30" type="10" schemaName="adx_systemuser_contact" displayName="adx_systemuser_contact" parentSchemaName="contact" parentDisplayName="Contact" solution="AdxstudioPortalsDependencies (1.0.0031)" />
        <Dependent key="45" type="2" schemaName="adx_systemuseridyominame" parentSchemaName="contact" parentDisplayName="Contact" />
      </MissingDependency>
      <MissingDependency>
        <Required key="35" type="9" schemaName="adx_lockedout_contact" displayName="Locked Out" solution="AdxstudioPortalsDependencies (1.0.0031)" />
        <Dependent key="35" type="9" schemaName="adx_lockedout_contact" displayName="Locked Out" />
      </MissingDependency>
      <MissingDependency>
        <Required key="39" type="9" schemaName="adx_logonenabled_contact" displayName="Logon Enabled" solution="AdxstudioPortalsDependencies (1.0.0031)" />
        <Dependent key="39" type="9" schemaName="adx_logonenabled_contact" displayName="Logon Enabled" />
      </MissingDependency>
      <MissingDependency>
        <Required key="38" type="9" schemaName="msa_eservicesaccesslevel_contact" displayName="eServices Access Level" solution="AdxstudioPortalsDependencies (1.0.0031)" />
        <Dependent key="38" type="9" schemaName="msa_eservicesaccesslevel_contact" displayName="eServices Access Level" />
      </MissingDependency>
      <MissingDependency>
        <Required key="37" type="9" schemaName="adx_changepasswordatnextlogon_contact" displayName="User must change password at next logon" solution="AdxstudioPortalsDependencies (1.0.0031)" />
        <Dependent key="37" type="9" schemaName="adx_changepasswordatnextlogon_contact" displayName="User must change password at next logon" />
      </MissingDependency>
      <MissingDependency>
        <Required key="36" type="9" schemaName="msa_webuser_contact" displayName="Web User" solution="AdxstudioPortalsDependencies (1.0.0031)" />
        <Dependent key="36" type="9" schemaName="msa_webuser_contact" displayName="Web User" />
      </MissingDependency>
      <MissingDependency>
        <Required key="30" type="10" schemaName="adx_systemuser_contact" displayName="adx_systemuser_contact" parentSchemaName="contact" parentDisplayName="Contact" solution="AdxstudioPortalsDependencies (1.0.0031)" />
        <Dependent key="1" type="60" displayName="Portal Contact" parentDisplayName="Contact" id="{3fb651a5-cdbf-46c9-87fb-d2c748662bb8}" />
      </MissingDependency>
      <MissingDependency>
        <Required key="46" type="20" displayName="System Customizer" solution="System" id="{6de33915-e33c-e311-93f9-00155d03a503}" parentId="{119f245c-3cc8-4b62-b31c-d1a046ced15d}" />
        <Dependent key="47" type="60" displayName="Household Edit Web Form" parentDisplayName="Account" id="{a27fb051-41b8-46d5-9f04-67cedf460840}" />
      </MissingDependency>
      <MissingDependency>
        <Required key="46" type="20" displayName="System Customizer" solution="System" id="{6de33915-e33c-e311-93f9-00155d03a503}" parentId="{119f245c-3cc8-4b62-b31c-d1a046ced15d}" />
        <Dependent key="4" type="60" displayName="Profile Web Form" parentDisplayName="Contact" id="{0bd832d5-9d6a-456d-bdc1-21129e82cc0f}" />
      </MissingDependency>
      <MissingDependency>
        <Required key="46" type="20" displayName="System Customizer" solution="System" id="{6de33915-e33c-e311-93f9-00155d03a503}" parentId="{119f245c-3cc8-4b62-b31c-d1a046ced15d}" />
        <Dependent key="48" type="60" displayName="Household Member Web Form" parentDisplayName="Contact" id="{9f83af00-81e1-4c50-89e5-97ca50fbd261}" />
      </MissingDependency>
      <MissingDependency>
        <Required key="46" type="20" displayName="System Customizer" solution="System" id="{6de33915-e33c-e311-93f9-00155d03a503}" parentId="{119f245c-3cc8-4b62-b31c-d1a046ced15d}" />
        <Dependent key="49" type="60" displayName="My Account Web Form" parentDisplayName="Contact" id="{02c97397-9532-4631-b5a2-09bc07c6f120}" />
      </MissingDependency>
      <MissingDependency>
        <Required key="46" type="20" displayName="System Customizer" solution="System" id="{6de33915-e33c-e311-93f9-00155d03a503}" parentId="{119f245c-3cc8-4b62-b31c-d1a046ced15d}" />
        <Dependent key="50" type="60" displayName="Household Create Web Form" parentDisplayName="Account" id="{d87ebf07-6e63-433e-9407-8f13dc04f07a}" />
      </MissingDependency>
      <MissingDependency>
        <Required key="46" type="20" displayName="System Customizer" solution="System" id="{6de33915-e33c-e311-93f9-00155d03a503}" parentId="{119f245c-3cc8-4b62-b31c-d1a046ced15d}" />
        <Dependent key="51" type="60" displayName="Personal Profile Web Form" parentDisplayName="Contact" id="{a2fd93ad-4837-4bde-9e2d-41cdd72cd73f}" />
      </MissingDependency>
      <MissingDependency>
        <Required key="46" type="20" displayName="System Customizer" solution="System" id="{6de33915-e33c-e311-93f9-00155d03a503}" parentId="{119f245c-3cc8-4b62-b31c-d1a046ced15d}" />
        <Dependent key="52" type="60" displayName="Household" parentDisplayName="Account" id="{892bd5e5-ba94-432c-b921-fcda8acfeca3}" />
      </MissingDependency>
      <MissingDependency>
        <Required key="46" type="20" displayName="System Customizer" solution="System" id="{6de33915-e33c-e311-93f9-00155d03a503}" parentId="{119f245c-3cc8-4b62-b31c-d1a046ced15d}" />
        <Dependent key="53" type="60" displayName="Household Summary Web Form" parentDisplayName="Account" id="{02ccdde1-068a-44f3-b64c-246a99efc249}" />
      </MissingDependency>
      <MissingDependency>
        <Required key="46" type="20" displayName="System Customizer" solution="System" id="{6de33915-e33c-e311-93f9-00155d03a503}" parentId="{119f245c-3cc8-4b62-b31c-d1a046ced15d}" />
        <Dependent key="54" type="60" displayName="Invite Web Form" parentDisplayName="Contact" id="{d6190b35-9474-4098-9698-33f6627eb3bf}" />
      </MissingDependency>
      <MissingDependency>
        <Required key="46" type="20" displayName="System Customizer" solution="System" id="{6de33915-e33c-e311-93f9-00155d03a503}" parentId="{119f245c-3cc8-4b62-b31c-d1a046ced15d}" />
        <Dependent key="1" type="60" displayName="Portal Contact" parentDisplayName="Contact" id="{3fb651a5-cdbf-46c9-87fb-d2c748662bb8}" />
      </MissingDependency>
      <MissingDependency>
        <Required key="55" type="26" schemaName="Open Activities" displayName="Open Activities" parentSchemaName="activitypointer" parentDisplayName="Activity" solution="System" id="{00000000-0000-0000-00aa-000010001900}" />
        <Dependent key="1" type="60" displayName="Portal Contact" parentDisplayName="Contact" id="{3fb651a5-cdbf-46c9-87fb-d2c748662bb8}" />
      </MissingDependency>
      <MissingDependency>
        <Required key="56" type="26" schemaName="Active Services" displayName="Active Services" parentSchemaName="service" parentDisplayName="Service" solution="System" id="{2bd4de5e-a7b4-4f5d-8fde-eb3b62d8e2b2}" />
        <Dependent key="1" type="60" displayName="Portal Contact" parentDisplayName="Contact" id="{3fb651a5-cdbf-46c9-87fb-d2c748662bb8}" />
      </MissingDependency>
      <MissingDependency>
        <Required key="56" type="26" schemaName="Active Services" displayName="Active Services" parentSchemaName="service" parentDisplayName="Service" solution="System" id="{2bd4de5e-a7b4-4f5d-8fde-eb3b62d8e2b2}" />
        <Dependent key="57" type="60" displayName="Information" parentDisplayName="Contact" id="{894cc46a-b0cb-4ab0-8bf6-200544e46a2d}" />
      </MissingDependency>
      <MissingDependency>
        <Required key="55" type="26" schemaName="Open Activities" displayName="Open Activities" parentSchemaName="activitypointer" parentDisplayName="Activity" solution="System" id="{00000000-0000-0000-00aa-000010001900}" />
        <Dependent key="57" type="60" displayName="Information" parentDisplayName="Contact" id="{894cc46a-b0cb-4ab0-8bf6-200544e46a2d}" />
      </MissingDependency>
      <MissingDependency>
        <Required key="56" type="26" schemaName="Active Services" displayName="Active Services" parentSchemaName="service" parentDisplayName="Service" solution="System" id="{2bd4de5e-a7b4-4f5d-8fde-eb3b62d8e2b2}" />
        <Dependent key="58" type="60" displayName="Information" parentDisplayName="Account" id="{b053a39a-041a-4356-acef-ddf00182762b}" />
      </MissingDependency>
      <MissingDependency>
        <Required key="55" type="26" schemaName="Open Activities" displayName="Open Activities" parentSchemaName="activitypointer" parentDisplayName="Activity" solution="System" id="{00000000-0000-0000-00aa-000010001900}" />
        <Dependent key="58" type="60" displayName="Information" parentDisplayName="Account" id="{b053a39a-041a-4356-acef-ddf00182762b}" />
      </MissingDependency>
      <MissingDependency>
        <Required key="54" type="60" displayName="Invite Web Form" parentDisplayName="Contact" solution="AdxstudioPortals (7.0.0060)" id="{d6190b35-9474-4098-9698-33f6627eb3bf}" />
        <Dependent key="54" type="60" displayName="Invite Web Form" parentDisplayName="Contact" id="{d6190b35-9474-4098-9698-33f6627eb3bf}" />
      </MissingDependency>
      <MissingDependency>
        <Required key="1" type="60" displayName="Portal Contact" parentDisplayName="Contact" solution="AdxstudioPortalsDependencies (1.0.0031)" id="{3fb651a5-cdbf-46c9-87fb-d2c748662bb8}" />
        <Dependent key="1" type="60" displayName="Portal Contact" parentDisplayName="Contact" id="{3fb651a5-cdbf-46c9-87fb-d2c748662bb8}" />
      </MissingDependency>
      <MissingDependency>
        <Required key="4" type="60" displayName="Profile Web Form" parentDisplayName="Contact" solution="AdxstudioPortals (7.0.0060)" id="{0bd832d5-9d6a-456d-bdc1-21129e82cc0f}" />
        <Dependent key="4" type="60" displayName="Profile Web Form" parentDisplayName="Contact" id="{0bd832d5-9d6a-456d-bdc1-21129e82cc0f}" />
      </MissingDependency>
      <MissingDependency>
        <Required key="59" type="61" schemaName="Contact_main_system_library.js" displayName="Contact_main_system_library.js" solution="System" />
        <Dependent key="48" type="60" displayName="Household Member Web Form" parentDisplayName="Contact" id="{9f83af00-81e1-4c50-89e5-97ca50fbd261}" />
      </MissingDependency>
      <MissingDependency>
        <Required key="60" type="61" schemaName="Account_main_system_library.js" displayName="Account_main_system_library.js" solution="System" />
        <Dependent key="52" type="60" displayName="Household" parentDisplayName="Account" id="{892bd5e5-ba94-432c-b921-fcda8acfeca3}" />
      </MissingDependency>
      <MissingDependency>
        <Required key="61" type="61" schemaName="msdyn_/RecordWall.htm" displayName="msdyn_/RecordWall.htm" solution="ActivityFeedsCore (6.1.2.112)" />
        <Dependent key="58" type="60" displayName="Information" parentDisplayName="Account" id="{b053a39a-041a-4356-acef-ddf00182762b}" />
      </MissingDependency>
      <MissingDependency>
        <Required key="62" type="61" schemaName="msdyn_/ActivityFeeds.Form.js" displayName="msdyn_/ActivityFeeds.Form.js" solution="ActivityFeedsCore (6.1.2.112)" />
        <Dependent key="58" type="60" displayName="Information" parentDisplayName="Account" id="{b053a39a-041a-4356-acef-ddf00182762b}" />
      </MissingDependency>
      <MissingDependency>
        <Required key="60" type="61" schemaName="Account_main_system_library.js" displayName="Account_main_system_library.js" solution="System" />
        <Dependent key="50" type="60" displayName="Household Create Web Form" parentDisplayName="Account" id="{d87ebf07-6e63-433e-9407-8f13dc04f07a}" />
      </MissingDependency>
      <MissingDependency>
        <Required key="59" type="61" schemaName="Contact_main_system_library.js" displayName="Contact_main_system_library.js" solution="System" />
        <Dependent key="51" type="60" displayName="Personal Profile Web Form" parentDisplayName="Contact" id="{a2fd93ad-4837-4bde-9e2d-41cdd72cd73f}" />
      </MissingDependency>
      <MissingDependency>
        <Required key="62" type="61" schemaName="msdyn_/ActivityFeeds.Form.js" displayName="msdyn_/ActivityFeeds.Form.js" solution="ActivityFeedsCore (6.1.2.112)" />
        <Dependent key="57" type="60" displayName="Information" parentDisplayName="Contact" id="{894cc46a-b0cb-4ab0-8bf6-200544e46a2d}" />
      </MissingDependency>
      <MissingDependency>
        <Required key="59" type="61" schemaName="Contact_main_system_library.js" displayName="Contact_main_system_library.js" solution="System" />
        <Dependent key="1" type="60" displayName="Portal Contact" parentDisplayName="Contact" id="{3fb651a5-cdbf-46c9-87fb-d2c748662bb8}" />
      </MissingDependency>
      <MissingDependency>
        <Required key="59" type="61" schemaName="Contact_main_system_library.js" displayName="Contact_main_system_library.js" solution="System" />
        <Dependent key="54" type="60" displayName="Invite Web Form" parentDisplayName="Contact" id="{d6190b35-9474-4098-9698-33f6627eb3bf}" />
      </MissingDependency>
      <MissingDependency>
        <Required key="60" type="61" schemaName="Account_main_system_library.js" displayName="Account_main_system_library.js" solution="System" />
        <Dependent key="53" type="60" displayName="Household Summary Web Form" parentDisplayName="Account" id="{02ccdde1-068a-44f3-b64c-246a99efc249}" />
      </MissingDependency>
      <MissingDependency>
        <Required key="61" type="61" schemaName="msdyn_/RecordWall.htm" displayName="msdyn_/RecordWall.htm" solution="ActivityFeedsCore (6.1.2.112)" />
        <Dependent key="57" type="60" displayName="Information" parentDisplayName="Contact" id="{894cc46a-b0cb-4ab0-8bf6-200544e46a2d}" />
      </MissingDependency>
      <MissingDependency>
        <Required key="59" type="61" schemaName="Contact_main_system_library.js" displayName="Contact_main_system_library.js" solution="System" />
        <Dependent key="49" type="60" displayName="My Account Web Form" parentDisplayName="Contact" id="{02c97397-9532-4631-b5a2-09bc07c6f120}" />
      </MissingDependency>
    </MissingDependencies>
  </SolutionManifest>
</ImportExportXml>