﻿<?xml version="1.0" encoding="utf-8"?>
<ImportExportXml version="6.1.0002.0112" SolutionPackageVersion="6.0" languagecode="1033" generatedBy="OnPremise" xmlns:xsi="http://www.w3.org/2001/XMLSchema-instance">
  <SolutionManifest>
    <UniqueName>CaseSatisfactionSurvey</UniqueName>
    <LocalizedNames>
      <LocalizedName description="Case Satisfaction Survey" languagecode="1033" />
    </LocalizedNames>
    <Descriptions>
      <Description description="Custom Case Satisfaction Survey entity and components that can be utilized by Adxstudio Portals to produce a Web Form survey in response to a support case." languagecode="1033" />
    </Descriptions>
    <Version>7.0.0005</Version>
    <Managed>1</Managed>
    <Publisher>
      <UniqueName>adxstudio</UniqueName>
      <LocalizedNames>
        <LocalizedName description="Adxstudio Inc." languagecode="1033" />
      </LocalizedNames>
      <Descriptions>
        <Description description="Adxstudio brings qualified expertise in web portal and CMS frameworks to Microsoft Dynamics CRM with xRM Portals (CfMD), an integrated bundle of web portal accelerators which add sophisticated content management, event coordination, membership, profile and self-service capabilities to Dynamics CRM." languagecode="1033" />
      </Descriptions>
      <EMailAddress>support@adxstudio.com</EMailAddress>
      <SupportingWebsiteUrl>http://www.adxstudio.com</SupportingWebsiteUrl>
      <CustomizationPrefix>adx</CustomizationPrefix>
      <CustomizationOptionValuePrefix>75615</CustomizationOptionValuePrefix>
      <Addresses>
        <Address>
          <AddressNumber>1</AddressNumber>
          <AddressTypeCode>1</AddressTypeCode>
          <City xsi:nil="true"></City>
          <County xsi:nil="true"></County>
          <Country xsi:nil="true"></Country>
          <Fax xsi:nil="true"></Fax>
          <FreightTermsCode xsi:nil="true"></FreightTermsCode>
          <ImportSequenceNumber xsi:nil="true"></ImportSequenceNumber>
          <Latitude xsi:nil="true"></Latitude>
          <Line1 xsi:nil="true"></Line1>
          <Line2 xsi:nil="true"></Line2>
          <Line3 xsi:nil="true"></Line3>
          <Longitude xsi:nil="true"></Longitude>
          <Name xsi:nil="true"></Name>
          <PostalCode xsi:nil="true"></PostalCode>
          <PostOfficeBox xsi:nil="true"></PostOfficeBox>
          <PrimaryContactName xsi:nil="true"></PrimaryContactName>
          <ShippingMethodCode>1</ShippingMethodCode>
          <StateOrProvince xsi:nil="true"></StateOrProvince>
          <Telephone1 xsi:nil="true"></Telephone1>
          <Telephone2 xsi:nil="true"></Telephone2>
          <Telephone3 xsi:nil="true"></Telephone3>
          <TimeZoneRuleVersionNumber xsi:nil="true"></TimeZoneRuleVersionNumber>
          <UPSZone xsi:nil="true"></UPSZone>
          <UTCOffset xsi:nil="true"></UTCOffset>
          <UTCConversionTimeZoneCode xsi:nil="true"></UTCConversionTimeZoneCode>
        </Address>
        <Address>
          <AddressNumber>2</AddressNumber>
          <AddressTypeCode>1</AddressTypeCode>
          <City xsi:nil="true"></City>
          <County xsi:nil="true"></County>
          <Country xsi:nil="true"></Country>
          <Fax xsi:nil="true"></Fax>
          <FreightTermsCode xsi:nil="true"></FreightTermsCode>
          <ImportSequenceNumber xsi:nil="true"></ImportSequenceNumber>
          <Latitude xsi:nil="true"></Latitude>
          <Line1 xsi:nil="true"></Line1>
          <Line2 xsi:nil="true"></Line2>
          <Line3 xsi:nil="true"></Line3>
          <Longitude xsi:nil="true"></Longitude>
          <Name xsi:nil="true"></Name>
          <PostalCode xsi:nil="true"></PostalCode>
          <PostOfficeBox xsi:nil="true"></PostOfficeBox>
          <PrimaryContactName xsi:nil="true"></PrimaryContactName>
          <ShippingMethodCode>1</ShippingMethodCode>
          <StateOrProvince xsi:nil="true"></StateOrProvince>
          <Telephone1 xsi:nil="true"></Telephone1>
          <Telephone2 xsi:nil="true"></Telephone2>
          <Telephone3 xsi:nil="true"></Telephone3>
          <TimeZoneRuleVersionNumber xsi:nil="true"></TimeZoneRuleVersionNumber>
          <UPSZone xsi:nil="true"></UPSZone>
          <UTCOffset xsi:nil="true"></UTCOffset>
          <UTCConversionTimeZoneCode xsi:nil="true"></UTCConversionTimeZoneCode>
        </Address>
      </Addresses>
    </Publisher>
    <RootComponents>
      <RootComponent type="1" schemaName="adx_survey_casesatisfaction" />
      <RootComponent type="9" schemaName="adx_likertscaleagreement" />
      <RootComponent type="9" schemaName="adx_likertscalefrequency" />
      <RootComponent type="9" schemaName="adx_likertscaleimportance" />
      <RootComponent type="9" schemaName="adx_likertscalelikelihood" />
      <RootComponent type="9" schemaName="adx_likertscalequality" />
      <RootComponent type="9" schemaName="adx_likertscalesatisfaction" />
      <RootComponent type="29" id="{2674db86-9bae-4ce5-ab60-43a62d707359}" />
      <RootComponent type="29" id="{315536a2-d9cb-4ecb-8c21-a5fb9935bec7}" />
      <RootComponent type="61" schemaName="adx_survey_icon_16.png" />
      <RootComponent type="61" schemaName="adx_survey_icon_32.png" />
      <RootComponent type="62" />
    </RootComponents>
    <MissingDependencies>
      <MissingDependency>
        <Required key="2" type="1" schemaName="adx_identifierrequest" displayName="Identifier Request" solution="AdxstudioCRM2011ProductivityPack (1.0.0032)" />
        <Dependent key="3" type="29" displayName="Case Satisfaction Survey Invitations" id="{315536a2-d9cb-4ecb-8c21-a5fb9935bec7}" />
      </MissingDependency>
      <MissingDependency>
        <Required key="4" type="2" schemaName="adx_guid" displayName="ID" parentSchemaName="adx_identifierrequest" parentDisplayName="Identifier Request" solution="AdxstudioCRM2011ProductivityPack (1.0.0032)" />
        <Dependent key="3" type="29" displayName="Case Satisfaction Survey Invitations" id="{315536a2-d9cb-4ecb-8c21-a5fb9935bec7}" />
      </MissingDependency>
      <MissingDependency>
        <Required key="5" type="2" schemaName="regardingobjectid" displayName="Regarding" parentSchemaName="adx_identifierrequest" parentDisplayName="Identifier Request" solution="Active" />
        <Dependent key="3" type="29" displayName="Case Satisfaction Survey Invitations" id="{315536a2-d9cb-4ecb-8c21-a5fb9935bec7}" />
      </MissingDependency>
      <MissingDependency>
        <Required key="6" type="2" schemaName="subject" displayName="Subject" parentSchemaName="adx_identifierrequest" parentDisplayName="Identifier Request" solution="AdxstudioCRM2011ProductivityPack (1.0.0032)" />
        <Dependent key="3" type="29" displayName="Case Satisfaction Survey Invitations" id="{315536a2-d9cb-4ecb-8c21-a5fb9935bec7}" />
      </MissingDependency>
      <MissingDependency>
        <Required key="7" type="2" schemaName="activityid" displayName="Activity" parentSchemaName="adx_identifierrequest" parentDisplayName="Identifier Request" solution="Active" />
        <Dependent key="3" type="29" displayName="Case Satisfaction Survey Invitations" id="{315536a2-d9cb-4ecb-8c21-a5fb9935bec7}" />
      </MissingDependency>
      <MissingDependency>
        <Required key="8" type="2" schemaName="prioritycode" displayName="Priority" parentSchemaName="adx_identifierrequest" parentDisplayName="Identifier Request" solution="AdxstudioCRM2011ProductivityPack (1.0.0032)" />
        <Dependent key="3" type="29" displayName="Case Satisfaction Survey Invitations" id="{315536a2-d9cb-4ecb-8c21-a5fb9935bec7}" />
      </MissingDependency>
      <MissingDependency>
        <Required key="9" type="1" schemaName="incident" displayName="Case" solution="System" />
        <Dependent key="10" type="10" schemaName="adx_survey_casesatisfaction_case" displayName="adx_survey_casesatisfaction_case" parentSchemaName="adx_survey_casesatisfaction" parentDisplayName="Case Satisfaction Survey" />
      </MissingDependency>
      <MissingDependency>
        <Required key="11" type="20" displayName="System Customizer" solution="System" id="{6de33915-e33c-e311-93f9-00155d03a503}" parentId="{119f245c-3cc8-4b62-b31c-d1a046ced15d}" />
        <Dependent key="12" type="60" displayName="Web Form" parentDisplayName="Case Satisfaction Survey" id="{c1fa55c6-c5c4-4b2a-97ff-706e3191e33b}" />
      </MissingDependency>
      <MissingDependency>
        <Required key="11" type="20" displayName="System Customizer" solution="System" id="{6de33915-e33c-e311-93f9-00155d03a503}" parentId="{119f245c-3cc8-4b62-b31c-d1a046ced15d}" />
        <Dependent key="13" type="60" displayName="Survey Web Form" parentDisplayName="Case Satisfaction Survey" id="{3847ec62-c903-4dc0-a429-64ce622be6b1}" />
      </MissingDependency>
      <MissingDependency>
        <Required key="14" type="26" schemaName="Case Lookup View" displayName="Case Lookup View" parentSchemaName="incident" parentDisplayName="Case" solution="System" id="{9ac51863-58c7-49a0-adcc-afd9a4c3ee59}" />
        <Dependent key="12" type="60" displayName="Web Form" parentDisplayName="Case Satisfaction Survey" id="{c1fa55c6-c5c4-4b2a-97ff-706e3191e33b}" />
      </MissingDependency>
      <MissingDependency>
        <Required key="14" type="26" schemaName="Case Lookup View" displayName="Case Lookup View" parentSchemaName="incident" parentDisplayName="Case" solution="System" id="{9ac51863-58c7-49a0-adcc-afd9a4c3ee59}" />
        <Dependent key="13" type="60" displayName="Survey Web Form" parentDisplayName="Case Satisfaction Survey" id="{3847ec62-c903-4dc0-a429-64ce622be6b1}" />
      </MissingDependency>
    </MissingDependencies>
  </SolutionManifest>
</ImportExportXml>